メーカー,型番,商品名,対応号数,外寸,高さ_cm,内径_cm,深さ_cm,素材,カラー,底穴,上代_税抜,WEBカタログURL,,,,,,,
グリーンポット,AN-AC2021RU,エイジング コニック ラスティー 20cm,ー,φ200×H215,20.3,18.6,,コンクリート,,あり,3200,https://my.ebook5.net/greenpot/catalog/,,,,,,,
グリーンポット,AN-AC2426RU,エイジング コニック ラスティー 24cm,ー,φ240×H260,25.0,22.6,,コンクリート,,あり,4500,https://my.ebook5.net/greenpot/catalog/,,,,,,,
グリーンポット,AN-AR1815RU,エイジング ラウンド ラスティー 18cm,ー,φ180×H150,14.0,17.0,,コンクリート,,あり,2400,https://my.ebook5.net/greenpot/catalog/,,,,,,,
グリーンポット,AN-AR2218RU,エイジング ラウンド ラスティー 22cm,ー,φ220×H185,17.5,21.0,,コンクリート,,あり,3600,https://my.ebook5.net/greenpot/catalog/,,,,,,,
グリーンポット,AN-AS2014RU,エイジング シャロー ラスティー 20cm,ー,φ200×H140,12.7,18.7,,コンクリート,,あり,2200,https://my.ebook5.net/greenpot/catalog/,,,,,,,
グリーンポット,AN-AS2416RU,エイジング シャロー ラスティー 24cm,ー,φ240×H165,15.3,22.8,,コンクリート,,あり,3400,https://my.ebook5.net/greenpot/catalog/,,,,,,,
グリーンポット,AN-AT2428RU,エイジング トール ラスティー 24cm,ー,φ240×H285,27.0,22.8,,コンクリート,,あり,5200,https://my.ebook5.net/greenpot/catalog/,,,,,,,
グリーンポット,AN-BR3128BW,ベルベット ラウンド ベージュウォッシュ 31cm,7号,φ310×H290,28.0,24.0,,ファイバーセメント,ベージュウォッシュ,あり,7800,https://my.ebook5.net/greenpot/catalog/,,,,,,,
グリーンポット,AN-BR3128GW,ベルベット ラウンド グレーウォッシュ 31cm,7号,φ310×H290,28.0,24.0,,ファイバーセメント,グレーウォッシュ,あり,7800,https://my.ebook5.net/greenpot/catalog/,,,,,,,
グリーンポット,AN-BR4238BW,ベルベット ラウンド ベージュウォッシュ 42cm,9号,φ420×H390,38.0,33.0,,ファイバーセメント,ベージュウォッシュ,あり,14500,https://my.ebook5.net/greenpot/catalog/,,,,,,,
グリーンポット,AN-BR4238GW,ベルベット ラウンド グレーウォッシュ 42cm,9号,φ420×H390,38.0,33.0,,ファイバーセメント,グレーウォッシュ,あり,14500,https://my.ebook5.net/greenpot/catalog/,,,,,,,
グリーンポット,AN-BU3331BW,ベルベット Uポット ベージュウォッシュ 33cm,8号,φ330×H310,30.0,28.0,,ファイバーセメント,ベージュウォッシュ,あり,8800,https://my.ebook5.net/greenpot/catalog/,,,,,,,
グリーンポット,AN-BU3331GW,ベルベット Uポット グレーウォッシュ 33cm,8号,φ330×H310,30.0,28.0,,ファイバーセメント,グレーウォッシュ,あり,8800,https://my.ebook5.net/greenpot/catalog/,,,,,,,
グリーンポット,AN-BU4044BW,ベルベット Uポット ベージュウォッシュ 40cm,10号,φ400×H440,43.0,34.0,,ファイバーセメント,ベージュウォッシュ,あり,16500,https://my.ebook5.net/greenpot/catalog/,,,,,,,
グリーンポット,AN-BU4044GW,ベルベット Uポット グレーウォッシュ 40cm,10号,φ400×H440,43.0,34.0,,ファイバーセメント,グレーウォッシュ,あり,16500,https://my.ebook5.net/greenpot/catalog/,,,,,,,
グリーンポット,AN-CC3030SB,コーディル シリンダー ブラック 30cm,8号,φ300×H300,28.0,25.0,,コンクリート,ブラック　,あり,8500,https://my.ebook5.net/greenpot/catalog/,,,,,,,
グリーンポット,AN-CC3030SC,コーディル シリンダー グレー 30cm,8号,φ300×H300,28.0,25.0,,コンクリート,グレー,あり,8500,https://my.ebook5.net/greenpot/catalog/,,,,,,,
グリーンポット,AN-CC3939SB,コーディル シリンダー ブラック 39cm,10号,φ390×H390,37.0,33.5,,コンクリート,ブラック　,あり,16500,https://my.ebook5.net/greenpot/catalog/,,,,,,,
グリーンポット,AN-CC3939SC,コーディル シリンダー グレー 39cm,10号,φ390×H390,37.0,33.5,,コンクリート,グレー,あり,16500,https://my.ebook5.net/greenpot/catalog/,,,,,,,
グリーンポット,AN-CU3733SB,コーディル Uポット ブラック 37cm,8号,φ370×H330,32.0,32.0,,コンクリート,ブラック　,あり,10000,https://my.ebook5.net/greenpot/catalog/,,,,,,,
グリーンポット,AN-CU3733SC,コーディル Uポット グレー 37cm,8号,φ370×H330,32.0,32.0,,コンクリート,グレー,あり,10000,https://my.ebook5.net/greenpot/catalog/,,,,,,,
グリーンポット,AN-CU4641SB,コーディル Uポット ブラック 46cm,10号,φ460×H410,39.5,40.0,,コンクリート,ブラック　,あり,18500,https://my.ebook5.net/greenpot/catalog/,,,,,,,
グリーンポット,AN-CU4641SC,コーディル Uポット グレー 46cm,10号,φ460×H410,39.5,40.0,,コンクリート,グレー,あり,18500,https://my.ebook5.net/greenpot/catalog/,,,,,,,
グリーンポット,AN-NC3027WH,ノード コニック 30cm,8号,φ300×H270,26.0,26.0,,ファイバーセメント,,あり,7500,https://my.ebook5.net/greenpot/catalog/,,,,,,,
グリーンポット,AN-NC4136WH,ノード コニック 41cm,10号,φ410×H350,34.0,36.0,,ファイバーセメント,,あり,13500,https://my.ebook5.net/greenpot/catalog/,,,,,,,
グリーンポット,AN-NC5040WH,ノード コニック 50cm,ー,φ500×H400,38.0,43.0,,ファイバーセメント,,あり,20000,https://my.ebook5.net/greenpot/catalog/,,,,,,,
グリーンポット,AN-NE2521WH,ノード エッグ 25cm,ー,φ250×H210,20.0,20.0,,ファイバーセメント,,あり,3800,https://my.ebook5.net/greenpot/catalog/,,,,,,,
グリーンポット,AN-NE3227WH,ノード エッグ 32cm,8号,φ310×H270,26.0,27.0,,ファイバーセメント,,あり,6800,https://my.ebook5.net/greenpot/catalog/,,,,,,,
グリーンポット,AN-NR2926WH,ノード ラウンド 29cm,7号,φ280×H260,25.0,27.0,,ファイバーセメント,,あり,7500,https://my.ebook5.net/greenpot/catalog/,,,,,,,
グリーンポット,AN-NR4036WH,ノード ラウンド 40cm,9号,φ400×H360,35.0,31.0,,ファイバーセメント,,あり,14500,https://my.ebook5.net/greenpot/catalog/,,,,,,,
グリーンポット,AN-PB4538BK,オプティマス ベース ブラック 45cm,10号,φ450×H380,37.0,36.0,,ポリストーンライト,ブラック,あり,26500,https://my.ebook5.net/greenpot/catalog/,,,,,,,
グリーンポット,AN-PB4538CE,オプティマス ベース セメント 45cm,10号,φ450×H380,37.0,36.0,,ポリストーンライト,セメント,あり,26500,https://my.ebook5.net/greenpot/catalog/,,,,,,,
グリーンポット,AN-PB4538GY,オプティマス ベース グレー 45cm,10号,φ450×H380,37.0,36.0,,ポリストーンライト,グレー,あり,26500,https://my.ebook5.net/greenpot/catalog/,,,,,,,
グリーンポット,AN-PB5546BK,オプティマス ベース ブラック 55cm,ー,φ550×H460,45.0,45.0,,ポリストーンライト,ブラック,あり,45000,https://my.ebook5.net/greenpot/catalog/,,,,,,,
グリーンポット,AN-PB5546CE,オプティマス ベース セメント 55cm,ー,φ550×H460,45.0,45.0,,ポリストーンライト,セメント,あり,45000,https://my.ebook5.net/greenpot/catalog/,,,,,,,
グリーンポット,AN-PB5546GY,オプティマス ベース グレー 55cm,ー,φ550×H460,45.0,45.0,,ポリストーンライト,グレー,あり,45000,https://my.ebook5.net/greenpot/catalog/,,,,,,,
グリーンポット,AN-PC4035BR,ポリッシュ コニック ブラウン 40cm,9号,φ400×H350,34.5,36.0,,ポリストーン,ブラウン,なし,13000,https://my.ebook5.net/greenpot/catalog/,,,,,,,
グリーンポット,AN-PC4035CH,ポリッシュ コニック チャコール 40cm,9号,φ400×H350,34.5,36.0,,ポリストーン,チャコール,なし,13000,https://my.ebook5.net/greenpot/catalog/,,,,,,,
グリーンポット,AN-PC4035CR,ポリッシュ コニック クリーム 40cm,9号,φ400×H350,34.5,36.0,,ポリストーン,クリーム,なし,13000,https://my.ebook5.net/greenpot/catalog/,,,,,,,
グリーンポット,AN-PC5040BR,ポリッシュ コニック ブラウン 50cm,10号,φ500×H395,39.0,46.0,,ポリストーン,チャコール,なし,18000,https://my.ebook5.net/greenpot/catalog/,,,,,,,
グリーンポット,AN-PC5040CH,ポリッシュ コニック チャコール 50cm,10号,φ500×H395,39.0,46.0,,ポリストーン,チャコール,なし,18000,https://my.ebook5.net/greenpot/catalog/,,,,,,,
グリーンポット,AN-PC5040CR,ポリッシュ コニック クリーム 50cm,10号,φ500×H395,39.0,46.0,,ポリストーン,クリーム,なし,18000,https://my.ebook5.net/greenpot/catalog/,,,,,,,
グリーンポット,AN-PU3531BK,オプティマス Uポット ブラック 35cm,8号,φ350×H310,30.0,31.0,,ポリストーンライト,ブラック,あり,14000,https://my.ebook5.net/greenpot/catalog/,,,,,,,
グリーンポット,AN-PU3531CE,オプティマス Uポット セメント 35cm,8号,φ350×H310,30.0,31.0,,ポリストーンライト,セメント,あり,14000,https://my.ebook5.net/greenpot/catalog/,,,,,,,
グリーンポット,AN-PU3531GY,オプティマス Uポット グレー 35cm,8号,φ350×H310,30.0,31.0,,ポリストーンライト,グレー,あり,14000,https://my.ebook5.net/greenpot/catalog/,,,,,,,
グリーンポット,AN-PU4237BK,オプティマス Uポット ブラック 42cm,10号,φ420×H370,36.0,37.5,,ポリストーンライト,ブラック,あり,22000,https://my.ebook5.net/greenpot/catalog/,,,,,,,
グリーンポット,AN-PU4237CE,オプティマス Uポット セメント 42cm,10号,φ420×H370,36.0,37.5,,ポリストーンライト,セメント,あり,22000,https://my.ebook5.net/greenpot/catalog/,,,,,,,
グリーンポット,AN-PU4237GY,オプティマス Uポット グレー 42cm,10号,φ420×H370,36.0,37.5,,ポリストーンライト,グレー,あり,22000,https://my.ebook5.net/greenpot/catalog/,,,,,,,
グリーンポット,AN-PY4343BR,ポリッシュ シリンダー ブラウン 43cm,10号,φ430×H425,42.0,39.0,,ポリストーン,ブラウン,なし,19000,https://my.ebook5.net/greenpot/catalog/,,,,,,,
グリーンポット,AN-PY4343CH,ポリッシュ シリンダー チャコール 43cm,10号,φ430×H425,42.0,39.0,,ポリストーン,チャコール,なし,19000,https://my.ebook5.net/greenpot/catalog/,,,,,,,
グリーンポット,AN-PY4343CR,ポリッシュ シリンダー クリーム 43cm,10号,φ430×H425,42.0,39.0,,ポリストーン,クリーム,なし,19000,https://my.ebook5.net/greenpot/catalog/,,,,,,,
グリーンポット,AN-RR3329BR,ロッカー ラウンド ブラウン 33cm,8号,φ330×H290,27.0,29.0,,ファイバーセメント,ブラウン,あり,10800,https://my.ebook5.net/greenpot/catalog/,,,,,,,
グリーンポット,AN-RR3329WH,ロッカー ラウンド ホワイト 33cm,8号,φ330×H290,27.0,29.0,,ファイバーセメント,ホワイト,あり,10800,https://my.ebook5.net/greenpot/catalog/,,,,,,,
グリーンポット,AN-RR4236BR,ロッカー ラウンド ブラウン 42cm,10号,φ420×H350,34.0,38.0,,ファイバーセメント,ブラウン,あり,16000,https://my.ebook5.net/greenpot/catalog/,,,,,,,
グリーンポット,AN-RR4236WH,ロッカー ラウンド ホワイト 42cm,10号,φ420×H350,34.0,38.0,,ファイバーセメント,ホワイト,あり,16000,https://my.ebook5.net/greenpot/catalog/,,,,,,,
グリーンポット,AN-RU3331BR,ロッカー Uポット ブラウン 33cm,8号,φ330×H310,30.0,28.0,,ファイバーセメント,ブラウン,あり,12500,https://my.ebook5.net/greenpot/catalog/,,,,,,,
グリーンポット,AN-RU3331WH,ロッカー Uポット ホワイト 33cm,8号,φ330×H310,30.0,28.0,,ファイバーセメント,ホワイト,あり,12500,https://my.ebook5.net/greenpot/catalog/,,,,,,,
グリーンポット,AN-RU4043BR,ロッカー Uポット ブラウン 40cm,10号,φ400×H435,41.5,36.0,,ファイバーセメント,ブラウン,あり,23000,https://my.ebook5.net/greenpot/catalog/,,,,,,,
グリーンポット,AN-RU4043WH,ロッカー Uポット ホワイト 40cm,10号,φ400×H435,41.5,36.0,,ファイバーセメント,ホワイト,あり,23000,https://my.ebook5.net/greenpot/catalog/,,,,,,,
グリーンポット,AN-RU5556BR,ロッカー Uポット ブラウン 55cm,ー,φ550×H565,53.5,51.5,,ファイバーセメント,ブラウン,あり,45000,https://my.ebook5.net/greenpot/catalog/,,,,,,,
グリーンポット,AN-RU5556WH,ロッカー Uポット ホワイト 55cm,ー,φ550×H565,53.5,51.5,,ファイバーセメント,ホワイト,あり,45000,https://my.ebook5.net/greenpot/catalog/,,,,,,,
グリーンポット,AN-SA3329RC,スタウト アッシュ ラウンド 33cm,8号,φ330×H290,28.0,29.0,,コンクリート,,あり,7500,https://my.ebook5.net/greenpot/catalog/,,,,,,,
グリーンポット,AN-SA3645RC,スタウト アッシュ ミドル 36cm,8号,φ360×H450,44.0,32.0,,コンクリート,,あり,14000,https://my.ebook5.net/greenpot/catalog/,,,,,,,
グリーンポット,AN-SA4236RC,スタウト アッシュ ラウンド 42cm,10号,φ420×H360,35.0,35.5,,コンクリート,,あり,13000,https://my.ebook5.net/greenpot/catalog/,,,,,,,
グリーンポット,AN-SA4655RC,スタウト アッシュ ミドル 46cm,10号,φ460×H560,55.0,40.0,,コンクリート,,あり,24000,https://my.ebook5.net/greenpot/catalog/,,,,,,,
グリーンポット,AN-SA5044RC,スタウト アッシュ ラウンド 50cm,ー,φ500×H440,43.0,44.0,,コンクリート,,あり,21000,https://my.ebook5.net/greenpot/catalog/,,,,,,,
グリーンポット,AS-00113BE,アートストーン ラウンド ベージュ 13cm,ー,φ130×H120,9.5,12.2,,ポリプロピレン+石,ベージュ,あり,580,https://my.ebook5.net/greenpot/catalog/,,,,,,,
グリーンポット,AS-00113BK,アートストーン ラウンド ブラック 13cm,ー,φ130×H120,9.5,12.2,,ポリプロピレン+石,ブラック,あり,580,https://my.ebook5.net/greenpot/catalog/,,,,,,,
グリーンポット,AS-00113GY,アートストーン ラウンド グレー 13cm,ー,φ130×H120,9.5,12.2,,ポリプロピレン+石,グレー,あり,580,https://my.ebook5.net/greenpot/catalog/,,,,,,,
グリーンポット,AS-00211BE,アートストーン ラウンドソーサー ベージュ 11cm,ー,φ106×H15,1.2,10.2,,ポリプロピレン+石,ベージュ,なし,220,https://my.ebook5.net/greenpot/catalog/,,,,,,,
グリーンポット,AS-00211BK,アートストーン ラウンドソーサー ブラック 11cm,ー,φ106×H15,1.2,10.2,,ポリプロピレン+石,ブラック,なし,220,https://my.ebook5.net/greenpot/catalog/,,,,,,,
グリーンポット,AS-00211GY,アートストーン ラウンドソーサー グレー 11cm,ー,φ106×H15,1.2,10.2,,ポリプロピレン+石,グレー,なし,220,https://my.ebook5.net/greenpot/catalog/,,,,,,,
グリーンポット,AS-00212BE,アートストーン ラウンドソーサー ベージュ 12cm,ー,φ118×H18,1.5,11.4,,ポリプロピレン+石,ベージュ,なし,250,https://my.ebook5.net/greenpot/catalog/,,,,,,,
グリーンポット,AS-00212BK,アートストーン ラウンドソーサー ブラック 12cm,ー,φ118×H18,1.5,11.4,,ポリプロピレン+石,ブラック,なし,250,https://my.ebook5.net/greenpot/catalog/,,,,,,,
グリーンポット,AS-00212GY,アートストーン ラウンドソーサー グレー 12cm,ー,φ118×H18,1.5,11.4,,ポリプロピレン+石,グレー,なし,250,https://my.ebook5.net/greenpot/catalog/,,,,,,,
グリーンポット,AS-00314BE,アートストーン トールラウンド ベージュ 14x26cm,ー,φ140×H260,20.0,12.5,,ポリプロピレン+石,ベージュ,あり,1400,https://my.ebook5.net/greenpot/catalog/,,,,,,,
グリーンポット,AS-00314BK,アートストーン トールラウンド ブラック 14x26cm,ー,φ140×H260,20.0,12.5,,ポリプロピレン+石,ブラック,あり,1400,https://my.ebook5.net/greenpot/catalog/,,,,,,,
グリーンポット,AS-00314GY,アートストーン トールラウンド グレー 14x26cm,ー,φ140×H260,20.0,12.5,,ポリプロピレン+石,グレー,あり,1400,https://my.ebook5.net/greenpot/catalog/,,,,,,,
グリーンポット,AS-00319BE,アートストーン トールラウンド ベージュ 19x35cm,ー,φ190×H350,28.5,17.5,,ポリプロピレン+石,ベージュ,あり,2800,https://my.ebook5.net/greenpot/catalog/,,,,,,,
グリーンポット,AS-00319BK,アートストーン トールラウンド ブラック 19x35cm,ー,φ190×H350,28.5,17.5,,ポリプロピレン+石,ブラック,あり,2800,https://my.ebook5.net/greenpot/catalog/,,,,,,,
グリーンポット,AS-00319GY,アートストーン トールラウンド グレー 19x35cm,ー,φ190×H350,28.5,17.5,,ポリプロピレン+石,グレー,あり,2800,https://my.ebook5.net/greenpot/catalog/,,,,,,,
グリーンポット,AS-01038BE,アートストーン ラウンドプランター ベージュ 38x16x17cm,ー,W380×D160×H170,13.6,36.7,14.7,ポリプロピレン+石,ベージュ,あり,2500,https://my.ebook5.net/greenpot/catalog/,,,,,,,
グリーンポット,AS-01038BK,アートストーン ラウンドプランター ブラック 38x16x17cm,ー,W380×D160×H170,13.6,36.7,14.7,ポリプロピレン+石,ブラック,あり,2500,https://my.ebook5.net/greenpot/catalog/,,,,,,,
グリーンポット,AS-01038GY,アートストーン ラウンドプランター グレー 38x16x17cm,ー,W380×D160×H170,13.6,36.7,14.7,ポリプロピレン+石,グレー,あり,2500,https://my.ebook5.net/greenpot/catalog/,,,,,,,
グリーンポット,AS-01137BE,アートストーン スクエアープランター ベージュ 37x17x17cm,ー,W360×D170×H170,11.8,35.0,15.0,ポリプロピレン+石,ベージュ,あり,2800,https://my.ebook5.net/greenpot/catalog/,,,,,,,
グリーンポット,AS-01137BK,アートストーン スクエアープランター ブラック 37x17x17cm,ー,W360×D170×H170,11.8,35.0,15.0,ポリプロピレン+石,ブラック,あり,2800,https://my.ebook5.net/greenpot/catalog/,,,,,,,
グリーンポット,AS-01137GY,アートストーン スクエアープランター グレー 37x17x17cm,ー,W360×D170×H170,11.8,35.0,15.0,ポリプロピレン+石,グレー,あり,2800,https://my.ebook5.net/greenpot/catalog/,,,,,,,
グリーンポット,AS-102150,アートストーン ラウンド グレー 17cm,ー,φ160×H150,12.5,15.0,,ポリプロピレン+石,グレー　　艶無,あり,850,https://my.ebook5.net/greenpot/catalog/,,,,,,,
グリーンポット,AS-102151,アートストーン ラウンド グレー 22cm,ー,φ215×H200,17.0,20.0,,ポリプロピレン+石,グレー　　艶無,あり,1500,https://my.ebook5.net/greenpot/catalog/,,,,,,,
グリーンポット,AS-102152,アートストーン ラウンド グレー 27cm,ー,φ265×H240,21.0,25.0,,ポリプロピレン+石,グレー　　艶無,あり,2500,https://my.ebook5.net/greenpot/catalog/,,,,,,,
グリーンポット,AS-102153,アートストーン ラウンド グレー 32cm,8号,φ320×H290,25.5,30.0,,ポリプロピレン+石,グレー　　艶無,あり,3500,https://my.ebook5.net/greenpot/catalog/,,,,,,,
グリーンポット,AS-102154,アートストーン ラウンド グレー 37cm,9号,φ370×H340,29.0,35.5,,ポリプロピレン+石,グレー　　艶無,あり,5600,https://my.ebook5.net/greenpot/catalog/,,,,,,,
グリーンポット,AS-102155,アートストーン ラウンド グレー 43cm,10号,φ430×H390,33.0,40.5,,ポリプロピレン+石,グレー　　艶無,あり,8600,https://my.ebook5.net/greenpot/catalog/,,,,,,,
グリーンポット,AS-102160,アートストーン ラウンド ブラック 17cm,ー,φ160×H150,12.5,15.0,,ポリプロピレン+石,ブラック　艶無,あり,850,https://my.ebook5.net/greenpot/catalog/,,,,,,,
グリーンポット,AS-102161,アートストーン ラウンド ブラック 22cm,ー,φ215×H200,17.0,20.0,,ポリプロピレン+石,ブラック　艶無,あり,1500,https://my.ebook5.net/greenpot/catalog/,,,,,,,
グリーンポット,AS-102162,アートストーン ラウンド ブラック 27cm,ー,φ265×H240,21.0,25.0,,ポリプロピレン+石,ブラック　艶無,あり,2500,https://my.ebook5.net/greenpot/catalog/,,,,,,,
グリーンポット,AS-102163,アートストーン ラウンド ブラック 32cm,8号,φ320×H290,25.5,30.0,,ポリプロピレン+石,ブラック　艶無,あり,3500,https://my.ebook5.net/greenpot/catalog/,,,,,,,
グリーンポット,AS-102164,アートストーン ラウンド ブラック 37cm,9号,φ370×H340,29.0,35.5,,ポリプロピレン+石,ブラック　艶無,あり,5600,https://my.ebook5.net/greenpot/catalog/,,,,,,,
グリーンポット,AS-102165,アートストーン ラウンド ブラック 43cm,10号,φ430×H390,33.0,40.5,,ポリプロピレン+石,ブラック　艶無,あり,8600,https://my.ebook5.net/greenpot/catalog/,,,,,,,
グリーンポット,AS-107821,アートストーン トールスクエアー ブラツク 26xH49,ー,W260×D260×H490,40.0,24.0,24.0,ポリプロピレン+石,ブラック　艶無,あり,9000,https://my.ebook5.net/greenpot/catalog/,,,,,,,
グリーンポット,AS-107831,アートストーン トールスクエアー グレー 26xH49,ー,W260×D260×H490,40.0,24.0,24.0,ポリプロピレン+石,グレー　　艶無,あり,9000,https://my.ebook5.net/greenpot/catalog/,,,,,,,
グリーンポット,AS-110901,アートストーン トールスクエアー ベージュ 26xH49,ー,W260×D260×H490,40.0,24.0,24.0,ポリプロピレン+石,ベージュ　艶無,あり,9000,https://my.ebook5.net/greenpot/catalog/,,,,,,,
グリーンポット,AS-110906,アートストーン ラウンド ベージュ 17cm,ー,φ160×H150,12.5,15.0,,ポリプロピレン+石,ベージュ　艶無,あり,850,https://my.ebook5.net/greenpot/catalog/,,,,,,,
グリーンポット,AS-110907,アートストーン ラウンド ベージュ 22cm,ー,φ215×H200,17.0,20.0,,ポリプロピレン+石,ベージュ　艶無,あり,1500,https://my.ebook5.net/greenpot/catalog/,,,,,,,
グリーンポット,AS-110908,アートストーン ラウンド ベージュ 27cm,ー,φ265×H240,21.0,25.0,,ポリプロピレン+石,ベージュ　艶無,あり,2500,https://my.ebook5.net/greenpot/catalog/,,,,,,,
グリーンポット,AS-110909,アートストーン ラウンド ベージュ 32cm,8号,φ320×H290,25.5,30.0,,ポリプロピレン+石,ベージュ　艶無,あり,3500,https://my.ebook5.net/greenpot/catalog/,,,,,,,
グリーンポット,AS-110910,アートストーン ラウンド ベーシュ 37cm,9号,φ370×H340,29.0,35.5,,ポリプロピレン+石,ベージュ　艶無,あり,5600,https://my.ebook5.net/greenpot/catalog/,,,,,,,
グリーンポット,AS-110911,アートストーン ラウンド ベーシュ 43cm,10号,φ430×H390,33.0,40.5,,ポリプロピレン+石,ベージュ　艶無,あり,8600,https://my.ebook5.net/greenpot/catalog/,,,,,,,
グリーンポット,AS-120103,アートストーン トールラウンド グレー 28x49cm,ー,φ280×H490,40.0,26.5,,ポリプロピレン+石,グレー　　艶無,あり,8300,https://my.ebook5.net/greenpot/catalog/,,,,,,,
グリーンポット,AS-120108,アートストーン トールラウンド ブラック 28x49cm,ー,φ280×H490,40.0,26.5,,ポリプロピレン+石,ブラック　艶無,あり,8300,https://my.ebook5.net/greenpot/catalog/,,,,,,,
グリーンポット,AS-120123,アートストーン トールラウンド ベージュ 28x49cm,ー,φ280×H490,40.0,26.5,,ポリプロピレン+石,ベージュ　艶無,あり,8300,https://my.ebook5.net/greenpot/catalog/,,,,,,,
グリーンポット,AS-120185,アートストーン ラウンドソーサー ブラック 14cm,ー,φ135×H20,1.7,13.0,,ポリプロピレン+石,ブラック　艶無,なし,300,https://my.ebook5.net/greenpot/catalog/,,,,,,,
グリーンポット,AS-120186,アートストーン ラウンドソーサー ブラック 18cm,ー,φ175×H25,2.0,17.0,,ポリプロピレン+石,ブラック　艶無,なし,400,https://my.ebook5.net/greenpot/catalog/,,,,,,,
グリーンポット,AS-120187,アートストーン ラウンドソーサー ブラック 22cm,ー,φ215×H30,2.5,21.0,,ポリプロピレン+石,ブラック　艶無,なし,600,https://my.ebook5.net/greenpot/catalog/,,,,,,,
グリーンポット,AS-120188,アートストーン ラウンドソーサー ブラック 26cm,ー,φ255×H35,3.0,25.0,,ポリプロピレン+石,ブラック　艶無,なし,800,https://my.ebook5.net/greenpot/catalog/,,,,,,,
グリーンポット,AS-120189,アートストーン ラウンドソーサー ブラック 30cm,ー,φ295×H40,3.6,29.0,,ポリプロピレン+石,ブラック　艶無,なし,1150,https://my.ebook5.net/greenpot/catalog/,,,,,,,
グリーンポット,AS-120190,アートストーン ラウンドソーサー ブラック 32cm,ー,φ315×H44,4.0,31.0,,ポリプロピレン+石,ブラック　艶無,なし,1400,https://my.ebook5.net/greenpot/catalog/,,,,,,,
グリーンポット,AS-120195,アートストーン ラウンドソーサー グレー 14cm,ー,φ135×H20,1.7,13.0,,ポリプロピレン+石,グレー　　艶無,なし,300,https://my.ebook5.net/greenpot/catalog/,,,,,,,
グリーンポット,AS-120196,アートストーン ラウンドソーサー グレー 18cm,ー,φ175×H25,2.0,17.0,,ポリプロピレン+石,グレー　　艶無,なし,400,https://my.ebook5.net/greenpot/catalog/,,,,,,,
グリーンポット,AS-120197,アートストーン ラウンドソーサー グレー 22cm,ー,φ215×H30,2.5,21.0,,ポリプロピレン+石,グレー　　艶無,なし,600,https://my.ebook5.net/greenpot/catalog/,,,,,,,
グリーンポット,AS-120198,アートストーン ラウンドソーサー グレー 26cm,ー,φ255×H35,3.0,25.0,,ポリプロピレン+石,グレー　　艶無,なし,800,https://my.ebook5.net/greenpot/catalog/,,,,,,,
グリーンポット,AS-120199,アートストーン ラウンドソーサー グレー 30cm,ー,φ295×H40,3.6,29.0,,ポリプロピレン+石,グレー　　艶無,なし,1150,https://my.ebook5.net/greenpot/catalog/,,,,,,,
グリーンポット,AS-120200,アートストーン ラウンドソーサー グレー 32cm,ー,φ315×H44,4.0,31.0,,ポリプロピレン+石,グレー　　艶無,なし,1400,https://my.ebook5.net/greenpot/catalog/,,,,,,,
グリーンポット,AS-120225,アートストーン ラウンドソーサー ベージュ 14cm,ー,φ135×H20,1.7,13.0,,ポリプロピレン+石,ベージュ　艶無,なし,300,https://my.ebook5.net/greenpot/catalog/,,,,,,,
グリーンポット,AS-120226,アートストーン ラウンドソーサー ベージュ 18cm,ー,φ175×H25,2.0,17.0,,ポリプロピレン+石,ベージュ　艶無,なし,400,https://my.ebook5.net/greenpot/catalog/,,,,,,,
グリーンポット,AS-120227,アートストーン ラウンドソーサー ベージュ 22cm,ー,φ215×H30,2.5,21.0,,ポリプロピレン+石,ベージュ　艶無,なし,600,https://my.ebook5.net/greenpot/catalog/,,,,,,,
グリーンポット,AS-120228,アートストーン ラウンドソーサー ベージュ 26cm,ー,φ255×H35,3.0,25.0,,ポリプロピレン+石,ベージュ　艶無,なし,800,https://my.ebook5.net/greenpot/catalog/,,,,,,,
グリーンポット,AS-120229,アートストーン ラウンドソーサー ベージュ 30cm,ー,φ295×H40,3.6,29.0,,ポリプロピレン+石,ベージュ　艶無,なし,1150,https://my.ebook5.net/greenpot/catalog/,,,,,,,
グリーンポット,AS-120230,アートストーン ラウンドソーサー ベージュ 32cm,ー,φ315×H44,4.0,31.0,,ポリプロピレン+石,ベージュ　艶無,なし,1400,https://my.ebook5.net/greenpot/catalog/,,,,,,,
グリーンポット,AS-20110BK,アートストーン キューブ ブラック 10cm,ー,W100×D100×H90,8.5,9.5,9.5,ポリプロピレン+石,ブラック,あり,600,https://my.ebook5.net/greenpot/catalog/,,,,,,,
グリーンポット,AS-20110GY,アートストーン キューブ グレー 10cm,ー,W100×D100×H90,8.5,9.5,9.5,ポリプロピレン+石,グレー,あり,600,https://my.ebook5.net/greenpot/catalog/,,,,,,,
グリーンポット,AS-20113BK,アートストーン キューブ ブラック 13cm,ー,W130×D130×H110,10.5,12.5,12.5,ポリプロピレン+石,ブラック,あり,850,https://my.ebook5.net/greenpot/catalog/,,,,,,,
グリーンポット,AS-20113GY,アートストーン キューブ グレー 13cm,ー,W130×D130×H110,10.5,12.5,12.5,ポリプロピレン+石,グレー,あり,850,https://my.ebook5.net/greenpot/catalog/,,,,,,,
グリーンポット,AS-20117BK,アートストーン キューブ ブラック 17cm,ー,W170×D170×H150,13.0,16.5,16.5,ポリプロピレン+石,ブラック,あり,1500,https://my.ebook5.net/greenpot/catalog/,,,,,,,
グリーンポット,AS-20117GY,アートストーン キューブ グレー 17cm,ー,W170×D170×H150,13.0,16.5,16.5,ポリプロピレン+石,グレー,あり,1500,https://my.ebook5.net/greenpot/catalog/,,,,,,,
グリーンポット,AS-20213BK,アートストーン シリンダー ブラック 13cm,ー,φ130×H110,10.5,12.5,,ポリプロピレン+石,ブラック,あり,800,https://my.ebook5.net/greenpot/catalog/,,,,,,,
グリーンポット,AS-20213GY,アートストーン シリンダー グレー 13cm,ー,φ130×H110,10.5,12.5,,ポリプロピレン+石,グレー,あり,800,https://my.ebook5.net/greenpot/catalog/,,,,,,,
グリーンポット,AS-20215BK,アートストーン シリンダー ブラック 15cm,ー,φ150×H135,12.7,14.5,,ポリプロピレン+石,ブラック,あり,1100,https://my.ebook5.net/greenpot/catalog/,,,,,,,
グリーンポット,AS-20215GY,アートストーン シリンダー グレー 15cm,ー,φ150×H135,12.7,14.5,,ポリプロピレン+石,グレー,あり,1100,https://my.ebook5.net/greenpot/catalog/,,,,,,,
グリーンポット,AS-20220BK,アートストーン シリンダー ブラック 20cm,ー,φ200×H180,15.6,19.5,,ポリプロピレン+石,ブラック,あり,1900,https://my.ebook5.net/greenpot/catalog/,,,,,,,
グリーンポット,AS-20220GY,アートストーン シリンダー グレー 20cm,ー,φ200×H180,15.6,19.5,,ポリプロピレン+石,グレー,あり,1900,https://my.ebook5.net/greenpot/catalog/,,,,,,,
グリーンポット,AS-20312BK,アートストーン ソーサースクエアー ブラック 12cm,ー,W120×D120×H20,,,,ポリプロピレン+石,ブラック,なし,300,https://my.ebook5.net/greenpot/catalog/,,,,,,,
グリーンポット,AS-20312GY,アートストーン ソーサースクエアー グレー 12cm,ー,W120×D120×H20,,,,ポリプロピレン+石,グレー,なし,300,https://my.ebook5.net/greenpot/catalog/,,,,,,,
グリーンポット,AS-20315BK,アートストーン ソーサースクエアー ブラック 15cm,ー,W150×D150×H30,,,,ポリプロピレン+石,ブラック,なし,400,https://my.ebook5.net/greenpot/catalog/,,,,,,,
グリーンポット,AS-20315GY,アートストーン ソーサースクエアー グレー 15cm,ー,W150×D150×H30,,,,ポリプロピレン+石,グレー,なし,400,https://my.ebook5.net/greenpot/catalog/,,,,,,,
グリーンポット,AS-20319BK,アートストーン ソーサースクエアー ブラック 19cm,ー,W190×D190×H30,,,,ポリプロピレン+石,ブラック,なし,550,https://my.ebook5.net/greenpot/catalog/,,,,,,,
グリーンポット,AS-20319GY,アートストーン ソーサースクエアー グレー 19cm,ー,W190×D190×H30,,,,ポリプロピレン+石,グレー,なし,550,https://my.ebook5.net/greenpot/catalog/,,,,,,,
グリーンポット,BE-100F,リムポット 60cm,ー,φ650×H530,51.0,55.0,,テラコッタ,ﾃﾗｺｯﾀ(ﾚｯﾄﾞ系),あり,48000,https://my.ebook5.net/greenpot/catalog/,,,,,,,
グリーンポット,BE-100H,リムポット 70cm,ー,φ730×H620,60.0,65.0,,テラコッタ,ﾃﾗｺｯﾀ(ﾚｯﾄﾞ系),あり,65000,https://my.ebook5.net/greenpot/catalog/,,,,,,,
グリーンポット,BE-100I,リムポット 80cm,ー,φ780×H670,65.0,70.0,,テラコッタ,ﾃﾗｺｯﾀ(ﾚｯﾄﾞ系),あり,92000,https://my.ebook5.net/greenpot/catalog/,,,,,,,
グリーンポット,BE-100L,リムポット 90cm,ー,φ900×H720,70.0,80.0,,テラコッタ,ﾃﾗｺｯﾀ(ﾚｯﾄﾞ系),あり,150000,https://my.ebook5.net/greenpot/catalog/,,,,,,,
グリーンポット,BE-100M,リムポット 100cm,ー,φ1000×H800,78.0,90.0,,テラコッタ,ﾃﾗｺｯﾀ(ﾚｯﾄﾞ系),あり,270000,https://my.ebook5.net/greenpot/catalog/,,,,,,,
グリーンポット,BE-100N,リムポット 112cm,ー,φ1120×H900,87.0,100.0,,テラコッタ,ﾃﾗｺｯﾀ(ﾚｯﾄﾞ系),あり,370000,https://my.ebook5.net/greenpot/catalog/,,,,,,,
グリーンポット,BE-150,アルトポット 40cm,ー,φ400×H430,42.0,34.0,,テラコッタ,ﾃﾗｺｯﾀ(ﾚｯﾄﾞ系),あり,35000,https://my.ebook5.net/greenpot/catalog/,,,,,,,
グリーンポット,BE-150A,アルトポット 50cm,ー,φ500×H540,52.0,44.0,,テラコッタ,ﾃﾗｺｯﾀ(ﾚｯﾄﾞ系),あり,60000,https://my.ebook5.net/greenpot/catalog/,,,,,,,
グリーンポット,BE-150B,アルトポット 60cm,ー,φ600×H630,61.0,50.0,,テラコッタ,ﾃﾗｺｯﾀ(ﾚｯﾄﾞ系),あり,82000,https://my.ebook5.net/greenpot/catalog/,,,,,,,
グリーンポット,BE-436A,タブポット足付 45cm,ー,W450×D450×H390,35.0,36.0,36.0,テラコッタ,ﾃﾗｺｯﾀ(ﾚｯﾄﾞ系),あり,47000,https://my.ebook5.net/greenpot/catalog/,,,,,,,
グリーンポット,BE-436B,タブポット足付 55cm,ー,W550×D550×H460,44.0,45.0,45.0,テラコッタ,ﾃﾗｺｯﾀ(ﾚｯﾄﾞ系),あり,84000,https://my.ebook5.net/greenpot/catalog/,,,,,,,
グリーンポット,BE-790,ツリーポット 48cm,ー,φ480×H390,37.0,40.0,,テラコッタ,ﾃﾗｺｯﾀ(ﾚｯﾄﾞ系),あり,42000,https://my.ebook5.net/greenpot/catalog/,,,,,,,
グリーンポット,BE-790A,ツリーポット 58cm,ー,φ580×H470,45.0,49.0,,テラコッタ,ﾃﾗｺｯﾀ(ﾚｯﾄﾞ系),あり,64000,https://my.ebook5.net/greenpot/catalog/,,,,,,,
グリーンポット,BH-B214BK,ソウ ラウンド ブラック 14cm,ー,φ140×H100,9.5,13.0,,ポリプロピレン,ブラック,なし,350,https://my.ebook5.net/greenpot/catalog/,,,,,,,
グリーンポット,BH-B214DG,ソウ ラウンド ダークグレー 14cm,ー,φ140×H100,9.5,13.0,,ポリプロピレン,ダークグレー,なし,350,https://my.ebook5.net/greenpot/catalog/,,,,,,,
グリーンポット,BH-B214LG,ソウ ラウンド ライトグレー 14cm,ー,φ140×H100,9.5,13.0,,ポリプロピレン,ライトグレー,なし,350,https://my.ebook5.net/greenpot/catalog/,,,,,,,
グリーンポット,BH-B214WH,ソウ ラウンド ホワイト 14cm,ー,φ140×H100,9.5,13.0,,ポリプロピレン,ホワイト,なし,350,https://my.ebook5.net/greenpot/catalog/,,,,,,,
グリーンポット,BH-B316BK,ソウ ラウンド ブラック 16.5cm,ー,φ165×H120,11.5,15.5,,ポリプロピレン,ブラック,なし,500,https://my.ebook5.net/greenpot/catalog/,,,,,,,
グリーンポット,BH-B316DG,ソウ ラウンド ダークグレー 16.5cm,ー,φ165×H120,11.5,15.5,,ポリプロピレン,ダークグレー,なし,500,https://my.ebook5.net/greenpot/catalog/,,,,,,,
グリーンポット,BH-B316LG,ソウ ラウンド ライトグレー 16.5cm,ー,φ165×H120,11.5,15.5,,ポリプロピレン,ライトグレー,なし,500,https://my.ebook5.net/greenpot/catalog/,,,,,,,
グリーンポット,BH-B316WH,ソウ ラウンド ホワイト 16.5cm,ー,φ165×H120,11.5,15.5,,ポリプロピレン,ホワイト,なし,500,https://my.ebook5.net/greenpot/catalog/,,,,,,,
グリーンポット,BH-B420BK,ソウ ラウンド ブラック 20cm,ー,φ200×H150,14.5,19.0,,ポリプロピレン,ブラック,なし,600,https://my.ebook5.net/greenpot/catalog/,,,,,,,
グリーンポット,BH-B420DG,ソウ ラウンド ダークグレー 20cm,ー,φ200×H150,14.5,19.0,,ポリプロピレン,ダークグレー,なし,600,https://my.ebook5.net/greenpot/catalog/,,,,,,,
グリーンポット,BH-B420LG,ソウ ラウンド ライトグレー 20cm,ー,φ200×H150,14.5,19.0,,ポリプロピレン,ライトグレー,なし,600,https://my.ebook5.net/greenpot/catalog/,,,,,,,
グリーンポット,BH-B420WH,ソウ ラウンド ホワイト 20cm,ー,φ200×H150,14.5,19.0,,ポリプロピレン,ホワイト,なし,600,https://my.ebook5.net/greenpot/catalog/,,,,,,,
グリーンポット,BH-B523BK,ソウ ラウンド ブラック 23cm,ー,φ230×H170,16.5,22.0,,ポリプロピレン,ブラック,なし,1000,https://my.ebook5.net/greenpot/catalog/,,,,,,,
グリーンポット,BH-B523DG,ソウ ラウンド ダークグレー 23cm,ー,φ230×H170,16.5,22.0,,ポリプロピレン,ダークグレー,なし,1000,https://my.ebook5.net/greenpot/catalog/,,,,,,,
グリーンポット,BH-B523LG,ソウ ラウンド ライトグレー 23cm,ー,φ230×H170,16.5,22.0,,ポリプロピレン,ライトグレー,なし,1000,https://my.ebook5.net/greenpot/catalog/,,,,,,,
グリーンポット,BH-B523WH,ソウ ラウンド ホワイト 23cm,ー,φ230×H170,16.5,22.0,,ポリプロピレン,ホワイト,なし,1000,https://my.ebook5.net/greenpot/catalog/,,,,,,,
グリーンポット,BH-B627BK,ソウ ラウンド ブラック 27cm,ー,φ270×H200,19.5,25.8,,ポリプロピレン,ブラック,なし,1800,https://my.ebook5.net/greenpot/catalog/,,,,,,,
グリーンポット,BH-B627DG,ソウ ラウンド ダークグレー 27cm,ー,φ270×H200,19.5,25.8,,ポリプロピレン,ダークグレー,なし,1800,https://my.ebook5.net/greenpot/catalog/,,,,,,,
グリーンポット,BH-B627LG,ソウ ラウンド ライトグレー 27cm,ー,φ270×H200,19.5,25.8,,ポリプロピレン,ライトグレー,なし,1800,https://my.ebook5.net/greenpot/catalog/,,,,,,,
グリーンポット,BH-B627WH,ソウ ラウンド ホワイト 27cm,ー,φ270×H200,19.5,25.8,,ポリプロピレン,ホワイト,なし,1800,https://my.ebook5.net/greenpot/catalog/,,,,,,,
グリーンポット,BH-E112BK,ソウ コニック ブラック 12cm,ー,φ120×H105,10.0,11.2,,ポリプロピレン,ブラック,なし,320,https://my.ebook5.net/greenpot/catalog/,,,,,,,
グリーンポット,BH-E112DG,ソウ コニック ダークグレー 12cm,ー,φ120×H105,10.0,11.2,,ポリプロピレン,ダークグレー,なし,320,https://my.ebook5.net/greenpot/catalog/,,,,,,,
グリーンポット,BH-E112LG,ソウ コニック ライトグレー 12cm,ー,φ120×H105,10.0,11.2,,ポリプロピレン,ライトグレー,なし,320,https://my.ebook5.net/greenpot/catalog/,,,,,,,
グリーンポット,BH-E112WH,ソウ コニック ホワイト 12cm,ー,φ120×H105,10.0,11.2,,ポリプロピレン,ホワイト,なし,320,https://my.ebook5.net/greenpot/catalog/,,,,,,,
グリーンポット,BH-E215BK,ソウ コニック ブラック 15cm,ー,φ150×H125,12.0,14.2,,ポリプロピレン,ブラック,なし,420,https://my.ebook5.net/greenpot/catalog/,,,,,,,
グリーンポット,BH-E215DG,ソウ コニック ダークグレー 15cm,ー,φ150×H125,12.0,14.2,,ポリプロピレン,ダークグレー,なし,420,https://my.ebook5.net/greenpot/catalog/,,,,,,,
グリーンポット,BH-E215LG,ソウ コニック ライトグレー 15cm,ー,φ150×H125,12.0,14.2,,ポリプロピレン,ライトグレー,なし,420,https://my.ebook5.net/greenpot/catalog/,,,,,,,
グリーンポット,BH-E215WH,ソウ コニック ホワイト 15cm,ー,φ150×H125,12.0,14.2,,ポリプロピレン,ホワイト,なし,420,https://my.ebook5.net/greenpot/catalog/,,,,,,,
グリーンポット,BH-E317BK,ソウ コニック ブラック 17cm,ー,φ170×H150,14.5,16.2,,ポリプロピレン,ブラック,なし,620,https://my.ebook5.net/greenpot/catalog/,,,,,,,
グリーンポット,BH-E317DG,ソウ コニック ダークグレー 17cm,ー,φ170×H150,14.5,16.2,,ポリプロピレン,ダークグレー,なし,620,https://my.ebook5.net/greenpot/catalog/,,,,,,,
グリーンポット,BH-E317LG,ソウ コニック ライトグレー 17cm,ー,φ170×H150,14.5,16.2,,ポリプロピレン,ライトグレー,なし,620,https://my.ebook5.net/greenpot/catalog/,,,,,,,
グリーンポット,BH-E317WH,ソウ コニック ホワイト 17cm,ー,φ170×H150,14.5,16.2,,ポリプロピレン,ホワイト,なし,620,https://my.ebook5.net/greenpot/catalog/,,,,,,,
グリーンポット,BH-E420BK,ソウ コニック ブラック 20cm,ー,φ200×H170,16.5,19.0,,ポリプロピレン,ブラック,なし,950,https://my.ebook5.net/greenpot/catalog/,,,,,,,
グリーンポット,BH-E420DG,ソウ コニック ダークグレー 20cm,ー,φ200×H170,16.5,19.0,,ポリプロピレン,ダークグレー,なし,950,https://my.ebook5.net/greenpot/catalog/,,,,,,,
グリーンポット,BH-E420LG,ソウ コニック ライトグレー 20cm,ー,φ200×H170,16.5,19.0,,ポリプロピレン,ライトグレー,なし,950,https://my.ebook5.net/greenpot/catalog/,,,,,,,
グリーンポット,BH-E420WH,ソウ コニック ホワイト 20cm,ー,φ200×H170,16.5,19.0,,ポリプロピレン,ホワイト,なし,950,https://my.ebook5.net/greenpot/catalog/,,,,,,,
グリーンポット,BH-E523BK,ソウ コニック ブラック 23cm,ー,φ230×H195,19.0,22.0,,ポリプロピレン,ブラック,なし,1500,https://my.ebook5.net/greenpot/catalog/,,,,,,,
グリーンポット,BH-E523DG,ソウ コニック ダークグレー 23cm,ー,φ230×H195,19.0,22.0,,ポリプロピレン,ダークグレー,なし,1500,https://my.ebook5.net/greenpot/catalog/,,,,,,,
グリーンポット,BH-E523LG,ソウ コニック ライトグレー 23cm,ー,φ230×H195,19.0,22.0,,ポリプロピレン,ライトグレー,なし,1500,https://my.ebook5.net/greenpot/catalog/,,,,,,,
グリーンポット,BH-E523WH,ソウ コニック ホワイト 23cm,ー,φ230×H195,19.0,22.0,,ポリプロピレン,ホワイト,なし,1500,https://my.ebook5.net/greenpot/catalog/,,,,,,,
グリーンポット,BH-E626BK,ソウ コニック ブラック 26.5cm,ー,φ265×H225,22.0,25.0,,ポリプロピレン,ブラック,なし,1900,https://my.ebook5.net/greenpot/catalog/,,,,,,,
グリーンポット,BH-E626DG,ソウ コニック ダークグレー 26.5cm,ー,φ265×H225,22.0,25.0,,ポリプロピレン,ダークグレー,なし,1900,https://my.ebook5.net/greenpot/catalog/,,,,,,,
グリーンポット,BH-E626LG,ソウ コニック ライトグレー 26.5cm,ー,φ265×H225,22.0,25.0,,ポリプロピレン,ライトグレー,なし,1900,https://my.ebook5.net/greenpot/catalog/,,,,,,,
グリーンポット,BH-E626WH,ソウ コニック ホワイト 26.5cm,ー,φ265×H225,22.0,25.0,,ポリプロピレン,ホワイト,なし,1900,https://my.ebook5.net/greenpot/catalog/,,,,,,,
グリーンポット,BH-O114BK,ソウ トール ブラック 14cm,ー,φ140×H200,19.5,13.0,,ポリプロピレン,ブラック,なし,650,https://my.ebook5.net/greenpot/catalog/,,,,,,,
グリーンポット,BH-O114DG,ソウ トール ダークグレー 14cm,ー,φ140×H200,19.5,13.0,,ポリプロピレン,ダークグレー,なし,650,https://my.ebook5.net/greenpot/catalog/,,,,,,,
グリーンポット,BH-O114LG,ソウ トール ライトグレー 14cm,ー,φ140×H200,19.5,13.0,,ポリプロピレン,ライトグレー,なし,650,https://my.ebook5.net/greenpot/catalog/,,,,,,,
グリーンポット,BH-O114WH,ソウ トール ホワイト 14cm,ー,φ140×H200,19.5,13.0,,ポリプロピレン,ホワイト,なし,650,https://my.ebook5.net/greenpot/catalog/,,,,,,,
グリーンポット,BH-O217BK,ソウ トール ブラック 17cm,ー,φ170×H250,24.5,16.0,,ポリプロピレン,ブラック,なし,1000,https://my.ebook5.net/greenpot/catalog/,,,,,,,
グリーンポット,BH-O217DG,ソウ トール ダークグレー 17cm,ー,φ170×H250,24.5,16.0,,ポリプロピレン,ダークグレー,なし,1000,https://my.ebook5.net/greenpot/catalog/,,,,,,,
グリーンポット,BH-O217LG,ソウ トール ライトグレー 17cm,ー,φ170×H250,24.5,16.0,,ポリプロピレン,ライトグレー,なし,1000,https://my.ebook5.net/greenpot/catalog/,,,,,,,
グリーンポット,BH-O217WH,ソウ トール ホワイト 17cm,ー,φ170×H250,24.5,16.0,,ポリプロピレン,ホワイト,なし,1000,https://my.ebook5.net/greenpot/catalog/,,,,,,,
グリーンポット,BH-P111BK,ソウ ソーサー ブラック 11cm,ー,φ110×H16,1.3,10.5,,ポリプロピレン,ブラック,なし,120,https://my.ebook5.net/greenpot/catalog/,,,,,,,
グリーンポット,BH-P111DG,ソウ ソーサー ダークグレー 11cm,ー,φ110×H16,1.3,10.5,,ポリプロピレン,ダークグレー,なし,120,https://my.ebook5.net/greenpot/catalog/,,,,,,,
グリーンポット,BH-P111LG,ソウ ソーサー ライトグレー 11cm,ー,φ110×H16,1.3,10.5,,ポリプロピレン,ライトグレー,なし,120,https://my.ebook5.net/greenpot/catalog/,,,,,,,
グリーンポット,BH-P111WH,ソウ ソーサー ホワイト 11cm,ー,φ110×H16,1.3,10.5,,ポリプロピレン,ホワイト,なし,120,https://my.ebook5.net/greenpot/catalog/,,,,,,,
グリーンポット,BH-P212BK,ソウ ソーサー ブラック 12.5cm,ー,φ125×H20,1.5,12.0,,ポリプロピレン,ブラック,なし,160,https://my.ebook5.net/greenpot/catalog/,,,,,,,
グリーンポット,BH-P212DG,ソウ ソーサー ダークグレー 12.5cm,ー,φ125×H20,1.5,12.0,,ポリプロピレン,ダークグレー,なし,160,https://my.ebook5.net/greenpot/catalog/,,,,,,,
グリーンポット,BH-P212LG,ソウ ソーサー ライトグレー 12.5cm,ー,φ125×H20,1.5,12.0,,ポリプロピレン,ライトグレー,なし,160,https://my.ebook5.net/greenpot/catalog/,,,,,,,
グリーンポット,BH-P212WH,ソウ ソーサー ホワイト 12.5cm,ー,φ125×H20,1.5,12.0,,ポリプロピレン,ホワイト,なし,160,https://my.ebook5.net/greenpot/catalog/,,,,,,,
グリーンポット,BH-P315BK,ソウ ソーサー ブラック 15cm,ー,φ150×H20,1.5,14.5,,ポリプロピレン,ブラック,なし,220,https://my.ebook5.net/greenpot/catalog/,,,,,,,
グリーンポット,BH-P315DG,ソウ ソーサー ダークグレー 15cm,ー,φ150×H20,1.5,14.5,,ポリプロピレン,ダークグレー,なし,220,https://my.ebook5.net/greenpot/catalog/,,,,,,,
グリーンポット,BH-P315LG,ソウ ソーサー ライトグレー 15cm,ー,φ150×H20,1.5,14.5,,ポリプロピレン,ライトグレー,なし,220,https://my.ebook5.net/greenpot/catalog/,,,,,,,
グリーンポット,BH-P315WH,ソウ ソーサー ホワイト 15cm,ー,φ150×H20,1.5,14.5,,ポリプロピレン,ホワイト,なし,220,https://my.ebook5.net/greenpot/catalog/,,,,,,,
グリーンポット,BH-P417BK,ソウ ソーサー ブラック 17cm,ー,φ170×H25,2.0,16.0,,ポリプロピレン,ブラック,なし,280,https://my.ebook5.net/greenpot/catalog/,,,,,,,
グリーンポット,BH-P417DG,ソウ ソーサー ダークグレー 17cm,ー,φ170×H25,2.0,16.0,,ポリプロピレン,ダークグレー,なし,280,https://my.ebook5.net/greenpot/catalog/,,,,,,,
グリーンポット,BH-P417LG,ソウ ソーサー ライトグレー 17cm,ー,φ170×H25,2.0,16.0,,ポリプロピレン,ライトグレー,なし,280,https://my.ebook5.net/greenpot/catalog/,,,,,,,
グリーンポット,BH-P417WH,ソウ ソーサー ホワイト 17cm,ー,φ170×H25,2.0,16.0,,ポリプロピレン,ホワイト,なし,280,https://my.ebook5.net/greenpot/catalog/,,,,,,,
グリーンポット,BH-P520BK,ソウ ソーサー ブラック 20cm,ー,φ200×H27,2.1,19.0,,ポリプロピレン,ブラック,なし,340,https://my.ebook5.net/greenpot/catalog/,,,,,,,
グリーンポット,BH-P520DG,ソウ ソーサー ダークグレー 20cm,ー,φ200×H27,2.1,19.0,,ポリプロピレン,ダークグレー,なし,340,https://my.ebook5.net/greenpot/catalog/,,,,,,,
グリーンポット,BH-P520LG,ソウ ソーサー ライトグレー 20cm,ー,φ200×H27,2.1,19.0,,ポリプロピレン,ライトグレー,なし,340,https://my.ebook5.net/greenpot/catalog/,,,,,,,
グリーンポット,BH-P520WH,ソウ ソーサー ホワイト 20cm,ー,φ200×H27,2.1,19.0,,ポリプロピレン,ホワイト,なし,340,https://my.ebook5.net/greenpot/catalog/,,,,,,,
グリーンポット,BH-P624BK,ソウ ソーサー ブラック 24cm,ー,φ240×H30,2.5,23.0,,ポリプロピレン,ブラック,なし,430,https://my.ebook5.net/greenpot/catalog/,,,,,,,
グリーンポット,BH-P624DG,ソウ ソーサー ダークグレー 24cm,ー,φ240×H30,2.5,23.0,,ポリプロピレン,ダークグレー,なし,430,https://my.ebook5.net/greenpot/catalog/,,,,,,,
グリーンポット,BH-P624LG,ソウ ソーサー ライトグレー 24cm,ー,φ240×H30,2.5,23.0,,ポリプロピレン,ライトグレー,なし,430,https://my.ebook5.net/greenpot/catalog/,,,,,,,
グリーンポット,BH-P624WH,ソウ ソーサー ホワイト 24cm,ー,φ240×H30,2.5,23.0,,ポリプロピレン,ホワイト,なし,430,https://my.ebook5.net/greenpot/catalog/,,,,,,,
グリーンポット,BH-U113BK,ソウ Uポット ブラック 13cm,ー,φ130×H115,11.0,12.2,,ポリプロピレン,ブラック,なし,400,https://my.ebook5.net/greenpot/catalog/,,,,,,,
グリーンポット,BH-U113DG,ソウ Uポット ダークグレー 13cm,ー,φ130×H115,11.0,12.2,,ポリプロピレン,ダークグレー,なし,400,https://my.ebook5.net/greenpot/catalog/,,,,,,,
グリーンポット,BH-U113LG,ソウ Uポット ライトグレー 13cm,ー,φ130×H115,11.0,12.2,,ポリプロピレン,ライトグレー,なし,400,https://my.ebook5.net/greenpot/catalog/,,,,,,,
グリーンポット,BH-U113WH,ソウ Uポット ホワイト 13cm,ー,φ130×H115,11.0,12.2,,ポリプロピレン,ホワイト,なし,400,https://my.ebook5.net/greenpot/catalog/,,,,,,,
グリーンポット,BH-U216BK,ソウ Uポット ブラック 16cm,ー,φ160×H140,13.5,15.0,,ポリプロピレン,ブラック,なし,550,https://my.ebook5.net/greenpot/catalog/,,,,,,,
グリーンポット,BH-U216DG,ソウ Uポット ダークグレー 16cm,ー,φ160×H140,13.5,15.0,,ポリプロピレン,ダークグレー,なし,550,https://my.ebook5.net/greenpot/catalog/,,,,,,,
グリーンポット,BH-U216LG,ソウ Uポット ライトグレー 16cm,ー,φ160×H140,13.5,15.0,,ポリプロピレン,ライトグレー,なし,550,https://my.ebook5.net/greenpot/catalog/,,,,,,,
グリーンポット,BH-U216WH,ソウ Uポット ホワイト 16cm,ー,φ160×H140,13.5,15.0,,ポリプロピレン,ホワイト,なし,550,https://my.ebook5.net/greenpot/catalog/,,,,,,,
グリーンポット,BH-U319BK,ソウ Uポット ブラック 19cm,ー,φ190×H165,16.0,18.0,,ポリプロピレン,ブラック,なし,850,https://my.ebook5.net/greenpot/catalog/,,,,,,,
グリーンポット,BH-U319DG,ソウ Uポット ダークグレー 19cm,ー,φ190×H165,16.0,18.0,,ポリプロピレン,ダークグレー,なし,850,https://my.ebook5.net/greenpot/catalog/,,,,,,,
グリーンポット,BH-U319LG,ソウ Uポット ライトグレー 19cm,ー,φ190×H165,16.0,18.0,,ポリプロピレン,ライトグレー,なし,850,https://my.ebook5.net/greenpot/catalog/,,,,,,,
グリーンポット,BH-U319WH,ソウ Uポット ホワイト 19cm,ー,φ190×H165,16.0,18.0,,ポリプロピレン,ホワイト,なし,850,https://my.ebook5.net/greenpot/catalog/,,,,,,,
グリーンポット,BH-U425BK,ソウ Uポット ブラック 25cm,ー,φ250×H220,21.4,24.0,,ポリプロピレン,ブラック,なし,1500,https://my.ebook5.net/greenpot/catalog/,,,,,,,
グリーンポット,BH-U425DG,ソウ Uポット ダークグレー 25cm,ー,φ250×H220,21.4,24.0,,ポリプロピレン,ダークグレー,なし,1500,https://my.ebook5.net/greenpot/catalog/,,,,,,,
グリーンポット,BH-U425LG,ソウ Uポット ライトグレー 25cm,ー,φ250×H220,21.4,24.0,,ポリプロピレン,ライトグレー,なし,1500,https://my.ebook5.net/greenpot/catalog/,,,,,,,
グリーンポット,BH-U425WH,ソウ Uポット ホワイト 25cm,ー,φ250×H220,21.4,24.0,,ポリプロピレン,ホワイト,なし,1500,https://my.ebook5.net/greenpot/catalog/,,,,,,,
グリーンポット,BH-W225BK,ソウ ボール ブラック 25cm,ー,φ250×H120,11.5,24.0,,ポリプロピレン,ブラック,なし,1000,https://my.ebook5.net/greenpot/catalog/,,,,,,,
グリーンポット,BH-W225DG,ソウ ボール ダークグレー 25cm,ー,φ250×H120,11.5,24.0,,ポリプロピレン,ダークグレー,なし,1000,https://my.ebook5.net/greenpot/catalog/,,,,,,,
グリーンポット,BH-W225LG,ソウ ボール ライトグレー 25cm,ー,φ250×H120,11.5,24.0,,ポリプロピレン,ライトグレー,なし,1000,https://my.ebook5.net/greenpot/catalog/,,,,,,,
グリーンポット,BH-W225WH,ソウ ボール ホワイト 25cm,ー,φ250×H120,11.5,24.0,,ポリプロピレン,ホワイト,なし,1000,https://my.ebook5.net/greenpot/catalog/,,,,,,,
グリーンポット,BH-W330BK,ソウ ボール ブラック 30cm,ー,φ300×H145,14.0,29.0,,ポリプロピレン,ブラック,なし,1800,https://my.ebook5.net/greenpot/catalog/,,,,,,,
グリーンポット,BH-W330DG,ソウ ボール ダークグレー 30cm,ー,φ300×H145,14.0,29.0,,ポリプロピレン,ダークグレー,なし,1800,https://my.ebook5.net/greenpot/catalog/,,,,,,,
グリーンポット,BH-W330LG,ソウ ボール ライトグレー 30cm,ー,φ300×H145,14.0,29.0,,ポリプロピレン,ライトグレー,なし,1800,https://my.ebook5.net/greenpot/catalog/,,,,,,,
グリーンポット,BH-W330WH,ソウ ボール ホワイト 30cm,ー,φ300×H145,14.0,29.0,,ポリプロピレン,ホワイト,なし,1800,https://my.ebook5.net/greenpot/catalog/,,,,,,,
グリーンポット,CH-0138BK,ライスター ラウンド ブラック 38cm,9号,φ360×H315,29.5,32.0,,釉薬陶器,ブラック,あり,20000,https://my.ebook5.net/greenpot/catalog/,,,,,,,
グリーンポット,CH-0138BU,ライスター ラウンド ブルーライム 38cm,9号,φ360×H315,29.5,32.0,,釉薬陶器,ブルーライム,あり,20000,https://my.ebook5.net/greenpot/catalog/,,,,,,,
グリーンポット,CH-0146BK,ライスター ラウンド ブラック 45cm,10号,φ450×H400,37.5,41.0,,釉薬陶器,ブラック,あり,30000,https://my.ebook5.net/greenpot/catalog/,,,,,,,
グリーンポット,CH-0146BU,ライスター ラウンド ブルーライム 45cm,10号,φ450×H400,37.5,41.0,,釉薬陶器,ブルーライム,あり,30000,https://my.ebook5.net/greenpot/catalog/,,,,,,,
グリーンポット,CH-0255BK,ライスター ジャー ブラック 55cm,ー,φ550×H595,57.5,34.5,,釉薬陶器,ブラック,あり,75000,https://my.ebook5.net/greenpot/catalog/,,,,,,,
グリーンポット,CH-0255BU,ライスター ジャー ブルーライム 55cm,ー,φ550×H595,57.5,34.5,,釉薬陶器,ブルーライム,あり,75000,https://my.ebook5.net/greenpot/catalog/,,,,,,,
グリーンポット,CH-0345BK,ライスター エッグ ブラック 45cm,10号,φ450×H445,42.5,36.0,,釉薬陶器,ブラック,あり,40000,https://my.ebook5.net/greenpot/catalog/,,,,,,,
グリーンポット,CH-0345BU,ライスター エッグ ブルーライム 45cm,10号,φ450×H445,42.5,36.0,,釉薬陶器,ブルーライム,あり,40000,https://my.ebook5.net/greenpot/catalog/,,,,,,,
グリーンポット,CH-0355BK,ライスター エッグ ブラック 55cm,ー,φ550×H550,53.0,40.0,,釉薬陶器,ブラック,あり,65000,https://my.ebook5.net/greenpot/catalog/,,,,,,,
グリーンポット,CH-0355BU,ライスター エッグ ブルーライム 55cm,ー,φ550×H550,53.0,40.0,,釉薬陶器,ブルーライム,あり,65000,https://my.ebook5.net/greenpot/catalog/,,,,,,,
グリーンポット,CH-0465BK,ライスター トール ブラック 65cm,ー,φ650×H1035,101.5,44.0,,釉薬陶器,ブラック,あり,140000,https://my.ebook5.net/greenpot/catalog/,,,,,,,
グリーンポット,CH-0465BU,ライスター トール ブルーライム 65cm,ー,φ650×H1035,101.5,44.0,,釉薬陶器,ブルーライム,あり,140000,https://my.ebook5.net/greenpot/catalog/,,,,,,,
グリーンポット,CL-8410,アクアデュプロ,ー,W100×D105×H170,,,,,,,45000,https://my.ebook5.net/greenpot/catalog/,,,,,,,
グリーンポット,CL-8428,新アクアウノ ビデオ2,ー,W0×D0×H0,,,,,,,25000,https://my.ebook5.net/greenpot/catalog/,,,,,,,
グリーンポット,CL-8690,ロトロール用 フロアスタンド,ー,W0×D0×H155,,,,,,,8000,https://my.ebook5.net/greenpot/catalog/,,,,,,,
グリーンポット,CL-8697,ロトロール EVO 30m,ー,W270×D620×H620,,,,,,,48000,https://my.ebook5.net/greenpot/catalog/,,,,,,,
グリーンポット,CL-8715,インパクト トリポッド キット,ー,W0×D0×H0,,,,,,,23000,https://my.ebook5.net/greenpot/catalog/,,,,,,,
グリーンポット,CL-8934,キャリーカート エコガーデン,ー,W450×D543×H894,,,,,,,15000,https://my.ebook5.net/greenpot/catalog/,,,,,,,
グリーンポット,CL-90357,ドリップチューブ(13/16mm) 50M巻,ー,φ16×H0,,1.3,,,,,16000,https://my.ebook5.net/greenpot/catalog/,,,,,,,
グリーンポット,CL-90366,メインチューブ(13/16mm) 50M巻,ー,W0×D0×H0,,,,,,,14000,https://my.ebook5.net/greenpot/catalog/,,,,,,,
グリーンポット,CL-90370,フィーディングチューブ(4/6mm) 20M巻,ー,W0×D0×H0,,,,,,,4600,https://my.ebook5.net/greenpot/catalog/,,,,,,,
グリーンポット,CL-90920,排水バルブ,ー,W0×D0×H0,,,,,,,1500,https://my.ebook5.net/greenpot/catalog/,,,,,,,
グリーンポット,CL-91002,"マルチタップコネクター(1/2,3/4用)",ー,W0×D0×H0,,,,,,,680,https://my.ebook5.net/greenpot/catalog/,,,,,,,
グリーンポット,CL-91009,オートマティック カップリング 13/16mm用,ー,W0×D0×H0,,,,,,,800,https://my.ebook5.net/greenpot/catalog/,,,,,,,
グリーンポット,CL-91023,BLOCK-SYSTEM ストレート(1入),ー,W0×D0×H0,,,,,,,850,https://my.ebook5.net/greenpot/catalog/,,,,,,,
グリーンポット,CL-91025,BLOCK-SYSTEM エルボ(1入),ー,W0×D0×H0,,,,,,,1100,https://my.ebook5.net/greenpot/catalog/,,,,,,,
グリーンポット,CL-91029,BLOCK-SYSTEM チーズ(1入),ー,W0×D0×H0,,,,,,,1400,https://my.ebook5.net/greenpot/catalog/,,,,,,,
グリーンポット,CL-91071,13/16mm チーズ 2個入,ー,W0×D0×H0,,,,,,,550,https://my.ebook5.net/greenpot/catalog/,,,,,,,
グリーンポット,CL-91076,13/16mm ストレート 4個入,ー,W0×D0×H0,,,,,,,700,https://my.ebook5.net/greenpot/catalog/,,,,,,,
グリーンポット,CL-91081,13/16mm エルボ 2個入,ー,W0×D0×H0,,,,,,,550,https://my.ebook5.net/greenpot/catalog/,,,,,,,
グリーンポット,CL-91086,13/16mm エンドストッパー 4個入,ー,W0×D0×H0,,,,,,,650,https://my.ebook5.net/greenpot/catalog/,,,,,,,
グリーンポット,CL-91090,13/16mm サポートスティック 8個入,ー,W0×D0×H0,,,,,,,1700,https://my.ebook5.net/greenpot/catalog/,,,,,,,
グリーンポット,CL-91096,13/16mm クランプ 10個入,ー,W0×D0×H0,,,,,,,1400,https://my.ebook5.net/greenpot/catalog/,,,,,,,
グリーンポット,CL-91141,4/6mm チーズ 10個入,ー,W0×D0×H0,,,,,,,1100,https://my.ebook5.net/greenpot/catalog/,,,,,,,
グリーンポット,CL-91143,4/6mm エルボ 10個入,ー,W0×D0×H0,,,,,,,1100,https://my.ebook5.net/greenpot/catalog/,,,,,,,
グリーンポット,CL-91145,4/6mm 十字 10個入,ー,W0×D0×H0,,,,,,,1300,https://my.ebook5.net/greenpot/catalog/,,,,,,,
グリーンポット,CL-91155,4/6mm ストレート 10個入,ー,W0×D0×H0,,,,,,,800,https://my.ebook5.net/greenpot/catalog/,,,,,,,
グリーンポット,CL-91170,ホールプラグ 10個入,ー,W0×D0×H0,,,,,,,700,https://my.ebook5.net/greenpot/catalog/,,,,,,,
グリーンポット,CL-91185,ホールパンチ,ー,W0×D0×H0,,,,,,,700,https://my.ebook5.net/greenpot/catalog/,,,,,,,
グリーンポット,CL-91190,4/6mm サポートスティック 15個入,ー,W0×D0×H0,,,,,,,1400,https://my.ebook5.net/greenpot/catalog/,,,,,,,
グリーンポット,CL-91209,調節コック付ドリッパー 10個入,ー,W0×D0×H0,,,,,,,1800,https://my.ebook5.net/greenpot/catalog/,,,,,,,
グリーンポット,CL-91228,新アジャスタブルドリッパー0-40L/H-4/6mm10個入,ー,W0×D0×H0,,,,,,,3000,https://my.ebook5.net/greenpot/catalog/,,,,,,,
グリーンポット,CL-91248,新180°バルブ付マイクロジェットスプレー5個入,ー,W0×D0×H0,,,,,,,2000,https://my.ebook5.net/greenpot/catalog/,,,,,,,
グリーンポット,CL-91249,新360°バルブ付 マイクロジェットスプレー 5個入,ー,W0×D0×H0,,,,,,,3000,https://my.ebook5.net/greenpot/catalog/,,,,,,,
グリーンポット,CL-91250,新360°バルブ付 マイクロスプリンクラー 5個入,ー,W0×D0×H0,,,,,,,2400,https://my.ebook5.net/greenpot/catalog/,,,,,,,
グリーンポット,CL-91254,新90°マイクロジェットスプレー 10個入,ー,W0×D0×H0,,,,,,,1700,https://my.ebook5.net/greenpot/catalog/,,,,,,,
グリーンポット,CL-91255,新180°マイクロジェットスプレー 10個入,ー,W0×D0×H0,,,,,,,1700,https://my.ebook5.net/greenpot/catalog/,,,,,,,
グリーンポット,CL-91256,新360°マイクロジェットスプレー 10個入,ー,W0×D0×H0,,,,,,,1700,https://my.ebook5.net/greenpot/catalog/,,,,,,,
グリーンポット,CL-91257,新長方形マイクロジェットスプレー 10個入,ー,W0×D0×H0,,,,,,,1700,https://my.ebook5.net/greenpot/catalog/,,,,,,,
グリーンポット,CL-91258,新360°マイクロミストスプレー10個入,ー,W0×D0×H0,,,,,,,1700,https://my.ebook5.net/greenpot/catalog/,,,,,,,
グリーンポット,CL-91260,ライザー 30_ 10個入,ー,W0×D0×H0,,,,,,,2300,https://my.ebook5.net/greenpot/catalog/,,,,,,,
グリーンポット,CL-91265,マイクロスプレー用サポートスティック 2個入,ー,W0×D0×H0,,,,,,,2300,https://my.ebook5.net/greenpot/catalog/,,,,,,,
グリーンポット,CL-91270,4/6mm ストレート バルブ付 5個入,ー,W0×D0×H0,,,,,,,1700,https://my.ebook5.net/greenpot/catalog/,,,,,,,
グリーンポット,CL-91280,13/16mm ストレート バルブ付,ー,W0×D0×H0,,,,,,,1100,https://my.ebook5.net/greenpot/catalog/,,,,,,,
グリーンポット,CL-91494,3/4 オートマティックアダプター,ー,W0×D0×H0,,,,,,,900,https://my.ebook5.net/greenpot/catalog/,,,,,,,
グリーンポット,CL-9601,2ウェイアダプター 3/4 メタル,ー,W0×D0×H0,,,,メタル,,,7500,https://my.ebook5.net/greenpot/catalog/,,,,,,,
グリーンポット,CL-9604,タップコネクター 3/4 メタル,ー,W0×D0×H0,,,,メタル,,,1500,https://my.ebook5.net/greenpot/catalog/,,,,,,,
グリーンポット,CP-2410BU,クラッツ ウロ ブルー 10cm,ー,φ105×H90,8.0,9.5,,釉薬陶器,ブルー,あり,1200,https://my.ebook5.net/greenpot/catalog/,,,,,,,
グリーンポット,CP-2410CR,クラッツ ウロ クリーム 10cm,ー,φ105×H90,8.0,9.5,,釉薬陶器,クリーム,あり,1200,https://my.ebook5.net/greenpot/catalog/,,,,,,,
グリーンポット,CP-2410WH,クラッツ ウロ ホワイト 10cm,ー,φ105×H90,8.0,9.5,,釉薬陶器,ホワイト,あり,1200,https://my.ebook5.net/greenpot/catalog/,,,,,,,
グリーンポット,CP-2417BU,クラッツ ウロ ブルー 17cm,ー,φ170×H155,14.5,15.5,,釉薬陶器,ブルー,あり,2700,https://my.ebook5.net/greenpot/catalog/,,,,,,,
グリーンポット,CP-2417CR,クラッツ ウロ クリーム 17cm,ー,φ170×H155,14.5,15.5,,釉薬陶器,クリーム,あり,2700,https://my.ebook5.net/greenpot/catalog/,,,,,,,
グリーンポット,CP-2417WH,クラッツ ウロ ホワイト 17cm,ー,φ170×H155,14.5,15.5,,釉薬陶器,ホワイト,あり,2700,https://my.ebook5.net/greenpot/catalog/,,,,,,,
グリーンポット,CP-2511BU,クラッツ シノ ブルー 11cm,ー,φ110×H90,8.5,9.0,,釉薬陶器,ブルー,あり,1200,https://my.ebook5.net/greenpot/catalog/,,,,,,,
グリーンポット,CP-2511CR,クラッツ シノ クリーム 11cm,ー,φ110×H90,8.5,9.0,,釉薬陶器,クリーム,あり,1200,https://my.ebook5.net/greenpot/catalog/,,,,,,,
グリーンポット,CP-2511WH,クラッツ シノ ホワイト 11cm,ー,φ110×H90,8.5,9.0,,釉薬陶器,ホワイト,あり,1200,https://my.ebook5.net/greenpot/catalog/,,,,,,,
グリーンポット,CP-2518BU,クラッツ シノ ブルー 18cm,ー,φ180×H150,14.5,15.0,,釉薬陶器,ブルー,あり,3000,https://my.ebook5.net/greenpot/catalog/,,,,,,,
グリーンポット,CP-2518CR,クラッツ シノ クリーム 18cm,ー,φ180×H150,14.5,15.0,,釉薬陶器,クリーム,あり,3000,https://my.ebook5.net/greenpot/catalog/,,,,,,,
グリーンポット,CP-2518WH,クラッツ シノ ホワイト 18cm,ー,φ180×H150,14.5,15.0,,釉薬陶器,ホワイト,あり,3000,https://my.ebook5.net/greenpot/catalog/,,,,,,,
グリーンポット,CP-2815BK,スポール ブラック 15cm,ー,φ150×H135,12.0,12.0,,釉薬陶器,ブラック　艶無,あり,1800,https://my.ebook5.net/greenpot/catalog/,,,,,,,
グリーンポット,CP-2815BR,スポール ブラウン 15cm,ー,φ150×H135,12.0,12.0,,釉薬陶器,ブラウン　艶無,あり,1800,https://my.ebook5.net/greenpot/catalog/,,,,,,,
グリーンポット,CP-2815MT,スポール ミント 15cm,ー,φ150×H135,12.0,12.0,,釉薬陶器,グリーン　艶無,あり,1800,https://my.ebook5.net/greenpot/catalog/,,,,,,,
グリーンポット,CP-2815YE,スポール イエロー 15cm,ー,φ150×H135,12.0,12.0,,釉薬陶器,イエロー　艶無,あり,1800,https://my.ebook5.net/greenpot/catalog/,,,,,,,
グリーンポット,CP-2818BK,スポール ブラック 18cm,ー,φ180×H168,14.5,15.2,,釉薬陶器,ブラック　艶無,あり,2600,https://my.ebook5.net/greenpot/catalog/,,,,,,,
グリーンポット,CP-2818BR,スポール ブラウン 18cm,ー,φ180×H168,14.5,15.2,,釉薬陶器,ブラウン　艶無,あり,2600,https://my.ebook5.net/greenpot/catalog/,,,,,,,
グリーンポット,CP-2818MT,スポール ミント 18cm,ー,φ180×H168,14.5,15.2,,釉薬陶器,グリーン　艶無,あり,2600,https://my.ebook5.net/greenpot/catalog/,,,,,,,
グリーンポット,CP-2818YE,スポール イエロー 18cm,ー,φ180×H168,14.5,15.2,,釉薬陶器,イエロー　艶無,あり,2600,https://my.ebook5.net/greenpot/catalog/,,,,,,,
グリーンポット,CP-3011BR,リスシオ ブラウン 11cm,ー,φ105×H100,8.5,9.5,,釉薬陶器,ブラウン,あり,1100,https://my.ebook5.net/greenpot/catalog/,,,,,,,
グリーンポット,CP-3013BR,リスシオ トール ブラウン 13cm,ー,φ130×H145,13.0,11.5,,釉薬陶器,ブラウン,あり,1600,https://my.ebook5.net/greenpot/catalog/,,,,,,,
グリーンポット,CP-3014BR,リスシオ トール ブラウン 14cm,ー,φ140×H195,18.0,12.5,,釉薬陶器,ブラウン,あり,2300,https://my.ebook5.net/greenpot/catalog/,,,,,,,
グリーンポット,CP-3017BR,リスシオ ブラウン 17cm,ー,φ170×H170,14.5,15.5,,釉薬陶器,ブラウン,あり,2700,https://my.ebook5.net/greenpot/catalog/,,,,,,,
グリーンポット,CP-3111DG,トゥーボ ダークグレー 11cm,ー,φ110×H100,8.5,9.5,,釉薬陶器,ダークグレー,あり,1200,https://my.ebook5.net/greenpot/catalog/,,,,,,,
グリーンポット,CP-3111OR,トゥーボ オレンジ 11cm,ー,φ110×H100,8.5,9.5,,釉薬陶器,オレンジ,あり,1200,https://my.ebook5.net/greenpot/catalog/,,,,,,,
グリーンポット,CP-3111PB,トゥーボ パウダーブルー 11cm,ー,φ110×H100,8.5,9.5,,釉薬陶器,パウダーブルー,あり,1200,https://my.ebook5.net/greenpot/catalog/,,,,,,,
グリーンポット,CP-3111WH,トゥーボ ホワイト 11cm,ー,φ110×H100,8.5,9.5,,釉薬陶器,ホワイト,あり,1200,https://my.ebook5.net/greenpot/catalog/,,,,,,,
グリーンポット,CP-3118DG,トゥーボ ダークグレー 18cm,ー,φ180×H170,15.0,15.0,,釉薬陶器,ダークグレー,あり,2800,https://my.ebook5.net/greenpot/catalog/,,,,,,,
グリーンポット,CP-3118OR,トゥーボ オレンジ 18cm,ー,φ180×H170,15.0,15.0,,釉薬陶器,オレンジ,あり,2800,https://my.ebook5.net/greenpot/catalog/,,,,,,,
グリーンポット,CP-3118PB,トゥーボ パウダーブルー 18cm,ー,φ180×H170,15.0,15.0,,釉薬陶器,パウダーブルー,あり,2800,https://my.ebook5.net/greenpot/catalog/,,,,,,,
グリーンポット,CP-3118WH,トゥーボ ホワイト 18cm,ー,φ180×H170,15.0,15.0,,釉薬陶器,ホワイト,あり,2800,https://my.ebook5.net/greenpot/catalog/,,,,,,,
グリーンポット,CP-3313BU,ヴィーレ ブルー 13cm,ー,φ130×H120,10.0,10.0,,釉薬陶器,ブルー,あり,1600,https://my.ebook5.net/greenpot/catalog/,,,,,,,
グリーンポット,CP-3313TQ,ヴィーレ ターコイズ 13cm,ー,φ130×H120,10.0,10.0,,釉薬陶器,ターコイズ,あり,1600,https://my.ebook5.net/greenpot/catalog/,,,,,,,
グリーンポット,CP-3317BU,ヴィーレ ブルー 17cm,ー,φ180×H140,12.0,12.0,,釉薬陶器,ブルー,あり,2900,https://my.ebook5.net/greenpot/catalog/,,,,,,,
グリーンポット,CP-3317TQ,ヴィーレ ターコイズ 17cm,ー,φ180×H140,12.0,12.0,,釉薬陶器,ターコイズ,あり,2900,https://my.ebook5.net/greenpot/catalog/,,,,,,,
グリーンポット,CP-3607BU,ラブロー ブルー 7cm,ー,φ70×H80,7.0,6.0,,釉薬陶器,ブルー,あり,820,https://my.ebook5.net/greenpot/catalog/,,,,,,,
グリーンポット,CP-3607MI,ラブロー ミント 7cm,ー,φ70×H80,7.0,6.0,,釉薬陶器,ミント,あり,820,https://my.ebook5.net/greenpot/catalog/,,,,,,,
グリーンポット,CP-3607OR,ラブロー オレンジ 7cm,ー,φ70×H80,7.0,6.0,,釉薬陶器,オレンジ,あり,820,https://my.ebook5.net/greenpot/catalog/,,,,,,,
グリーンポット,CP-3607PI,ラブロー ピスタチオ 7cm,ー,φ70×H80,7.0,6.0,,釉薬陶器,ピスタチオ,あり,820,https://my.ebook5.net/greenpot/catalog/,,,,,,,
グリーンポット,CP-3607YE,ラブロー イエロー 7cm,ー,φ70×H80,7.0,6.0,,釉薬陶器,イエロー,あり,820,https://my.ebook5.net/greenpot/catalog/,,,,,,,
グリーンポット,CP-3610BU,ラブロー ブルー 10cm,ー,φ110×H110,10.0,9.0,,釉薬陶器,ブルー,あり,1600,https://my.ebook5.net/greenpot/catalog/,,,,,,,
グリーンポット,CP-3610MI,ラブロー ミント 10cm,ー,φ110×H110,10.0,9.0,,釉薬陶器,ミント,あり,1600,https://my.ebook5.net/greenpot/catalog/,,,,,,,
グリーンポット,CP-3610OR,ラブロー オレンジ 10cm,ー,φ110×H110,10.0,9.0,,釉薬陶器,オレンジ,あり,1600,https://my.ebook5.net/greenpot/catalog/,,,,,,,
グリーンポット,CP-3610PI,ラブロー ピスタチオ 10cm,ー,φ110×H110,10.0,9.0,,釉薬陶器,ピスタチオ,あり,1600,https://my.ebook5.net/greenpot/catalog/,,,,,,,
グリーンポット,CP-3610YE,ラブロー イエロー 10cm,ー,φ110×H110,10.0,9.0,,釉薬陶器,イエロー,あり,1600,https://my.ebook5.net/greenpot/catalog/,,,,,,,
グリーンポット,CP-3714BK,ヴェント フレア ブラック 14cm,ー,φ140×H110,10.0,12.0,,釉薬陶器,ブラック,あり,2000,https://my.ebook5.net/greenpot/catalog/,,,,,,,
グリーンポット,CP-3714GR,ヴェント フレア グリーン 14cm,ー,φ140×H110,10.0,12.0,,釉薬陶器,グリーン,あり,2000,https://my.ebook5.net/greenpot/catalog/,,,,,,,
グリーンポット,CP-3719BK,ヴェント フレア ブラック 19cm,ー,φ190×H150,14.0,17.0,,釉薬陶器,ブラック,あり,3800,https://my.ebook5.net/greenpot/catalog/,,,,,,,
グリーンポット,CP-3719GR,ヴェント フレア グリーン 19cm,ー,φ190×H150,14.0,17.0,,釉薬陶器,グリーン,あり,3800,https://my.ebook5.net/greenpot/catalog/,,,,,,,
グリーンポット,CP-3814BK,ヴェント ナロー ブラック 14cm,ー,φ140×H110,10.0,10.0,,釉薬陶器,ブラック,あり,2000,https://my.ebook5.net/greenpot/catalog/,,,,,,,
グリーンポット,CP-3814GR,ヴェント ナロー グリーン 14cm,ー,φ140×H110,10.0,10.0,,釉薬陶器,グリーン,あり,2000,https://my.ebook5.net/greenpot/catalog/,,,,,,,
グリーンポット,CP-3819BK,ヴェント ナロー ブラック 19cm,ー,φ190×H150,13.0,14.0,,釉薬陶器,ブラック,あり,3800,https://my.ebook5.net/greenpot/catalog/,,,,,,,
グリーンポット,CP-3819GR,ヴェント ナロー グリーン 19cm,ー,φ190×H150,13.0,14.0,,釉薬陶器,グリーン,あり,3800,https://my.ebook5.net/greenpot/catalog/,,,,,,,
グリーンポット,CP-3913BE,リュネール ベージュ 13.5cm,ー,φ135×H105,7.8,9.5,,陶器+塗装,ベージュ,あり,2000,https://my.ebook5.net/greenpot/catalog/,,,,,,,
グリーンポット,CP-3913BK,リュネール ブラック 13.5cm,ー,φ135×H105,7.8,9.5,,陶器+塗装,ブラック,あり,2000,https://my.ebook5.net/greenpot/catalog/,,,,,,,
グリーンポット,CP-3913BO,リュネール ボルドー 13.5cm,ー,φ135×H105,7.8,9.5,,陶器+塗装,ボルドー,あり,2000,https://my.ebook5.net/greenpot/catalog/,,,,,,,
グリーンポット,CP-3913WH,リュネール ホワイト 13.5cm,ー,φ135×H105,7.8,9.5,,陶器+塗装,ホワイト,あり,2000,https://my.ebook5.net/greenpot/catalog/,,,,,,,
グリーンポット,CP-4008GR,サボット グリーン 8cm,ー,φ80×H80,6.0,6.5,,釉薬陶器,グリーン,あり,850,https://my.ebook5.net/greenpot/catalog/,,,,,,,
グリーンポット,CP-4008PL,サボット パープル 8cm,ー,φ80×H80,6.0,6.5,,釉薬陶器,パープル,あり,850,https://my.ebook5.net/greenpot/catalog/,,,,,,,
グリーンポット,CP-4008WH,サボット ホワイト 8cm,ー,φ80×H80,6.0,6.5,,釉薬陶器,ホワイト,あり,850,https://my.ebook5.net/greenpot/catalog/,,,,,,,
グリーンポット,CP-4012GR,サボット グリーン 12cm,ー,φ115×H105,8.0,9.5,,釉薬陶器,グリーン,あり,1500,https://my.ebook5.net/greenpot/catalog/,,,,,,,
グリーンポット,CP-4012PL,サボット パープル 12cm,ー,φ115×H105,8.0,9.5,,釉薬陶器,パープル,あり,1500,https://my.ebook5.net/greenpot/catalog/,,,,,,,
グリーンポット,CP-4012WH,サボット ホワイト 12cm,ー,φ115×H105,8.0,9.5,,釉薬陶器,ホワイト,あり,1500,https://my.ebook5.net/greenpot/catalog/,,,,,,,
グリーンポット,CP-4110LV,ミューク シリンダー ラベンダー 10.5cm,ー,φ105×H100,8.0,9.5,,釉薬陶器,ラベンダー,あり,1500,https://my.ebook5.net/greenpot/catalog/,,,,,,,
グリーンポット,CP-4110MO,ミューク シリンダー モカ 10.5cm,ー,φ105×H100,8.0,9.5,,釉薬陶器,モカ,あり,1500,https://my.ebook5.net/greenpot/catalog/,,,,,,,
グリーンポット,CP-4110PI,ミューク シリンダー ピンク 10.5cm,ー,φ105×H100,8.0,9.5,,釉薬陶器,ピンク,あり,1500,https://my.ebook5.net/greenpot/catalog/,,,,,,,
グリーンポット,CP-4110SB,ミューク シリンダー スカイブルー 10.5cm,ー,φ105×H100,8.0,9.5,,釉薬陶器,スカイブルー,あり,1500,https://my.ebook5.net/greenpot/catalog/,,,,,,,
グリーンポット,CP-4110WH,ミューク シリンダー ホワイト 10.5cm,ー,φ105×H100,8.0,9.5,,釉薬陶器,ホワイト,あり,1500,https://my.ebook5.net/greenpot/catalog/,,,,,,,
グリーンポット,CP-4110YE,ミューク シリンダー イエロー 10.5cm,ー,φ105×H100,8.0,9.5,,釉薬陶器,イエロー,あり,1500,https://my.ebook5.net/greenpot/catalog/,,,,,,,
グリーンポット,CP-4211CR,モーフ ボール クリーム 11.5cm,ー,φ115×H115,9.5,6.0,,釉薬陶器,クリーム,あり,1600,https://my.ebook5.net/greenpot/catalog/,,,,,,,
グリーンポット,CP-4211GA,モーフ ボール ガマカーキ 11.5cm,ー,φ115×H115,9.5,6.0,,釉薬陶器,ガマカーキ,あり,1600,https://my.ebook5.net/greenpot/catalog/,,,,,,,
グリーンポット,CP-4211WH,モーフ ボール ホワイト 11.5cm,ー,φ115×H115,9.5,6.0,,釉薬陶器,ホワイト,あり,1600,https://my.ebook5.net/greenpot/catalog/,,,,,,,
グリーンポット,CP-4212CR,モーフ デュオトール クリーム 12.5cm,ー,φ125×H160,14.0,8.0,,釉薬陶器,クリーム,あり,2000,https://my.ebook5.net/greenpot/catalog/,,,,,,,
グリーンポット,CP-4212GA,モーフ デュオトール ガマカーキ 12.5cm,ー,φ125×H160,14.0,8.0,,釉薬陶器,ガマカーキ,あり,2000,https://my.ebook5.net/greenpot/catalog/,,,,,,,
グリーンポット,CP-4212WH,モーフ デュオトール ホワイト 12.5cm,ー,φ125×H160,14.0,8.0,,釉薬陶器,ホワイト,あり,2000,https://my.ebook5.net/greenpot/catalog/,,,,,,,
グリーンポット,CP-4214CR,モーフ ワイド クリーム 14cm,ー,φ140×H100,8.0,9.5,,釉薬陶器,クリーム,あり,1800,https://my.ebook5.net/greenpot/catalog/,,,,,,,
グリーンポット,CP-4214GA,モーフ ワイド ガマカーキ 14cm,ー,φ140×H100,8.0,9.5,,釉薬陶器,ガマカーキ,あり,1800,https://my.ebook5.net/greenpot/catalog/,,,,,,,
グリーンポット,CP-4214WH,モーフ ワイド ホワイト 14cm,ー,φ140×H100,8.0,9.5,,釉薬陶器,ホワイト,あり,1800,https://my.ebook5.net/greenpot/catalog/,,,,,,,
グリーンポット,CP-4312GR,ティエラ トール グリーン 12cm,ー,φ125×H150,13.0,9.0,,釉薬陶器,グリーン,あり,2500,https://my.ebook5.net/greenpot/catalog/,,,,,,,
グリーンポット,CP-4312IB,ティエラ トール アイアンブラック 12cm,ー,φ125×H150,13.0,9.0,,釉薬陶器,アイアンブラック,あり,2500,https://my.ebook5.net/greenpot/catalog/,,,,,,,
グリーンポット,CP-4312WH,ティエラ トール ホワイト 12cm,ー,φ125×H150,13.0,9.0,,釉薬陶器,ホワイト,あり,2500,https://my.ebook5.net/greenpot/catalog/,,,,,,,
グリーンポット,CP-4313GR,ティエラ グリーン 13cm,ー,φ135×H105,8.5,11.0,,釉薬陶器,グリーン,あり,2000,https://my.ebook5.net/greenpot/catalog/,,,,,,,
グリーンポット,CP-4313IB,ティエラ アイアンブラック 13cm,ー,φ135×H105,8.5,11.0,,釉薬陶器,アイアンブラック,あり,2000,https://my.ebook5.net/greenpot/catalog/,,,,,,,
グリーンポット,CP-4313WH,ティエラ ホワイト 13cm,ー,φ135×H105,8.5,11.0,,釉薬陶器,ホワイト,あり,2000,https://my.ebook5.net/greenpot/catalog/,,,,,,,
グリーンポット,CP-4314GR,ティエラ ワイド グリーン 14cm,ー,φ140×H100,8.0,12.0,,釉薬陶器,グリーン,あり,2000,https://my.ebook5.net/greenpot/catalog/,,,,,,,
グリーンポット,CP-4314IB,ティエラ ワイド アイアンブラック 14cm,ー,φ140×H100,8.0,12.0,,釉薬陶器,アイアンブラック,あり,2000,https://my.ebook5.net/greenpot/catalog/,,,,,,,
グリーンポット,CP-4314WH,ティエラ ワイド ホワイト 14cm,ー,φ140×H100,8.0,12.0,,釉薬陶器,ホワイト,あり,2000,https://my.ebook5.net/greenpot/catalog/,,,,,,,
グリーンポット,DE-01090,スタンダードポット 9cm,ー,φ90×H84,7.8,8.2,,テラコッタ,,あり,250,https://my.ebook5.net/greenpot/catalog/,,,,,,,
グリーンポット,DE-01110,スタンダードポット 11cm,ー,φ112×H100,9.5,10.0,,テラコッタ,,あり,300,https://my.ebook5.net/greenpot/catalog/,,,,,,,
グリーンポット,DE-01130,スタンダードポット 13cm,ー,φ131×H113,10.8,12.0,,テラコッタ,,あり,330,https://my.ebook5.net/greenpot/catalog/,,,,,,,
グリーンポット,DE-01150,スタンダードポット 15cm,ー,φ152×H133,12.5,13.5,,テラコッタ,,あり,360,https://my.ebook5.net/greenpot/catalog/,,,,,,,
グリーンポット,DE-01170,スタンダードポット 17cm,ー,φ171×H149,14.0,15.5,,テラコッタ,,あり,400,https://my.ebook5.net/greenpot/catalog/,,,,,,,
グリーンポット,DE-01190,スタンダードポット 19cm,ー,φ199×H175,16.7,18.2,,テラコッタ,,あり,480,https://my.ebook5.net/greenpot/catalog/,,,,,,,
グリーンポット,DE-01210,スタンダードポット 21cm,ー,φ210×H190,18.0,19.5,,テラコッタ,,あり,600,https://my.ebook5.net/greenpot/catalog/,,,,,,,
グリーンポット,DE-01230,スタンダードポット 23cm,ー,φ230×H203,19.0,21.0,,テラコッタ,,あり,720,https://my.ebook5.net/greenpot/catalog/,,,,,,,
グリーンポット,DE-01250,スタンダードポット 25cm,ー,φ251×H217,20.3,23.0,,テラコッタ,,あり,850,https://my.ebook5.net/greenpot/catalog/,,,,,,,
グリーンポット,DE-01270,スタンダードポット 27cm,ー,φ273×H244,22.5,25.0,,テラコッタ,,あり,1100,https://my.ebook5.net/greenpot/catalog/,,,,,,,
グリーンポット,DE-01310,スタンダードポット 31cm,ー,φ315×H276,25.5,28.5,,テラコッタ,,あり,1900,https://my.ebook5.net/greenpot/catalog/,,,,,,,
グリーンポット,DE-0D22CEZ,アルトポット カプチーノM 22cm,ー,φ223×H240,23.0,20.5,,テラコッタ,,あり,1800,https://my.ebook5.net/greenpot/catalog/,,,,,,,
グリーンポット,DE-0D26CEZ,アルトポット カプチーノM 26cm,ー,φ264×H289,27.5,23.0,,テラコッタ,,あり,2800,https://my.ebook5.net/greenpot/catalog/,,,,,,,
グリーンポット,DE-0D30CEZ,アルトポット カプチーノM 30cm,ー,φ305×H325,31.0,28.0,,テラコッタ,,あり,3900,https://my.ebook5.net/greenpot/catalog/,,,,,,,
グリーンポット,DE-0P120,シリンダーポット 12cm,ー,φ120×H91,8.5,10.0,,テラコッタ,,あり,380,https://my.ebook5.net/greenpot/catalog/,,,,,,,
グリーンポット,DE-0P140,シリンダーポット 14cm,ー,φ140×H105,9.8,12.0,,テラコッタ,,あり,500,https://my.ebook5.net/greenpot/catalog/,,,,,,,
グリーンポット,DE-0P180,シリンダーポット 18cm,ー,φ176×H134,12.5,15.5,,テラコッタ,,あり,780,https://my.ebook5.net/greenpot/catalog/,,,,,,,
グリーンポット,DE-0P230,シリンダーポット 23cm,ー,φ228×H172,15.5,19.5,,テラコッタ,,あり,1300,https://my.ebook5.net/greenpot/catalog/,,,,,,,
グリーンポット,DE-1ZW23,スムースボール ホワイト 23cm,ー,φ230×H115,10.5,21.0,,テラコッタ,ﾃﾗｺｯﾀ(ﾍﾞｰｼﾞｭ系),あり,1200,https://my.ebook5.net/greenpot/catalog/,,,,,,,
グリーンポット,DE-1ZW27,スムースボール ホワイト 27cm,ー,φ270×H125,11.5,24.5,,テラコッタ,ﾃﾗｺｯﾀ(ﾍﾞｰｼﾞｭ系),あり,1900,https://my.ebook5.net/greenpot/catalog/,,,,,,,
グリーンポット,DE-1ZW32,スムースボール ホワイト 32cm,ー,φ315×H140,13.0,28.0,,テラコッタ,ﾃﾗｺｯﾀ(ﾍﾞｰｼﾞｭ系),あり,2500,https://my.ebook5.net/greenpot/catalog/,,,,,,,
グリーンポット,DE-31420,リムポット 42cm,10号,φ420×H390,36.0,36.5,,テラコッタ,ﾃﾗｺｯﾀ(ﾚｯﾄﾞ系),あり,7000,https://my.ebook5.net/greenpot/catalog/,,,,,,,
グリーンポット,DE-3142W,リムポット ホワイト 42cm,10号,φ420×H390,36.0,36.5,,テラコッタ,ﾃﾗｺｯﾀ(ﾍﾞｰｼﾞｭ系),あり,8200,https://my.ebook5.net/greenpot/catalog/,,,,,,,
グリーンポット,DE-31470,リムポット 47cm,ー,φ480×H420,39.0,41.5,,テラコッタ,ﾃﾗｺｯﾀ(ﾚｯﾄﾞ系),あり,12000,https://my.ebook5.net/greenpot/catalog/,,,,,,,
グリーンポット,DE-31520,リムポット 52cm,ー,φ520×H460,43.0,45.0,,テラコッタ,ﾃﾗｺｯﾀ(ﾚｯﾄﾞ系),あり,16000,https://my.ebook5.net/greenpot/catalog/,,,,,,,
グリーンポット,DE-3152W,リムポット ホワイト 52cm,ー,φ520×H460,43.0,45.0,,テラコッタ,ﾃﾗｺｯﾀ(ﾍﾞｰｼﾞｭ系),あり,18000,https://my.ebook5.net/greenpot/catalog/,,,,,,,
グリーンポット,DE-4K20JEZ,シリンドリコ カプチーノM 20cm,ー,φ200×H170,16.0,18.0,,テラコッタ,,あり,1900,https://my.ebook5.net/greenpot/catalog/,,,,,,,
グリーンポット,DE-4K25JEZ,シリンドリコ カプチーノM 25cm,ー,φ250×H210,20.0,23.5,,テラコッタ,,あり,2900,https://my.ebook5.net/greenpot/catalog/,,,,,,,
グリーンポット,DE-4M32JEZ,プレーンプランター カプチーノM 32cm,ー,W320×D160×H140,13.0,29.5,13.5,テラコッタ,,あり,3200,https://my.ebook5.net/greenpot/catalog/,,,,,,,
グリーンポット,DE-4M42JEZ,プレーンプランター カプチーノM 42cm,ー,W420×D190×H170,16.0,39.5,16.0,テラコッタ,,あり,4700,https://my.ebook5.net/greenpot/catalog/,,,,,,,
グリーンポット,DE-4S11JPZ,ペルフェット カプチーノ 11cm 穴無し,ー,φ100×H85,8.0,9.0,,テラコッタ,,なし,450,https://my.ebook5.net/greenpot/catalog/,,,,,,,
グリーンポット,DE-4S11WPZ,ペルフェット ホワイト 11cm 穴無し,ー,φ100×H85,8.0,9.0,,テラコッタ,,なし,450,https://my.ebook5.net/greenpot/catalog/,,,,,,,
グリーンポット,DE-4S13JPZ,ペルフェット カプチーノ 13cm 穴無し,ー,φ130×H116,11.0,12.0,,テラコッタ,,なし,550,https://my.ebook5.net/greenpot/catalog/,,,,,,,
グリーンポット,DE-4S13WPZ,ペルフェット ホワイト 13cm 穴無し,ー,φ130×H116,11.0,12.0,,テラコッタ,,なし,550,https://my.ebook5.net/greenpot/catalog/,,,,,,,
グリーンポット,DE-4U24JSZ,ペルフェット カプチーノ 24cm,ー,φ247×H200,18.5,23.0,,テラコッタ,,あり,2400,https://my.ebook5.net/greenpot/catalog/,,,,,,,
グリーンポット,DE-4U24WSZ,ペルフェット ホワイト 24cm,ー,φ247×H200,18.5,23.0,,テラコッタ,,あり,2400,https://my.ebook5.net/greenpot/catalog/,,,,,,,
グリーンポット,DE-4U29JSZ,ペルフェット カプチーノ 29cm,ー,φ295×H240,22.5,27.5,,テラコッタ,,あり,3800,https://my.ebook5.net/greenpot/catalog/,,,,,,,
グリーンポット,DE-4U29WSZ,ペルフェット ホワイト 29cm,ー,φ295×H240,22.5,27.5,,テラコッタ,,あり,3800,https://my.ebook5.net/greenpot/catalog/,,,,,,,
グリーンポット,DE-4U39JSZ,ペルフェット カプチーノ 39cm,ー,φ390×H320,30.0,36.6,,テラコッタ,,あり,7800,https://my.ebook5.net/greenpot/catalog/,,,,,,,
グリーンポット,DE-4U39WSZ,ペルフェット ホワイト 39cm,ー,φ390×H320,30.0,36.6,,テラコッタ,,あり,7800,https://my.ebook5.net/greenpot/catalog/,,,,,,,
グリーンポット,DE-87111,ピアット 11cm,ー,φ110×H20,1.0,9.5,,テラコッタ,ﾃﾗｺｯﾀ(ﾚｯﾄﾞ系),なし,200,https://my.ebook5.net/greenpot/catalog/,,,,,,,
グリーンポット,DE-87131,ピアット 13cm,ー,φ130×H20,1.0,11.5,,テラコッタ,ﾃﾗｺｯﾀ(ﾚｯﾄﾞ系),なし,250,https://my.ebook5.net/greenpot/catalog/,,,,,,,
グリーンポット,DE-87151,ピアット 15cm,ー,φ155×H25,1.5,14.0,,テラコッタ,ﾃﾗｺｯﾀ(ﾚｯﾄﾞ系),なし,300,https://my.ebook5.net/greenpot/catalog/,,,,,,,
グリーンポット,DE-87171,ピアット 17cm,ー,φ175×H25,1.5,15.0,,テラコッタ,ﾃﾗｺｯﾀ(ﾚｯﾄﾞ系),なし,380,https://my.ebook5.net/greenpot/catalog/,,,,,,,
グリーンポット,DE-87211,ピアット 21cm,ー,φ210×H35,2.0,19.0,,テラコッタ,ﾃﾗｺｯﾀ(ﾚｯﾄﾞ系),なし,600,https://my.ebook5.net/greenpot/catalog/,,,,,,,
グリーンポット,DE-87251,ピアット 25cm,ー,φ260×H43,2.5,25.0,,テラコッタ,ﾃﾗｺｯﾀ(ﾚｯﾄﾞ系),なし,820,https://my.ebook5.net/greenpot/catalog/,,,,,,,
グリーンポット,DE-87271,ピアット 27cm,ー,φ280×H45,2.5,25.0,,テラコッタ,ﾃﾗｺｯﾀ(ﾚｯﾄﾞ系),なし,1200,https://my.ebook5.net/greenpot/catalog/,,,,,,,
グリーンポット,DE-87311,ピアット 31cm,ー,φ320×H50,,,,テラコッタ,ﾃﾗｺｯﾀ(ﾚｯﾄﾞ系),なし,1600,https://my.ebook5.net/greenpot/catalog/,,,,,,,
グリーンポット,DE-87361,ピアット 36cm,ー,φ360×H52,3.0,33.0,,テラコッタ,ﾃﾗｺｯﾀ(ﾚｯﾄﾞ系),なし,2800,https://my.ebook5.net/greenpot/catalog/,,,,,,,
グリーンポット,DE-87411,ピアット 41cm,ー,φ410×H55,3.5,37.0,,テラコッタ,ﾃﾗｺｯﾀ(ﾚｯﾄﾞ系),なし,4000,https://my.ebook5.net/greenpot/catalog/,,,,,,,
グリーンポット,DE-M9330HZ,ピエディーノ リシオ 8x4cm 3個入,ー,W120×D80×H37,,,,テラコッタ,,なし,900,https://my.ebook5.net/greenpot/catalog/,,,,,,,
グリーンポット,DF-01B,プラトプラティコ ブラウン,ー,W500×D500×H50,,,,プラスチック,ブラウン　艶無,,2500,https://my.ebook5.net/greenpot/catalog/,,,,,,,
グリーンポット,DF-01G,プラトプラティコ グリーン,ー,W500×D500×H50,,,,プラスチック,グリーン　艶無,,2500,https://my.ebook5.net/greenpot/catalog/,,,,,,,
グリーンポット,DR-0113G,スタンダードポット スクラッチM 13cm,ー,φ133×H114,10.8,11.6,,テラコッタ,,あり,500,https://my.ebook5.net/greenpot/catalog/,,,,,,,
グリーンポット,DR-0113J,スタンダードポット コーヒースクラッチM 13cm,ー,φ133×H114,10.8,11.6,,テラコッタ,,あり,520,https://my.ebook5.net/greenpot/catalog/,,,,,,,
グリーンポット,DR-0123G,スタンダードポット スクラッチM 23cm,ー,φ233×H207,19.8,21.6,,テラコッタ,,あり,1400,https://my.ebook5.net/greenpot/catalog/,,,,,,,
グリーンポット,DR-0123J,スタンダードポット コーヒースクラッチM 23cm,ー,φ233×H207,19.8,21.6,,テラコッタ,,あり,1500,https://my.ebook5.net/greenpot/catalog/,,,,,,,
グリーンポット,DR-0127G,スタンダードポット スクラッチM 27cm,ー,φ270×H245,23.0,24.9,,テラコッタ,,あり,1900,https://my.ebook5.net/greenpot/catalog/,,,,,,,
グリーンポット,DR-0127J,スタンダードポット コーヒースクラッチM 27cm,ー,φ270×H245,23.0,24.9,,テラコッタ,,あり,2100,https://my.ebook5.net/greenpot/catalog/,,,,,,,
グリーンポット,DR-0319G,アルトポット スクラッチM 19cm,ー,φ192×H218,20.8,17.5,,テラコッタ,,あり,1300,https://my.ebook5.net/greenpot/catalog/,,,,,,,
グリーンポット,DR-0319J,アルトポット コーヒースクラッチM 19cm,ー,φ192×H218,20.8,17.5,,テラコッタ,,あり,1500,https://my.ebook5.net/greenpot/catalog/,,,,,,,
グリーンポット,DR-0323G,アルトポット スクラッチM 23cm,ー,φ234×H252,24.0,21.3,,テラコッタ,,あり,1700,https://my.ebook5.net/greenpot/catalog/,,,,,,,
グリーンポット,DR-0323J,アルトポット コーヒースクラッチM 23cm,ー,φ234×H252,24.0,21.3,,テラコッタ,,あり,2000,https://my.ebook5.net/greenpot/catalog/,,,,,,,
グリーンポット,DR-0327G,アルトポット スクラッチM 27cm,ー,φ275×H305,29.0,25.0,,テラコッタ,,あり,2500,https://my.ebook5.net/greenpot/catalog/,,,,,,,
グリーンポット,DR-0327J,アルトポット コーヒースクラッチM 27cm,ー,φ275×H305,29.0,25.0,,テラコッタ,,あり,2900,https://my.ebook5.net/greenpot/catalog/,,,,,,,
グリーンポット,DR-1720G,ジオットポット スクラッチM 20cm,ー,φ203×H169,16.0,18.2,,テラコッタ,,あり,1300,https://my.ebook5.net/greenpot/catalog/,,,,,,,
グリーンポット,DR-1720J,ジオットポット コーヒースクラッチM 20cm,ー,φ203×H169,16.0,18.2,,テラコッタ,,あり,1400,https://my.ebook5.net/greenpot/catalog/,,,,,,,
グリーンポット,DR-1725G,ジオットポット スクラッチM 25cm,ー,φ252×H217,20.8,23.2,,テラコッタ,,あり,1800,https://my.ebook5.net/greenpot/catalog/,,,,,,,
グリーンポット,DR-1725J,ジオットポット コーヒースクラッチM 25cm,ー,φ252×H217,20.8,23.2,,テラコッタ,,あり,2000,https://my.ebook5.net/greenpot/catalog/,,,,,,,
グリーンポット,DR-1730G,ジオットポット スクラッチM 30cm,ー,φ299×H259,25.2,27.4,,テラコッタ,,あり,3300,https://my.ebook5.net/greenpot/catalog/,,,,,,,
グリーンポット,DR-1730J,ジオットポット コーヒースクラッチM 30cm,ー,φ299×H259,25.2,27.4,,テラコッタ,,あり,3800,https://my.ebook5.net/greenpot/catalog/,,,,,,,
グリーンポット,DR-2020G,ジオボール スクラッチM 20cm,ー,φ199×H103,9.3,18.0,,テラコッタ,,あり,1400,https://my.ebook5.net/greenpot/catalog/,,,,,,,
グリーンポット,DR-2020J,ジオボール コーヒースクラッチM 20cm,ー,φ199×H103,9.3,18.0,,テラコッタ,,あり,1500,https://my.ebook5.net/greenpot/catalog/,,,,,,,
グリーンポット,DR-2025G,ジオボール スクラッチM 25cm,ー,φ249×H127,11.8,23.3,,テラコッタ,,あり,1700,https://my.ebook5.net/greenpot/catalog/,,,,,,,
グリーンポット,DR-2025J,ジオボール コーヒースクラッチM 25cm,ー,φ249×H127,11.8,23.3,,テラコッタ,,あり,1800,https://my.ebook5.net/greenpot/catalog/,,,,,,,
グリーンポット,EB-04243555GI,パレストロ2 アンティコ 33×H55,ー,W330×D330×H550,,,,テラコッタ,,なし,24000,https://my.ebook5.net/greenpot/catalog/,,,,,,,
グリーンポット,EB-14249525GI,モンテガロ アンティコ 25cm,ー,φ250×H250,24.0,21.0,,テラコッタ,ﾃﾗｺｯﾀ(ｵﾚﾝｼﾞ系),あり,3800,https://my.ebook5.net/greenpot/catalog/,,,,,,,
グリーンポット,EB-14249535GI,モンテガロ アンティコ 35cm,ー,φ350×H350,33.0,29.0,,テラコッタ,ﾃﾗｺｯﾀ(ｵﾚﾝｼﾞ系),あり,7800,https://my.ebook5.net/greenpot/catalog/,,,,,,,
グリーンポット,EB-14249545GI,モンテガロ アンティコ 45cm,ー,φ450×H450,43.0,37.0,,テラコッタ,ﾃﾗｺｯﾀ(ｵﾚﾝｼﾞ系),あり,16000,https://my.ebook5.net/greenpot/catalog/,,,,,,,
グリーンポット,EB-14249555GI,モンテガロ アンティコ 55cm,ー,φ550×H550,53.0,49.0,,テラコッタ,ﾃﾗｺｯﾀ(ｵﾚﾝｼﾞ系),あり,29000,https://my.ebook5.net/greenpot/catalog/,,,,,,,
グリーンポット,EB-14257445GI,ペラノGI 45xH33cm,ー,φ450×H330,21.0,34.0,,テラコッタ,ﾃﾗｺｯﾀ(ﾋﾟﾝｸ系),あり,26000,https://my.ebook5.net/greenpot/catalog/,,,,,,,
グリーンポット,EB-14258453GI,アンドゥーズ アンティコ  45cm,ー,φ450×H530,51.0,38.0,,テラコッタ,ﾃﾗｺｯﾀ(ｵﾚﾝｼﾞ系),あり,29000,https://my.ebook5.net/greenpot/catalog/,,,,,,,
グリーンポット,EB-14258462GI,アンドゥーズ アンティコ 53cm,ー,φ530×H620,60.0,45.0,,テラコッタ,ﾃﾗｺｯﾀ(ｵﾚﾝｼﾞ系),あり,56000,https://my.ebook5.net/greenpot/catalog/,,,,,,,
グリーンポット,EB-14290685GI,オルシナGI 56xH75cm,ー,φ560×H750,42.0,45.0,,テラコッタ,ﾃﾗｺｯﾀ(ﾋﾟﾝｸ系),あり,75000,https://my.ebook5.net/greenpot/catalog/,,,,,,,
グリーンポット,EB-14290865GI,オルシナGI 48xH65cm,ー,φ480×H650,39.5,38.0,,テラコッタ,ﾃﾗｺｯﾀ(ﾋﾟﾝｸ系),あり,40000,https://my.ebook5.net/greenpot/catalog/,,,,,,,
グリーンポット,EB-14290962GI,カノサGI 38x38xH55cm,ー,W380×D380×H550,,,,テラコッタ,ﾃﾗｺｯﾀ(ﾋﾟﾝｸ系),なし,36000,https://my.ebook5.net/greenpot/catalog/,,,,,,,
グリーンポット,EB-18061639,LLブリティッシュ Pキューブ 39×39×H39,10号,W390×D390×H390,37.0,33.0,33.0,グラスファイバー,グレー　　艶無,あり,19000,https://my.ebook5.net/greenpot/catalog/,,,,,,,
グリーンポット,EB-18061647,LLブリティッシュ Pキューブ 47×47×H47,ー,W470×D470×H470,45.0,40.5,40.5,グラスファイバー,グレー　　艶無,あり,33000,https://my.ebook5.net/greenpot/catalog/,,,,,,,
グリーンポット,EB-18061656,LLブリティッシュ Pキューブ 56×56×H56,ー,W560×D560×H560,54.0,49.0,49.0,グラスファイバー,グレー　　艶無,あり,45000,https://my.ebook5.net/greenpot/catalog/,,,,,,,
グリーンポット,EB-18061760,LLブリティッシュ Pプランター 60×25×H25,ー,W600×D250×H250,24.0,54.0,19.0,グラスファイバー,グレー　　艶無,あり,14000,https://my.ebook5.net/greenpot/catalog/,,,,,,,
グリーンポット,EB-18061780,LLブリティッシュ Pプランター 80×33×H33,ー,W800×D330×H330,32.0,74.5,29.0,グラスファイバー,グレー　　艶無,あり,30000,https://my.ebook5.net/greenpot/catalog/,,,,,,,
グリーンポット,EB-18061799,LLブリティッシュ Pプランター 100×41×H41,ー,W1000×D410×H410,40.0,92.0,34.0,グラスファイバー,グレー　　艶無,あり,50000,https://my.ebook5.net/greenpot/catalog/,,,,,,,
グリーンポット,EB-18062720,BLキンロス L60,ー,W600×D200×H200,19.0,54.0,14.0,グラスファイバー,ブラック　艶無,あり,14000,https://my.ebook5.net/greenpot/catalog/,,,,,,,
グリーンポット,EB-18062731,BLキンロス L80,ー,W800×D310×H310,30.5,73.0,24.0,グラスファイバー,ブラック　艶無,あり,35000,https://my.ebook5.net/greenpot/catalog/,,,,,,,
グリーンポット,EB-18062745,BLキンロス L100,ー,W1000×D450×H450,43.0,90.0,35.0,グラスファイバー,ブラック　艶無,あり,56000,https://my.ebook5.net/greenpot/catalog/,,,,,,,
グリーンポット,EB-18063140,BLチェルトンハム 40cm,10号,W400×D400×H400,39.0,33.0,33.0,グラスファイバー,ブラック　艶無,あり,23000,https://my.ebook5.net/greenpot/catalog/,,,,,,,
グリーンポット,EB-18063150,BLチェルトンハム 50cm,ー,W500×D500×H500,49.0,41.0,41.0,グラスファイバー,ブラック　艶無,あり,38000,https://my.ebook5.net/greenpot/catalog/,,,,,,,
グリーンポット,EB-18063160,BLチェルトンハム 60cm,ー,W600×D600×H600,58.0,51.5,51.5,グラスファイバー,ブラック　艶無,あり,52000,https://my.ebook5.net/greenpot/catalog/,,,,,,,
グリーンポット,EB-18063600,BLヘリッチ,ー,W400×D400×H1000,98.0,31.5,31.5,グラスファイバー,ブラック　艶無,あり,48000,https://my.ebook5.net/greenpot/catalog/,,,,,,,
グリーンポット,EB-34251635GI,コーン アンティコ アイアン付  35cm,ー,φ350×H480,35.0,29.0,,テラコッタ,ﾃﾗｺｯﾀ(ｵﾚﾝｼﾞ系),あり,15000,https://my.ebook5.net/greenpot/catalog/,,,,,,,
グリーンポット,EB-34251645GI,コーン アンティコ アイアン付  46cm,ー,φ460×H620,47.0,40.0,,テラコッタ,ﾃﾗｺｯﾀ(ｵﾚﾝｼﾞ系),あり,22000,https://my.ebook5.net/greenpot/catalog/,,,,,,,
グリーンポット,EB-34267010GI,ポットフィート アンティコ,ー,W100×D40×H65,,,,テラコッタ,,なし,380,https://my.ebook5.net/greenpot/catalog/,,,,,,,
グリーンポット,EB-34278033GI,オリーブ ラウンド アンティコ 33cm,ー,φ330×H290,28.0,28.0,,テラコッタ,,あり,5800,https://my.ebook5.net/greenpot/catalog/,,,,,,,
グリーンポット,EB-34278041GI,オリーブ ラウンド アンティコ 41cm,ー,φ410×H370,35.0,34.5,,テラコッタ,,あり,9800,https://my.ebook5.net/greenpot/catalog/,,,,,,,
グリーンポット,EB-34278050GI,オリーブ ラウンド アンティコ 50cm,ー,φ500×H450,43.0,43.0,,テラコッタ,,あり,24000,https://my.ebook5.net/greenpot/catalog/,,,,,,,
グリーンポット,EB-34278130GI,オリーブ スクエアー アンティコ 30cm,ー,W300×D300×H290,27.0,25.5,25.5,テラコッタ,,あり,6500,https://my.ebook5.net/greenpot/catalog/,,,,,,,
グリーンポット,EB-34278137GI,オリーブ スクエアー アンティコ 37cm,ー,W370×D370×H370,35.0,30.5,30.5,テラコッタ,,あり,12000,https://my.ebook5.net/greenpot/catalog/,,,,,,,
グリーンポット,EB-34278145GI,オリーブ スクエアー アンティコ 45cm,ー,W450×D450×H450,43.0,39.0,39.0,テラコッタ,,あり,24000,https://my.ebook5.net/greenpot/catalog/,,,,,,,
グリーンポット,EB-BA0132AB,ブラックス ラウンド アンティークブラック 32cm,８号,φ320×H270,25.5,27.5,,FRP,アンティークブラック,あり,10000,https://my.ebook5.net/greenpot/catalog/,,,,,,,
グリーンポット,EB-BA0132AC,ブラックス ラウンド アンティーククリーム 32cm,８号,φ320×H270,25.5,27.5,,FRP,アンティーククリーム,あり,10000,https://my.ebook5.net/greenpot/catalog/,,,,,,,
グリーンポット,EB-BA0132AG,ブラックス ラウンド アンティークグレー 32cm,８号,φ320×H270,25.5,27.5,,FRP,アンティークグレー,あり,10000,https://my.ebook5.net/greenpot/catalog/,,,,,,,
グリーンポット,EB-BA0145AB,ブラックス ラウンド アンティークブラック 45cm,10号,φ450×H380,36.6,39.7,,FRP,アンティークブラック,あり,23000,https://my.ebook5.net/greenpot/catalog/,,,,,,,
グリーンポット,EB-BA0145AC,ブラックス ラウンド アンティーククリーム 45cm,10号,φ450×H380,36.6,39.7,,FRP,アンティーククリーム,あり,23000,https://my.ebook5.net/greenpot/catalog/,,,,,,,
グリーンポット,EB-BA0145AG,ブラックス ラウンド アンティークグレー 45cm,10号,φ450×H380,36.6,39.7,,FRP,アンティークグレー,あり,23000,https://my.ebook5.net/greenpot/catalog/,,,,,,,
グリーンポット,EB-BA0230AB,ブラックス バレル アンティークブラック 30cm,,φ300×H308,29.6,21.5,,FRP,アンティークブラック,あり,12000,https://my.ebook5.net/greenpot/catalog/,,,,,,,
グリーンポット,EB-BA0230AC,ブラックス バレル アンティーククリーム 30cm,,φ300×H308,29.6,21.5,,FRP,アンティーククリーム,あり,12000,https://my.ebook5.net/greenpot/catalog/,,,,,,,
グリーンポット,EB-BA0230AG,ブラックス バレル アンティークグレー 30cm,,φ300×H308,29.6,21.5,,FRP,アンティークグレー,あり,12000,https://my.ebook5.net/greenpot/catalog/,,,,,,,
グリーンポット,EB-BA0245AB,ブラックス バレル アンティークブラック 45cm,,φ450×H465,44.0,33.0,,FRP,アンティークブラック,あり,29000,https://my.ebook5.net/greenpot/catalog/,,,,,,,
グリーンポット,EB-BA0245AC,ブラックス バレル アンティーククリーム 45cm,,φ450×H465,44.0,33.0,,FRP,アンティーククリーム,あり,29000,https://my.ebook5.net/greenpot/catalog/,,,,,,,
グリーンポット,EB-BA0245AG,ブラックス バレル アンティークグレー 45cm,,φ450×H465,44.0,33.0,,FRP,アンティークグレー,あり,29000,https://my.ebook5.net/greenpot/catalog/,,,,,,,
グリーンポット,EB-BA0337AB,ブラックス バルーン アンティークブラック 37cm,,φ370×H340,32.8,27.6,,FRP,アンティークブラック,あり,14000,https://my.ebook5.net/greenpot/catalog/,,,,,,,
グリーンポット,EB-BA0337AC,ブラックス バルーン アンティーククリーム 37cm,,φ370×H340,32.8,27.6,,FRP,アンティーククリーム,あり,14000,https://my.ebook5.net/greenpot/catalog/,,,,,,,
グリーンポット,EB-BA0337AG,ブラックス バルーン アンティークグレー 37cm,,φ370×H340,32.8,27.6,,FRP,アンティークグレー,あり,14000,https://my.ebook5.net/greenpot/catalog/,,,,,,,
グリーンポット,EB-BB3126BR,バンドール ボール ブロンズ 31cm,7号,φ310×H260,25.0,23.0,,FRP,ブロンズ,あり,10000,https://my.ebook5.net/greenpot/catalog/,,,,,,,
グリーンポット,EB-BB3126CG,バンドール ボール カッパーグリーン 31cm,7号,φ310×H260,25.0,23.0,,FRP,カッパーグリーン,あり,10000,https://my.ebook5.net/greenpot/catalog/,,,,,,,
グリーンポット,EB-BB4235BR,バンドール ボール ブロンズ 42cm,9号,φ420×H350,34.0,33.0,,FRP,ブロンズ,あり,19000,https://my.ebook5.net/greenpot/catalog/,,,,,,,
グリーンポット,EB-BB4235CG,バンドール ボール カッパーグリーン 42cm,9号,φ420×H350,34.0,33.0,,FRP,カッパーグリーン,あり,19000,https://my.ebook5.net/greenpot/catalog/,,,,,,,
グリーンポット,EB-BR3631BR,バンドール ラウンド ブロンズ 36cm,8号,φ360×H310,30.0,30.0,,FRP,ブロンズ,あり,15000,https://my.ebook5.net/greenpot/catalog/,,,,,,,
グリーンポット,EB-BR3631CG,バンドール ラウンド カッパーグリーン 36cm,8号,φ360×H310,30.0,30.0,,FRP,カッパーグリーン,あり,15000,https://my.ebook5.net/greenpot/catalog/,,,,,,,
グリーンポット,EB-BR4538BR,バンドール ラウンド ブロンズ 45cm,10号,φ450×H380,37.0,39.0,,FRP,ブロンズ,あり,23000,https://my.ebook5.net/greenpot/catalog/,,,,,,,
グリーンポット,EB-BR4538CG,バンドール ラウンド カッパーグリーン 45cm,10号,φ450×H380,37.0,39.0,,FRP,カッパーグリーン,あり,23000,https://my.ebook5.net/greenpot/catalog/,,,,,,,
グリーンポット,EB-BR5546BR,バンドール ラウンド ブロンズ 55cm,ー,φ550×H460,44.0,49.0,,FRP,ブロンズ,あり,36000,https://my.ebook5.net/greenpot/catalog/,,,,,,,
グリーンポット,EB-BR5546CG,バンドール ラウンド カッパーグリーン 55cm,ー,φ550×H460,44.0,49.0,,FRP,カッパーグリーン,あり,36000,https://my.ebook5.net/greenpot/catalog/,,,,,,,
グリーンポット,EB-EC3030BK,エンバス シリンダー ブラック 30cm,8号,φ300×H300,27.5,24.5,,グラスファイバー,ブラック,あり,12000,https://my.ebook5.net/greenpot/catalog/,,,,,,,
グリーンポット,EB-EC3030WH,エンバス シリンダー ホワイト 30cm,8号,φ300×H300,27.5,24.5,,グラスファイバー,ホワイト,あり,12000,https://my.ebook5.net/greenpot/catalog/,,,,,,,
グリーンポット,EB-EC4040BK,エンバス シリンダー ブラック 40cm,10号,φ400×H400,37.5,33.0,,グラスファイバー,ブラック,あり,22000,https://my.ebook5.net/greenpot/catalog/,,,,,,,
グリーンポット,EB-EC4040WH,エンバス シリンダー ホワイト 40cm,10号,φ400×H400,37.5,33.0,,グラスファイバー,ホワイト,あり,22000,https://my.ebook5.net/greenpot/catalog/,,,,,,,
グリーンポット,EB-EC5050BK,エンバス シリンダー ブラック 50cm,ー,φ500×H500,47.0,42.0,,グラスファイバー,ブラック,あり,36000,https://my.ebook5.net/greenpot/catalog/,,,,,,,
グリーンポット,EB-EC5050WH,エンバス シリンダー ホワイト 50cm,ー,φ500×H500,47.0,42.0,,グラスファイバー,ホワイト,あり,36000,https://my.ebook5.net/greenpot/catalog/,,,,,,,
グリーンポット,EB-ES4040BK,エンバス キューブ ブラック 40cm,10号,W400×D400×H402,38.0,33.1,33.1,グラスファイバー,ブラック,あり,27000,https://my.ebook5.net/greenpot/catalog/,,,,,,,
グリーンポット,EB-ES4040WH,エンバス キューブ ホワイト 40cm,10号,W400×D400×H402,38.0,33.1,33.1,グラスファイバー,ホワイト,あり,27000,https://my.ebook5.net/greenpot/catalog/,,,,,,,
グリーンポット,EB-ES5050BK,エンバス キューブ ブラック 50cm,ー,W500×D500×H500,48.3,41.8,41.8,グラスファイバー,ブラック,あり,44000,https://my.ebook5.net/greenpot/catalog/,,,,,,,
グリーンポット,EB-ES5050WH,エンバス キューブ ホワイト 50cm,ー,W500×D500×H500,48.3,41.8,41.8,グラスファイバー,ホワイト,あり,44000,https://my.ebook5.net/greenpot/catalog/,,,,,,,
グリーンポット,EB-FB2318AB,フリット バルーン アンティークブラック 23cm,ー,φ230×H180,15.0,17.0,,テラコッタ+塗装,ﾃﾗｺｯﾀ(ﾌﾞﾗｯｸ系),あり,3200,https://my.ebook5.net/greenpot/catalog/,,,,,,,
グリーンポット,EB-FB2318ACR,フリット バルーン アンティーククリーム 23cm,ー,φ230×H180,15.0,17.0,,テラコッタ+塗装,ﾃﾗｺｯﾀ(ﾎﾜｲﾄ系),あり,3200,https://my.ebook5.net/greenpot/catalog/,,,,,,,
グリーンポット,EB-FB3224AB,フリット バルーン アンティークブラック 32cm,ー,φ320×H240,21.0,24.0,,テラコッタ+塗装,ﾃﾗｺｯﾀ(ﾌﾞﾗｯｸ系),あり,5900,https://my.ebook5.net/greenpot/catalog/,,,,,,,
グリーンポット,EB-FB3224ACR,フリット バルーン アンティーククリーム 32cm,ー,φ320×H240,21.0,24.0,,テラコッタ+塗装,ﾃﾗｺｯﾀ(ﾎﾜｲﾄ系),あり,5900,https://my.ebook5.net/greenpot/catalog/,,,,,,,
グリーンポット,EB-FE2322AB,フリット エッグ アンティークブラック 23cm,ー,φ230×H210,20.0,20.0,,テラコッタ+塗装,ﾃﾗｺｯﾀ(ﾌﾞﾗｯｸ系),あり,3500,https://my.ebook5.net/greenpot/catalog/,,,,,,,
グリーンポット,EB-FE2322ACR,フリット エッグ アンティーククリーム 23cm,ー,φ230×H210,20.0,20.0,,テラコッタ+塗装,ﾃﾗｺｯﾀ(ﾎﾜｲﾄ系),あり,3500,https://my.ebook5.net/greenpot/catalog/,,,,,,,
グリーンポット,EB-FE3028AB,フリット エッグ アンティークブラック 30cm,ー,φ300×H280,27.0,26.0,,テラコッタ+塗装,ﾃﾗｺｯﾀ(ﾌﾞﾗｯｸ系),あり,6000,https://my.ebook5.net/greenpot/catalog/,,,,,,,
グリーンポット,EB-FE3028ACR,フリット エッグ アンティーククリーム 30cm,ー,φ300×H280,27.0,26.0,,テラコッタ+塗装,ﾃﾗｺｯﾀ(ﾎﾜｲﾄ系),あり,6000,https://my.ebook5.net/greenpot/catalog/,,,,,,,
グリーンポット,EB-GC6041GY,グラナイト ローシリンダー 60cm,ー,φ600×H410,40.0,53.0,,グラスファイバー,,あり,48000,https://my.ebook5.net/greenpot/catalog/,,,,,,,
グリーンポット,EB-GC8061GY,グラナイト ローシリンダー 80cm,ー,φ800×H610,59.0,71.0,,グラスファイバー,,あり,110000,https://my.ebook5.net/greenpot/catalog/,,,,,,,
グリーンポット,EB-GE3631GY,グラナイト エッグ 36cm,8号,φ360×H320,30.5,31.0,,FRP,,あり,13000,https://my.ebook5.net/greenpot/catalog/,,,,,,,
グリーンポット,EB-GE4538GY,グラナイト エッグ 45cm,10号,φ450×H390,37.0,38.5,,グラスファイバー,,あり,23000,https://my.ebook5.net/greenpot/catalog/,,,,,,,
グリーンポット,EB-GE5546GY,グラナイト エッグ 55cm,ー,φ550×H470,45.0,46.5,,グラスファイバー,,あり,36000,https://my.ebook5.net/greenpot/catalog/,,,,,,,
グリーンポット,EB-HZ0123AN,ハウズ トールスクエアー アンティークブラウン 23cm,ー,W230×D230×H450,42.5,20.0,20.0,テラコッタ+塗装,アンティークブラウン,あり,11000,https://my.ebook5.net/greenpot/catalog/,,,,,,,
グリーンポット,EB-HZ0123NV,ハウズ トールスクエアー アンティークアンバー 23cm,ー,W230×D230×H450,42.5,20.0,20.0,テラコッタ+塗装,アンティークアンバー,あり,11000,https://my.ebook5.net/greenpot/catalog/,,,,,,,
グリーンポット,EB-HZ0123XN,ハウズ トールスクエアー アンティークライトグレー 23cm,ー,W230×D230×H450,42.5,20.0,20.0,テラコッタ+塗装,アンティークライトグレー,あり,11000,https://my.ebook5.net/greenpot/catalog/,,,,,,,
グリーンポット,EB-HZ0223AN,ハウズ スクエアー アンティークブラウン 23cm,ー,W230×D230×H230,20.5,20.0,20.0,テラコッタ+塗装,アンティークブラウン,あり,5800,https://my.ebook5.net/greenpot/catalog/,,,,,,,
グリーンポット,EB-HZ0223NV,ハウズ スクエアー アンティークアンバー 23cm,ー,W230×D230×H230,20.5,20.0,20.0,テラコッタ+塗装,アンティークアンバー,あり,5800,https://my.ebook5.net/greenpot/catalog/,,,,,,,
グリーンポット,EB-HZ0223XN,ハウズ スクエアー アンティークライトグレー 23cm,ー,W230×D230×H230,20.5,20.0,20.0,テラコッタ+塗装,アンティークライトグレー,あり,5800,https://my.ebook5.net/greenpot/catalog/,,,,,,,
グリーンポット,EB-HZ0228AN,ハウズ スクエアー アンティークブラウン 28cm,ー,W280×D280×H280,25.5,25.0,25.0,テラコッタ+塗装,アンティークブラウン,あり,8500,https://my.ebook5.net/greenpot/catalog/,,,,,,,
グリーンポット,EB-HZ0228NV,ハウズ スクエアー アンティークアンバー 28cm,ー,W280×D280×H280,25.5,25.0,25.0,テラコッタ+塗装,アンティークアンバー,あり,8500,https://my.ebook5.net/greenpot/catalog/,,,,,,,
グリーンポット,EB-HZ0228XN,ハウズ スクエアー アンティークライトグレー 28cm,ー,W280×D280×H280,25.5,25.0,25.0,テラコッタ+塗装,アンティークライトグレー,あり,8500,https://my.ebook5.net/greenpot/catalog/,,,,,,,
グリーンポット,EB-HZ0325AN,ハウズ ラウンド アンティークブラウン 25cm,ー,φ250×H230,20.5,22.4,,テラコッタ+塗装,アンティークブラウン,あり,5200,https://my.ebook5.net/greenpot/catalog/,,,,,,,
グリーンポット,EB-HZ0325NV,ハウズ ラウンド アンティークアンバー 25cm,ー,φ250×H230,20.5,22.4,,テラコッタ+塗装,アンティークアンバー,あり,5200,https://my.ebook5.net/greenpot/catalog/,,,,,,,
グリーンポット,EB-HZ0325XN,ハウズ ラウンド アンティークライトグレー 25cm,ー,φ250×H230,20.5,22.4,,テラコッタ+塗装,アンティークライトグレー,あり,5200,https://my.ebook5.net/greenpot/catalog/,,,,,,,
グリーンポット,EB-HZ0330AN,ハウズ ラウンド アンティークブラウン 30cm,ー,φ300×H280,25.5,27.2,,テラコッタ+塗装,アンティークブラウン,あり,8000,https://my.ebook5.net/greenpot/catalog/,,,,,,,
グリーンポット,EB-HZ0330NV,ハウズ ラウンド アンティークアンバー 30cm,ー,φ300×H280,25.5,27.2,,テラコッタ+塗装,アンティークアンバー,あり,8000,https://my.ebook5.net/greenpot/catalog/,,,,,,,
グリーンポット,EB-HZ0330XN,ハウズ ラウンド アンティークライトグレー 30cm,ー,φ300×H280,25.5,27.2,,テラコッタ+塗装,アンティークライトグレー,あり,8000,https://my.ebook5.net/greenpot/catalog/,,,,,,,
グリーンポット,EB-HZ0423AN,ハウズ ミドルラウンド アンティークブラウン 23cm,ー,φ230×H280,25.5,20.2,,テラコッタ+塗装,アンティークブラウン,あり,5800,https://my.ebook5.net/greenpot/catalog/,,,,,,,
グリーンポット,EB-HZ0423NV,ハウズ ミドルラウンド アンティークアンバー 23cm,ー,φ230×H280,25.5,20.2,,テラコッタ+塗装,アンティークアンバー,あり,5800,https://my.ebook5.net/greenpot/catalog/,,,,,,,
グリーンポット,EB-HZ0423XN,ハウズ ミドルラウンド アンティークライトグレー 23cm,ー,φ230×H280,25.5,20.2,,テラコッタ+塗装,アンティークライトグレー,あり,5800,https://my.ebook5.net/greenpot/catalog/,,,,,,,
グリーンポット,EB-KB2428DB,カイト バルーン ダークブラック 24cm,ー,φ240×H280,27.0,18.0,,テラコッタ+塗装,ダークブラック,あり,4800,https://my.ebook5.net/greenpot/catalog/,,,,,,,
グリーンポット,EB-KB2428IV,カイト バルーン アイボリー 24cm,ー,φ240×H280,27.0,18.0,,テラコッタ+塗装,アイボリー,あり,4800,https://my.ebook5.net/greenpot/catalog/,,,,,,,
グリーンポット,EB-KB3035DB,カイト バルーン ダークブラック 30cm,ー,φ300×H350,34.0,23.0,,テラコッタ+塗装,ダークブラック,あり,7800,https://my.ebook5.net/greenpot/catalog/,,,,,,,
グリーンポット,EB-KB3035IV,カイト バルーン アイボリー 30cm,ー,φ300×H350,34.0,23.0,,テラコッタ+塗装,アイボリー,あり,7800,https://my.ebook5.net/greenpot/catalog/,,,,,,,
グリーンポット,EB-KS2102DB,カイト ソーサー ダークブラック 21cm,ー,φ210×H25,1.5,19.0,,テラコッタ+塗装,ダークブラック,あり,1300,https://my.ebook5.net/greenpot/catalog/,,,,,,,
グリーンポット,EB-KS2102IV,カイト ソーサー アイボリー 21cm,ー,φ210×H25,1.5,19.0,,テラコッタ+塗装,アイボリー,あり,1300,https://my.ebook5.net/greenpot/catalog/,,,,,,,
グリーンポット,EB-KS2502DB,カイト ソーサー ダークブラック 25cm,ー,φ250×H25,1.5,22.5,,テラコッタ+塗装,ダークブラック,あり,1600,https://my.ebook5.net/greenpot/catalog/,,,,,,,
グリーンポット,EB-KS2502IV,カイト ソーサー アイボリー 25cm,ー,φ250×H25,1.5,22.5,,テラコッタ+塗装,アイボリー,あり,1600,https://my.ebook5.net/greenpot/catalog/,,,,,,,
グリーンポット,EB-KW2520DB,カイト ボール ダークブラック 24cm,ー,φ240×H200,19.0,18.5,,テラコッタ+塗装,ダークブラック,あり,3900,https://my.ebook5.net/greenpot/catalog/,,,,,,,
グリーンポット,EB-KW2520IV,カイト ボール アイボリー 24cm,ー,φ240×H200,19.0,18.5,,テラコッタ+塗装,アイボリー,あり,3900,https://my.ebook5.net/greenpot/catalog/,,,,,,,
グリーンポット,EB-LB3332AB,リーヴァ バルーン アンティークブラック 33cm,8号,φ330×H320,31.0,26.0,,FRP,アンティークブラック,あり,14000,https://my.ebook5.net/greenpot/catalog/,,,,,,,
グリーンポット,EB-LB3332AW,リーヴァ バルーン アンティークホワイト 33cm,8号,φ330×H320,31.0,26.0,,FRP,アンティークホワイト,あり,14000,https://my.ebook5.net/greenpot/catalog/,,,,,,,
グリーンポット,EB-LB3332TA,リーヴァ バルーン テラアンティーク 33cm,8号,φ330×H320,31.0,26.0,,FRP,テラアンティーク,あり,14000,https://my.ebook5.net/greenpot/catalog/,,,,,,,
グリーンポット,EB-LB4444AB,リーヴァ バルーン アンティークブラック 44cm,10号,φ440×H440,43.0,35.0,,FRP,アンティークブラック,あり,28000,https://my.ebook5.net/greenpot/catalog/,,,,,,,
グリーンポット,EB-LB4444AW,リーヴァ バルーン アンティークホワイト 44cm,10号,φ440×H440,43.0,35.0,,FRP,アンティークホワイト,あり,28000,https://my.ebook5.net/greenpot/catalog/,,,,,,,
グリーンポット,EB-LB4444TA,リーヴァ バルーン テラアンティーク 44cm,10号,φ440×H440,43.0,35.0,,FRP,テラアンティーク,あり,28000,https://my.ebook5.net/greenpot/catalog/,,,,,,,
グリーンポット,EB-LL3325AB,リーヴァ ローバルーン アンティークブラック 33cm,7号,φ330×H255,24.0,26.0,,FRP,アンティークブラック,あり,12000,https://my.ebook5.net/greenpot/catalog/,,,,,,,
グリーンポット,EB-LL3325AW,リーヴァ ローバルーン アンティークホワイト 33cm,7号,φ330×H255,24.0,26.0,,FRP,アンティークホワイト,あり,12000,https://my.ebook5.net/greenpot/catalog/,,,,,,,
グリーンポット,EB-LL3325TA,リーヴァ ローバルーン テラアンティーク 33cm,7号,φ330×H255,24.0,26.0,,FRP,テラアンティーク,あり,12000,https://my.ebook5.net/greenpot/catalog/,,,,,,,
グリーンポット,EB-LL4433AB,リーヴァ ローバルーン アンティークブラック 44cm,9号,φ440×H330,32.0,35.0,,FRP,アンティークブラック,あり,22000,https://my.ebook5.net/greenpot/catalog/,,,,,,,
グリーンポット,EB-LL4433AW,リーヴァ ローバルーン アンティークホワイト 44cm,9号,φ440×H330,32.0,35.0,,FRP,アンティークホワイト,あり,22000,https://my.ebook5.net/greenpot/catalog/,,,,,,,
グリーンポット,EB-LL4433TA,リーヴァ ローバルーン テラアンティーク 44cm,9号,φ440×H330,32.0,35.0,,FRP,,あり,22000,https://my.ebook5.net/greenpot/catalog/,,,,,,,
グリーンポット,EB-MB1270AW,モードライト ボウル AW 120cm,ー,φ1200×H690,66.5,106.0,,グラスファイバー,,あり,260000,https://my.ebook5.net/greenpot/catalog/,,,,,,,
グリーンポット,EB-MB1270LG,モードライト ボウル LG 120cm,ー,φ1200×H690,66.5,106.0,,グラスファイバー,,あり,260000,https://my.ebook5.net/greenpot/catalog/,,,,,,,
グリーンポット,EB-MB3428AW,モードライト バレルAW 34cm,8号,φ340×H280,26.5,28.0,,グラスファイバー,,あり,12000,https://my.ebook5.net/greenpot/catalog/,,,,,,,
グリーンポット,EB-MB3428LG,モードライト バレル 34cm,8号,φ340×H280,26.5,28.0,,グラスファイバー,,あり,12000,https://my.ebook5.net/greenpot/catalog/,,,,,,,
グリーンポット,EB-MB4436AW,モードライト バレルAW 44cm,10号,φ440×H360,34.5,36.0,,グラスファイバー,,あり,22000,https://my.ebook5.net/greenpot/catalog/,,,,,,,
グリーンポット,EB-MB4436LG,モードライト バレル 44cm,10号,φ440×H360,34.5,36.0,,グラスファイバー,,あり,22000,https://my.ebook5.net/greenpot/catalog/,,,,,,,
グリーンポット,EB-MB9045AW,モードライト ボウル AW 90cm,ー,φ900×H436,42.5,75.5,,グラスファイバー,,あり,92000,https://my.ebook5.net/greenpot/catalog/,,,,,,,
グリーンポット,EB-MB9045LG,モードライト ボウル LG 90cm,ー,φ900×H436,42.5,75.5,,グラスファイバー,,あり,92000,https://my.ebook5.net/greenpot/catalog/,,,,,,,
グリーンポット,EB-MC3535LG,モードライト キューブ 35cm,8号,W350×D350×H350,34.0,29.5,29.5,グラスファイバー,,あり,15000,https://my.ebook5.net/greenpot/catalog/,,,,,,,
グリーンポット,EB-MC4545LG,モードライト キューブ 45cm,10号,W450×D450×H450,44.0,39.0,39.0,グラスファイバー,,あり,31000,https://my.ebook5.net/greenpot/catalog/,,,,,,,
グリーンポット,EB-MC5555LG,モードライト キューブ 55cm,ー,W550×D550×H550,54.0,46.5,46.5,グラスファイバー,,あり,47000,https://my.ebook5.net/greenpot/catalog/,,,,,,,
グリーンポット,EB-MC8080LG,モードライト キューブ 80cm,ー,W800×D800×H800,79.0,64.0,64.0,グラスファイバー,,あり,170000,https://my.ebook5.net/greenpot/catalog/,,,,,,,
グリーンポット,EB-MH3570AW,モードライト ハイキューブAW H70cm,ー,W350×D350×H700,68.5,29.0,29.0,グラスファイバー,,あり,38000,https://my.ebook5.net/greenpot/catalog/,,,,,,,
グリーンポット,EB-MH3570LG,モードライト ハイキューブ H70cm,ー,W350×D350×H700,68.5,29.0,29.0,グラスファイバー,,あり,38000,https://my.ebook5.net/greenpot/catalog/,,,,,,,
グリーンポット,EB-MH7070AW,モードライト ハイボックスAW H70cm,ー,W700×D350×H700,68.5,64.0,28.5,グラスファイバー,,あり,64000,https://my.ebook5.net/greenpot/catalog/,,,,,,,
グリーンポット,EB-MH7070LG,モードライト ハイボックス H70cm,ー,W700×D350×H700,68.5,64.0,28.5,グラスファイバー,,あり,64000,https://my.ebook5.net/greenpot/catalog/,,,,,,,
グリーンポット,EB-ML0060LG,モードライト ローキューブ 100cm,ー,W1000×D1000×H600,59.0,85.5,85.5,グラスファイバー,,あり,190000,https://my.ebook5.net/greenpot/catalog/,,,,,,,
グリーンポット,EB-ML6040LG,モードライト ローキューブ 60cm,ー,W600×D600×H425,39.5,48.0,48.0,グラスファイバー,,あり,52000,https://my.ebook5.net/greenpot/catalog/,,,,,,,
グリーンポット,EB-ML6041AW,モードライト ローキューブAW 60cm,ー,W600×D600×H425,39.5,48.0,48.0,グラスファイバー,,あり,52000,https://my.ebook5.net/greenpot/catalog/,,,,,,,
グリーンポット,EB-MO0110AW,モードライト ローボウル AW 100cm,ー,φ990×H285,27.5,87.0,,FRP,,あり,63000,https://my.ebook5.net/greenpot/catalog/,,,,,,,
グリーンポット,EB-MO0110LG,モードライト ローボウル LG 100cm,ー,φ990×H285,27.5,87.0,,FRP,,あり,63000,https://my.ebook5.net/greenpot/catalog/,,,,,,,
グリーンポット,EB-MO0155AW,モードライト ローボウル AW 55cm,ー,φ550×H165,15.5,50.0,,FRP,,あり,14000,https://my.ebook5.net/greenpot/catalog/,,,,,,,
グリーンポット,EB-MO0155LG,モードライト ローボウル LG 55cm,ー,φ550×H165,15.5,50.0,,FRP,,あり,14000,https://my.ebook5.net/greenpot/catalog/,,,,,,,
グリーンポット,EB-MO0170AW,モードライト ローボウル AW 70cm,ー,φ700×H205,19.5,64.0,,FRP,,あり,30000,https://my.ebook5.net/greenpot/catalog/,,,,,,,
グリーンポット,EB-MO0170LG,モードライト ローボウル LG 70cm,ー,φ700×H205,19.5,64.0,,FRP,,あり,30000,https://my.ebook5.net/greenpot/catalog/,,,,,,,
グリーンポット,EB-MP1560AW,モードライト プランター AW 150cm,ー,W1500×D600×H610,59.0,138.0,48.0,グラスファイバー,,あり,180000,https://my.ebook5.net/greenpot/catalog/,,,,,,,
グリーンポット,EB-MP1560LG,モードライト プランター LG 150cm,ー,W1500×D600×H610,59.0,138.0,48.0,グラスファイバー,,あり,180000,https://my.ebook5.net/greenpot/catalog/,,,,,,,
グリーンポット,EB-MP8031LG,モードライト プランター 80cm,ー,W800×D310×H310,30.0,73.0,24.0,グラスファイバー,,あり,33000,https://my.ebook5.net/greenpot/catalog/,,,,,,,
グリーンポット,EB-MP9945AW,モードライト プランター AW 100cm,ー,W1000×D450×H450,42.8,91.5,36.8,グラスファイバー,,あり,58000,https://my.ebook5.net/greenpot/catalog/,,,,,,,
グリーンポット,EB-MP9945LG,モードライト プランター LG 100cm,ー,W1000×D450×H450,42.8,91.5,36.8,グラスファイバー,,あり,58000,https://my.ebook5.net/greenpot/catalog/,,,,,,,
グリーンポット,EB-MR4538LG,モードライト ラウンド 45cm,10号,φ450×H380,37.0,38.5,,グラスファイバー,,あり,20000,https://my.ebook5.net/greenpot/catalog/,,,,,,,
グリーンポット,EB-MR5546LG,モードライト ラウンド 55cm,ー,φ550×H460,45.0,46.0,,グラスファイバー,,あり,35000,https://my.ebook5.net/greenpot/catalog/,,,,,,,
グリーンポット,EB-MR8066LG,モードライト ラウンド 80cm,ー,φ800×H660,65.0,71.0,,グラスファイバー,,あり,90000,https://my.ebook5.net/greenpot/catalog/,,,,,,,
グリーンポット,EB-MW1165AW,モードライト ワイドエッグAW 110cm,ー,φ1090×H660,65.0,96.0,,グラスファイバー,,あり,150000,https://my.ebook5.net/greenpot/catalog/,,,,,,,
グリーンポット,EB-MW1165LG,モードライト ワイドエッグ 110cm,ー,φ1090×H660,65.0,96.0,,グラスファイバー,,あり,150000,https://my.ebook5.net/greenpot/catalog/,,,,,,,
グリーンポット,EB-MY6041AW,モードライト ローシリンダーAW 60cm,ー,φ600×H410,40.0,53.0,,グラスファイバー,,あり,45000,https://my.ebook5.net/greenpot/catalog/,,,,,,,
グリーンポット,EB-MY6041LG,モードライト ローシリンダー 60cm,ー,φ600×H410,40.0,53.0,,グラスファイバー,,あり,45000,https://my.ebook5.net/greenpot/catalog/,,,,,,,
グリーンポット,EB-MY8061AW,モードライト ローシリンダーAW 80cm,ー,φ800×H610,59.0,71.0,,グラスファイバー,,あり,105000,https://my.ebook5.net/greenpot/catalog/,,,,,,,
グリーンポット,EB-MY8061LG,モードライト ローシリンダー 80cm,ー,φ800×H610,59.0,71.0,,グラスファイバー,,あり,105000,https://my.ebook5.net/greenpot/catalog/,,,,,,,
グリーンポット,EB-OC0195LG,オクタジオ ワイド ライトグレー 95cm,ー,φ955×H600,59.0,68.0,,FRP,ライトグレー,あり,180000,https://my.ebook5.net/greenpot/catalog/,,,,,,,
グリーンポット,EB-OC0195MA,オクタジオ ワイド マキアート 95cm,ー,φ955×H600,59.0,68.0,,FRP,マキアート,あり,180000,https://my.ebook5.net/greenpot/catalog/,,,,,,,
グリーンポット,EB-OC0247LG,オクタジオ ミドル ライトグレー 47cm,10号,φ480×H520,49.0,34.0,,FRP,ライトグレー,あり,36000,https://my.ebook5.net/greenpot/catalog/,,,,,,,
グリーンポット,EB-OC0247MA,オクタジオ ミドル マキアート 47cm,10号,φ480×H520,49.0,34.0,,FRP,マキアート,あり,36000,https://my.ebook5.net/greenpot/catalog/,,,,,,,
グリーンポット,EB-OC0346LG,オクタジオ ローコア ライトグレー 46cm,10号,φ460×H400,38.5,34.0,,FRP,ライトグレー,あり,29000,https://my.ebook5.net/greenpot/catalog/,,,,,,,
グリーンポット,EB-OC0346MA,オクタジオ ローコア マキアート 46cm,10号,φ460×H400,38.5,34.0,,FRP,マキアート,あり,29000,https://my.ebook5.net/greenpot/catalog/,,,,,,,
グリーンポット,EB-OC0437LG,オクタジオ ハイコア ライトグレー 37cm,8号,φ370×H320,31.0,27.0,,FRP,ライトグレー,あり,16000,https://my.ebook5.net/greenpot/catalog/,,,,,,,
グリーンポット,EB-OC0437MA,オクタジオ ハイコア マキアート 37cm,8号,φ370×H320,31.0,27.0,,FRP,マキアート,あり,16000,https://my.ebook5.net/greenpot/catalog/,,,,,,,
グリーンポット,EB-PC2024AB,ペデスタル シリンダー アンティークブラック 20cm,ー,φ200×H240,,,,テラコッタ,アンティークブラック,あり,4300,https://my.ebook5.net/greenpot/catalog/,,,,,,,
グリーンポット,EB-PC2024AC,ペデスタル シリンダー アンティーククリーム 20cm,ー,φ200×H240,,,,テラコッタ,アンティークホワイト,あり,4300,https://my.ebook5.net/greenpot/catalog/,,,,,,,
グリーンポット,EB-PC2238AB,ペデスタル トールシリンダー アンティークブラック 22cm,ー,φ220×H380,,,,テラコッタ,アンティークブラック,あり,7300,https://my.ebook5.net/greenpot/catalog/,,,,,,,
グリーンポット,EB-PC2238AC,ペデスタル トールシリンダー アンティーククリーム 22cm,ー,φ220×H380,,,,テラコッタ,アンティーククリーム,あり,7300,https://my.ebook5.net/greenpot/catalog/,,,,,,,
グリーンポット,EB-PC2727AB,ペデスタル シリンダー アンティークブラック 27cm,ー,φ270×H270,,,,テラコッタ,アンティークブラック,あり,6400,https://my.ebook5.net/greenpot/catalog/,,,,,,,
グリーンポット,EB-PC2727AC,ペデスタル シリンダー アンティーククリーム 27cm,ー,φ270×H270,,,,テラコッタ,アンティーククリーム,あり,6400,https://my.ebook5.net/greenpot/catalog/,,,,,,,
グリーンポット,EB-PD2445AB,ペデスタル ダブル アンティークブラック 24cm,ー,φ245×H450,,,,テラコッタ,アンティークブラック,あり,11000,https://my.ebook5.net/greenpot/catalog/,,,,,,,
グリーンポット,EB-PD2445LG,ペデスタル ダブル アンティークグレー 24cm,ー,φ245×H450,,,,テラコッタ,アンティークグレー,あり,11000,https://my.ebook5.net/greenpot/catalog/,,,,,,,
グリーンポット,EB-PFL1002BK,ポットフィート ライト ブラック 10x2cm,ー,W100×D100×H20,,,,グラスファイバー,ブラック　艶無,なし,1000,https://my.ebook5.net/greenpot/catalog/,,,,,,,
グリーンポット,EB-PFL1002GY,ポットフィート ライト グレー 10x2cm,ー,W100×D100×H20,,,,FRP,,なし,1000,https://my.ebook5.net/greenpot/catalog/,,,,,,,
グリーンポット,EB-PFL1002LE,ポットフィート ライト リード 10x2cm,ー,W100×D100×H20,,,,グラスファイバー,グレー　　艶無,なし,1000,https://my.ebook5.net/greenpot/catalog/,,,,,,,
グリーンポット,EB-PFT1003BK,ポットフィート テラコッタ ブラック 10x3cm,ー,W100×D100×H20,,,,テラコッタ+塗装,ブラック　艶無,なし,450,https://my.ebook5.net/greenpot/catalog/,,,,,,,
グリーンポット,EB-PFT1003GY,ポットフィート テラコッタ グレー 10x3cm,ー,W100×D100×H20,,,,テラコッタ+塗装,,なし,450,https://my.ebook5.net/greenpot/catalog/,,,,,,,
グリーンポット,EB-PFT1003LE,ポットフィート テラコッタ リード 10x3cm,ー,W100×D100×H20,,,,テラコッタ+塗装,グレー　　艶無,なし,450,https://my.ebook5.net/greenpot/catalog/,,,,,,,
グリーンポット,EB-PL239031BM,ビアス アルトエッグ ブラック 31x36.5cm,8号,φ310×H365,35.5,27.5,,ポリストーン,ブラック,あり,9800,https://my.ebook5.net/greenpot/catalog/,,,,,,,
グリーンポット,EB-PL239031IV,ビアス アルトエッグ アイボリー31x36.5cm,8号,φ310×H365,35.5,27.5,,ポリストーン,アイボリー,あり,9800,https://my.ebook5.net/greenpot/catalog/,,,,,,,
グリーンポット,EB-PL239043BM,ビアス アルトエッグ ブラック 43x50cm,10号,φ430×H500,49.0,38.5,,ポリストーン,ブラック,あり,19800,https://my.ebook5.net/greenpot/catalog/,,,,,,,
グリーンポット,EB-PL239043IV,ビアス アルトエッグ アイボリー 43x50cm,10号,φ430×H500,49.0,38.5,,ポリストーン,アイボリー,あり,19800,https://my.ebook5.net/greenpot/catalog/,,,,,,,
グリーンポット,EB-PL240031BM,ビアス ソリッド ブラック 31x29cm,8号,φ310×H290,28.0,27.5,,ポリストーン,ブラック,あり,8800,https://my.ebook5.net/greenpot/catalog/,,,,,,,
グリーンポット,EB-PL240031IV,ビアス ソリッド アイボリー 31X29cm,8号,φ310×H290,28.0,27.5,,ポリストーン,アイボリー,あり,8800,https://my.ebook5.net/greenpot/catalog/,,,,,,,
グリーンポット,EB-PL240043BM,ビアス ソリッド ブラック 43x40cm,10号,φ430×H400,39.0,39.5,,ポリストーン,ブラック,あり,17000,https://my.ebook5.net/greenpot/catalog/,,,,,,,
グリーンポット,EB-PL240043IV,ビアス ソリッド アイボリー 43x40cm,10号,φ430×H400,39.0,39.5,,ポリストーン,アイボリー,あり,17000,https://my.ebook5.net/greenpot/catalog/,,,,,,,
グリーンポット,EB-PL241080BM,ビアス リムス ブラック 80X69cm,ー,φ800×H690,68.0,70.0,,ポリストーン,ブラック,あり,42000,https://my.ebook5.net/greenpot/catalog/,,,,,,,
グリーンポット,EB-PL241080IV,ビアス リムス アイボリー 80x69cm,ー,φ800×H690,68.0,70.0,,ポリストーン,アイボリー,あり,42000,https://my.ebook5.net/greenpot/catalog/,,,,,,,
グリーンポット,EB-PL244027BM,ビアス ソーサー ラウンド ブラック 27cm,ー,φ255×H50,4.5,23.0,,ポリストーン,ブラック,なし,2500,https://my.ebook5.net/greenpot/catalog/,,,,,,,
グリーンポット,EB-PL244027IV,ビアス ソーサー ラウンド アイボリー 27cm,ー,φ255×H50,4.5,23.0,,ポリストーン,アイボリー,なし,2500,https://my.ebook5.net/greenpot/catalog/,,,,,,,
グリーンポット,EB-PL244034BM,ビアス ソーサー ラウンド ブラック 34cm,ー,φ340×H50,4.5,32.0,,ポリストーン,ブラック,なし,3500,https://my.ebook5.net/greenpot/catalog/,,,,,,,
グリーンポット,EB-PL244034IV,ビアス ソーサー ラウンド アイボリー 34cm,ー,φ340×H50,4.5,32.0,,ポリストーン,アイボリー,なし,3500,https://my.ebook5.net/greenpot/catalog/,,,,,,,
グリーンポット,EB-PL872030BM,リガンデ キューブ ブラック 30cm,8号,W300×D300×H300,29.0,25.0,25.0,ポリストーン,ブラック,あり,13000,https://my.ebook5.net/greenpot/catalog/,,,,,,,
グリーンポット,EB-PL872030IV,リガンデ キューブ アイボリー 30cm,8号,W300×D300×H300,29.0,25.0,25.0,ポリストーン,アイボリー,あり,13000,https://my.ebook5.net/greenpot/catalog/,,,,,,,
グリーンポット,EB-PL872040BM,リガンデ キューブ ブラック 40cm,10号,W400×D400×H400,38.0,32.5,32.5,ポリストーン,ブラック,あり,19000,https://my.ebook5.net/greenpot/catalog/,,,,,,,
グリーンポット,EB-PL872040IV,リガンデ キューブ アイボリー 40cm,10号,W400×D400×H400,38.0,32.5,32.5,ポリストーン,アイボリー,あり,19000,https://my.ebook5.net/greenpot/catalog/,,,,,,,
グリーンポット,EB-PL872050BM,リガンデ キューブ ブラック 50cm,ー,W500×D500×H500,48.0,42.0,42.0,ポリストーン,ブラック,あり,33000,https://my.ebook5.net/greenpot/catalog/,,,,,,,
グリーンポット,EB-PL872050IV,リガンデ キューブ アイボリー 50cm,ー,W500×D500×H500,48.0,42.0,42.0,ポリストーン,アイボリー,あり,33000,https://my.ebook5.net/greenpot/catalog/,,,,,,,
グリーンポット,EB-PL872060BM,リガンデ キューブ ブラック 60cm,ー,W600×D600×H600,58.0,52.0,52.0,ポリストーン,ブラック,あり,48000,https://my.ebook5.net/greenpot/catalog/,,,,,,,
グリーンポット,EB-PL872060IV,リガンデ キューブ アイボリー 60cm,ー,W600×D600×H600,58.0,52.0,52.0,ポリストーン,アイボリー,あり,48000,https://my.ebook5.net/greenpot/catalog/,,,,,,,
グリーンポット,EB-PL873020BM,リガンデ プランター ブラック 60cm,ー,W600×D200×H200,18.0,53.5,13.5,ポリストーン,ブラック,あり,12000,https://my.ebook5.net/greenpot/catalog/,,,,,,,
グリーンポット,EB-PL873020IV,リガンデ プランター アイボリー 60cm,ー,W600×D200×H200,18.0,53.5,13.5,ポリストーン,アイボリー,あり,12000,https://my.ebook5.net/greenpot/catalog/,,,,,,,
グリーンポット,EB-PL873031BM,リガンデ プランター ブラック 80cm,ー,W800×D310×H310,29.0,71.5,22.0,ポリストーン,ブラック,あり,30000,https://my.ebook5.net/greenpot/catalog/,,,,,,,
グリーンポット,EB-PL873031IV,リガンデ プランター アイボリー 80cm,ー,W800×D310×H310,29.0,71.5,22.0,ポリストーン,アイボリー,あり,30000,https://my.ebook5.net/greenpot/catalog/,,,,,,,
グリーンポット,EB-PL873045BM,リガンデ プランター ブラック 100cm,ー,W1000×D450×H450,43.0,90.0,36.0,ポリストーン,ブラック,あり,52000,https://my.ebook5.net/greenpot/catalog/,,,,,,,
グリーンポット,EB-PL873045IV,リガンデ プランター アイボリー 100cm,ー,W1000×D450×H450,43.0,90.0,36.0,ポリストーン,アイボリー,あり,52000,https://my.ebook5.net/greenpot/catalog/,,,,,,,
グリーンポット,EB-PP2430AB,ペデスタル プリズム アンティークブラック 24cm,ー,W240×D240×H300,,,,テラコッタ,アンティークブラック,あり,8000,https://my.ebook5.net/greenpot/catalog/,,,,,,,
グリーンポット,EB-PP2430LG,ペデスタル プリズム アンティークグレー 24cm,ー,W240×D240×H300,,,,テラコッタ,アンティークグレー,あり,8000,https://my.ebook5.net/greenpot/catalog/,,,,,,,
グリーンポット,EB-PP3545AB,ペデスタル プリズム アンティークブラック 35cm,ー,W350×D350×H450,,,,テラコッタ,アンティークブラック,あり,19000,https://my.ebook5.net/greenpot/catalog/,,,,,,,
グリーンポット,EB-PP3545LG,ペデスタル プリズム アンティークグレー 35cm,ー,W350×D350×H450,,,,テラコッタ,アンティークグレー,あり,19000,https://my.ebook5.net/greenpot/catalog/,,,,,,,
グリーンポット,EB-PS2334AB,ペデスタル クラシックシリンダー アンティークブラック 23cm,ー,φ220×H340,,,,テラコッタ,アンティークブラック,あり,7200,https://my.ebook5.net/greenpot/catalog/,,,,,,,
グリーンポット,EB-PS2334AC,ペデスタル クラシックシリンダー アンティーククリーム 23cm,ー,φ220×H340,,,,テラコッタ,アンティーククリーム,あり,7200,https://my.ebook5.net/greenpot/catalog/,,,,,,,
グリーンポット,EB-PS2630AB,ペデスタル クラシックスクエアー アンティークブラック 26cm,ー,W255×D255×H300,,,,テラコッタ,アンティークブラック,あり,8500,https://my.ebook5.net/greenpot/catalog/,,,,,,,
グリーンポット,EB-PS2630AC,ペデスタル クラシックスクエアー アンティーククリーム 26cm,ー,W255×D255×H300,,,,テラコッタ,アンティーククリーム,あり,8500,https://my.ebook5.net/greenpot/catalog/,,,,,,,
グリーンポット,EB-PT0135BK,プラスター バルーン ブラック 35cm,8号,φ350×H350,34.0,27.0,,FRP,ブラック,あり,15000,https://my.ebook5.net/greenpot/catalog/,,,,,,,
グリーンポット,EB-PT0135WH,プラスター バルーン ホワイト 35cm,8号,φ350×H350,34.0,27.0,,FRP,ホワイト,あり,15000,https://my.ebook5.net/greenpot/catalog/,,,,,,,
グリーンポット,EB-PT0142BK,プラスター バルーン ブラック 42cm,10号,φ420×H420,41.0,33.0,,FRP,ブラック,あり,20000,https://my.ebook5.net/greenpot/catalog/,,,,,,,
グリーンポット,EB-PT0142WH,プラスター バルーン ホワイト 42cm,10号,φ420×H420,41.0,33.0,,FRP,ホワイト,あり,20000,https://my.ebook5.net/greenpot/catalog/,,,,,,,
グリーンポット,EB-PT0245BK,プラスター Uポット ブラック 45cm,10号,φ450×H370,36.0,37.0,,FRP,ブラック,あり,24000,https://my.ebook5.net/greenpot/catalog/,,,,,,,
グリーンポット,EB-PT0245WH,プラスター Uポット ホワイト 45cm,10号,φ450×H370,36.0,37.0,,FRP,ホワイト,あり,24000,https://my.ebook5.net/greenpot/catalog/,,,,,,,
グリーンポット,EB-PT0255BK,プラスター Uポット ブラック 55cm,ー,φ550×H450,43.0,46.5,,FRP,ブラック,あり,35000,https://my.ebook5.net/greenpot/catalog/,,,,,,,
グリーンポット,EB-PT0255WH,プラスター Uポット ホワイト 55cm,ー,φ550×H450,43.0,46.5,,FRP,ホワイト,あり,35000,https://my.ebook5.net/greenpot/catalog/,,,,,,,
グリーンポット,EB-PT0272BK,プラスター Uポット ブラック 72cm,ー,φ720×H560,54.0,60.0,,FRP,ブラック,あり,98000,https://my.ebook5.net/greenpot/catalog/,,,,,,,
グリーンポット,EB-PT0272WH,プラスター Uポット ホワイト 72cm,ー,φ720×H560,54.0,60.0,,FRP,ホワイト,あり,98000,https://my.ebook5.net/greenpot/catalog/,,,,,,,
グリーンポット,EB-PT0290BK,プラスター Uポット ブラック 90cm,ー,φ900×H700,67.0,75.0,,FRP,ブラック,あり,150000,https://my.ebook5.net/greenpot/catalog/,,,,,,,
グリーンポット,EB-PT0290WH,プラスター Uポット ホワイト 90cm,ー,φ900×H700,67.0,75.0,,FRP,ホワイト,あり,150000,https://my.ebook5.net/greenpot/catalog/,,,,,,,
グリーンポット,EB-PT0312BK,プラスター ボウル ブラック 120cm,ー,φ1200×H690,66.5,106.0,,FRP,ブラック,あり,260000,https://my.ebook5.net/greenpot/catalog/,,,,,,,
グリーンポット,EB-PT0312WH,プラスター ボウル ホワイト 120cm,ー,φ1200×H690,66.5,106.0,,FRP,ホワイト,あり,260000,https://my.ebook5.net/greenpot/catalog/,,,,,,,
グリーンポット,EB-PT0390BK,プラスター ボウル ブラック 90cm,ー,φ900×H440,42.0,76.0,,FRP,ブラック,あり,95000,https://my.ebook5.net/greenpot/catalog/,,,,,,,
グリーンポット,EB-PT0390WH,プラスター ボウル ホワイト 90cm,ー,φ900×H440,42.0,76.0,,FRP,ホワイト,あり,95000,https://my.ebook5.net/greenpot/catalog/,,,,,,,
グリーンポット,EB-RI3331AW,リッジ アンティークホワイト 33㎝,8号,φ330×H310,30.0,28.0,,グラスファイバー,ホワイト　艶無,あり,13000,https://my.ebook5.net/greenpot/catalog/,,,,,,,
グリーンポット,EB-RI3331NC,リッジ ナチュラルコンクリート 33㎝,8号,φ330×H310,30.0,28.0,,グラスファイバー,グレー　　艶無,あり,13000,https://my.ebook5.net/greenpot/catalog/,,,,,,,
グリーンポット,EB-RI3331RU,リッジ ラスティアイアン 33㎝,8号,φ330×H310,30.0,28.0,,グラスファイバー,ブラウン　艶無,あり,13000,https://my.ebook5.net/greenpot/catalog/,,,,,,,
グリーンポット,EB-RI4740AW,リッジ アンティークホワイト 47㎝,10号,φ470×H400,39.0,42.0,,グラスファイバー,ホワイト　艶無,あり,23000,https://my.ebook5.net/greenpot/catalog/,,,,,,,
グリーンポット,EB-RI4740NC,リッジ ナチュラルコンクリート 47㎝,10号,φ470×H400,39.0,42.0,,グラスファイバー,グレー　　艶無,あり,23000,https://my.ebook5.net/greenpot/catalog/,,,,,,,
グリーンポット,EB-RI4740RU,リッジ ラスティアイアン 47㎝,10号,φ470×H400,39.0,42.0,,グラスファイバー,ブラウン　艶無,あり,23000,https://my.ebook5.net/greenpot/catalog/,,,,,,,
グリーンポット,EB-RJ3635AB,ルノ ジャー アンティークブラック 36cm,8号,φ367×H352,33.7,25.5,,FRP,アンティークブラック,あり,15000,https://my.ebook5.net/greenpot/catalog/,,,,,,,
グリーンポット,EB-RJ3635AW,ルノ ジャー アンティークホワイト 36cm,8号,φ367×H352,33.7,25.5,,FRP,アンティークホワイト,あり,15000,https://my.ebook5.net/greenpot/catalog/,,,,,,,
グリーンポット,EB-RJ3635CP,ルノ ジャー カプチーノ 36cm,8号,φ367×H352,33.7,25.5,,FRP,カプチーノ,あり,15000,https://my.ebook5.net/greenpot/catalog/,,,,,,,
グリーンポット,EB-RJ4846AB,ルノ ジャー アンティークブラック 48cm,10号,φ480×H462,44.7,34.0,,FRP,アンティークブラック,あり,28000,https://my.ebook5.net/greenpot/catalog/,,,,,,,
グリーンポット,EB-RJ4846AW,ルノ ジャー アンティークホワイト 48cm,10号,φ480×H462,44.7,34.0,,FRP,アンティークホワイト,あり,28000,https://my.ebook5.net/greenpot/catalog/,,,,,,,
グリーンポット,EB-RJ4846CP,ルノ ジャー カプチーノ 48cm,10号,φ480×H462,44.7,34.0,,FRP,カプチーノ,あり,28000,https://my.ebook5.net/greenpot/catalog/,,,,,,,
グリーンポット,EB-RR3530GI,リモーネ ラウンド アンティコ 35cm,ー,W0×D0×H0,,,,テラコッタ,,あり,7500,https://my.ebook5.net/greenpot/catalog/,,,,,,,
グリーンポット,EB-RR3530GY,リモーネ ラウンド アンティークグレー 35cm,ー,W0×D0×H0,,,,テラコッタ,アンティークグレー,あり,7500,https://my.ebook5.net/greenpot/catalog/,,,,,,,
グリーンポット,EB-RR4236GI,リモーネ ラウンド アンティコ 42cm,ー,W0×D0×H0,,,,テラコッタ,,あり,12000,https://my.ebook5.net/greenpot/catalog/,,,,,,,
グリーンポット,EB-RR4236GY,リモーネ ラウンド アンティークグレー 42cm,ー,W0×D0×H0,,,,テラコッタ,アンティークグレー,あり,12000,https://my.ebook5.net/greenpot/catalog/,,,,,,,
グリーンポット,EB-RS2815GI,リモーネ シャロー アンティコ 28cm,ー,φ287×H154,14.2,23.3,,テラコッタ,,あり,4000,https://my.ebook5.net/greenpot/catalog/,,,,,,,
グリーンポット,EB-RS2815GY,リモーネ シャロー アンティークグレー 28cm,ー,φ287×H154,14.2,23.3,,テラコッタ,アンティークグレー,あり,4000,https://my.ebook5.net/greenpot/catalog/,,,,,,,
グリーンポット,EB-RS3027GI,リモーネ スクエアー アンティコ 30cm,ー,W320×D320×H280,26.0,25.5,25.5,テラコッタ,,あり,7500,https://my.ebook5.net/greenpot/catalog/,,,,,,,
グリーンポット,EB-RS3027GY,リモーネ スクエアー アンティークグレー 30cm,ー,W320×D320×H280,26.0,25.5,25.5,テラコッタ,アンティークグレー,あり,7500,https://my.ebook5.net/greenpot/catalog/,,,,,,,
グリーンポット,EB-RS3418GI,リモーネ シャロー アンティコ 34cm,ー,φ357×H189,17.1,28.6,,テラコッタ,,あり,6000,https://my.ebook5.net/greenpot/catalog/,,,,,,,
グリーンポット,EB-RS3418GY,リモーネ シャロー アンティークグレー 34cm,ー,φ357×H189,17.1,28.6,,テラコッタ,アンティークグレー,あり,6000,https://my.ebook5.net/greenpot/catalog/,,,,,,,
グリーンポット,EB-RS3532GI,リモーネ スクエアー アンティコ 35cm,ー,W360×D360×H325,31.0,29.8,30.2,テラコッタ,,あり,12000,https://my.ebook5.net/greenpot/catalog/,,,,,,,
グリーンポット,EB-RS3532GY,リモーネ スクエアー アンティークグレー 35cm,ー,W360×D360×H325,31.0,29.8,30.2,テラコッタ,アンティークグレー,あり,12000,https://my.ebook5.net/greenpot/catalog/,,,,,,,
グリーンポット,EB-RS4435AB,ルノ シャロージャー アンティークブラック 44cm,9号,φ445×H352,33.7,29.0,,FRP,アンティークブラック,あり,22000,https://my.ebook5.net/greenpot/catalog/,,,,,,,
グリーンポット,EB-RS4435AW,ルノ シャロージャー アンティークホワイト 44cm,9号,φ445×H352,33.7,29.0,,FRP,アンティークホワイト,あり,22000,https://my.ebook5.net/greenpot/catalog/,,,,,,,
グリーンポット,EB-RS4435CP,ルノ シャロージャー カプチーノ 44cm,9号,φ445×H352,33.7,29.0,,FRP,カプチーノ,あり,22000,https://my.ebook5.net/greenpot/catalog/,,,,,,,
グリーンポット,EB-RT4862AB,ルノ トールジャー アンティークブラック 48cm,10号,φ480×H622,60.7,34.0,,FRP,アンティークブラック,あり,36000,https://my.ebook5.net/greenpot/catalog/,,,,,,,
グリーンポット,EB-RT4862AW,ルノ トールジャー アンティークホワイト 48cm,10号,φ480×H622,60.7,34.0,,FRP,アンティークホワイト,あり,36000,https://my.ebook5.net/greenpot/catalog/,,,,,,,
グリーンポット,EB-RT4862CP,ルノ トールジャー カプチーノ 48cm,10号,φ480×H622,60.7,34.0,,FRP,カプチーノ,あり,36000,https://my.ebook5.net/greenpot/catalog/,,,,,,,
グリーンポット,EB-SL225030BLW,フォリオ エッグ ブラックウォシュ 30x28cm,ー,φ300×H280,26.0,26.5,,軽量コンクリート,ブラックウォッシュ,あり,5800,https://my.ebook5.net/greenpot/catalog/,,,,,,,
グリーンポット,EB-SL225030CR,フォリオ エッグ クリーム 30x28cm,ー,φ300×H280,26.0,26.5,,軽量コンクリート,クリーム,あり,5800,https://my.ebook5.net/greenpot/catalog/,,,,,,,
グリーンポット,EB-SL226031BLW,フォリオ アルトエッグ ブラックウォシュ 31x36.5cm,8号,φ310×H365,35.0,27.0,,軽量コンクリート,ブラックウォッシュ,あり,8800,https://my.ebook5.net/greenpot/catalog/,,,,,,,
グリーンポット,EB-SL226031CR,フォリオ アルトエッグ クリーム 31x36.5cm,8号,φ310×H365,35.0,27.0,,軽量コンクリート,クリーム,あり,8800,https://my.ebook5.net/greenpot/catalog/,,,,,,,
グリーンポット,EB-SL226043BLW,フォリオ アルトエッグ ブラックウォシュ 43x50cm,10号,φ430×H500,48.0,38.5,,軽量コンクリート,ブラックウォッシュ,あり,18000,https://my.ebook5.net/greenpot/catalog/,,,,,,,
グリーンポット,EB-SL226043CR,フォリオ アルトエッグ クリーム 43x50cm,10号,φ430×H500,48.0,38.5,,軽量コンクリート,クリーム,あり,18000,https://my.ebook5.net/greenpot/catalog/,,,,,,,
グリーンポット,EB-SO0133CO,ソマリ ヘキサゴン コットテラ 33cm,７号,φ330×H345,33.0,25.0,,FRP,コットテラ,あり,14500,https://my.ebook5.net/greenpot/catalog/,,,,,,,
グリーンポット,EB-SO0133ES,ソマリ ヘキサゴン エスプレッソ 33cm,７号,φ330×H345,33.0,25.0,,FRP,エスプレッソ,あり,14500,https://my.ebook5.net/greenpot/catalog/,,,,,,,
グリーンポット,EB-SO0133GE,ソマリ ヘキサゴン グレージュ 33cm,７号,φ330×H345,33.0,25.0,,FRP,グレージュ,あり,14500,https://my.ebook5.net/greenpot/catalog/,,,,,,,
グリーンポット,EB-SO0133YE,ソマリ ヘキサゴン イエロー 33cm,７号,φ330×H345,33.0,25.0,,FRP,イエロー,あり,14500,https://my.ebook5.net/greenpot/catalog/,,,,,,,
グリーンポット,EB-SO0143CO,ソマリ ヘキサゴン コットテラ 43.5cm,10号,φ435×H450,43.0,33.0,,FRP,コットテラ,あり,27500,https://my.ebook5.net/greenpot/catalog/,,,,,,,
グリーンポット,EB-SO0143ES,ソマリ ヘキサゴン エスプレッソ 43.5cm,10号,φ435×H450,43.0,33.0,,FRP,エスプレッソ,あり,27500,https://my.ebook5.net/greenpot/catalog/,,,,,,,
グリーンポット,EB-SO0143GE,ソマリ ヘキサゴン グレージュ 43.5cm,10号,φ435×H450,43.0,33.0,,FRP,グレージュ,あり,27500,https://my.ebook5.net/greenpot/catalog/,,,,,,,
グリーンポット,EB-SO0143YE,ソマリ ヘキサゴン イエロー 43.5cm,10号,φ435×H450,43.0,33.0,,FRP,イエロー,あり,27500,https://my.ebook5.net/greenpot/catalog/,,,,,,,
グリーンポット,EB-T225023A,ルーガ アンティコ エッグ 23x22cm,ー,φ230×H220,21.0,19.0,,テラコッタ,,あり,3200,https://my.ebook5.net/greenpot/catalog/,,,,,,,
グリーンポット,EB-T225030A,ルーガ アンティコ エッグ 30x28,ー,φ300×H280,27.0,27.0,,テラコッタ,,あり,5200,https://my.ebook5.net/greenpot/catalog/,,,,,,,
グリーンポット,EB-T226031A,ルーガ アンティコ アルトエッグ 31x36cm,8号,φ310×H360,35.0,27.0,,テラコッタ,,あり,8000,https://my.ebook5.net/greenpot/catalog/,,,,,,,
グリーンポット,EB-T226043A,ルーガ アンティコ アルトエッグ 43x50cm,10号,φ430×H500,49.0,39.5,,テラコッタ,,あり,18000,https://my.ebook5.net/greenpot/catalog/,,,,,,,
グリーンポット,EB-T227031A,ルーガ アンティコ ソリッド 31x29cm,8号,φ310×H290,28.0,26.0,,テラコッタ,,あり,6000,https://my.ebook5.net/greenpot/catalog/,,,,,,,
グリーンポット,EB-T227043A,ルーガ アンティコ ソリッド 43x40cm,10号,φ430×H400,39.0,38.5,,テラコッタ,,あり,14000,https://my.ebook5.net/greenpot/catalog/,,,,,,,
グリーンポット,EB-TB3030AB,テラニアス バルーン アンティークブラウン 30cm,7号,φ300×H300,29.0,23.0,,グラスファイバー,ブラウン　艶無,あり,8500,https://my.ebook5.net/greenpot/catalog/,,,,,,,
グリーンポット,EB-TB3030AW,テラニアス バルーン アンティークホワイト 30cm,7号,φ300×H300,29.0,23.0,,グラスファイバー,ホワイト　艶無,あり,8500,https://my.ebook5.net/greenpot/catalog/,,,,,,,
グリーンポット,EB-TB3535AB,テラニアス バルーン アンティークブラウン 35cm,8号,φ350×H350,34.0,27.0,,FRP,ブラウン　艶無,あり,13000,https://my.ebook5.net/greenpot/catalog/,,,,,,,
グリーンポット,EB-TB3535AW,テラニアス バルーン アンティークホワイト 35cm,8号,φ350×H350,34.0,27.0,,FRP,ホワイト　艶無,あり,13000,https://my.ebook5.net/greenpot/catalog/,,,,,,,
グリーンポット,EB-TB4242AB,テラニアス バルーン アンティークブラウン 42cm,10号,φ420×H420,41.0,33.0,,グラスファイバー,ブラウン　艶無,あり,17500,https://my.ebook5.net/greenpot/catalog/,,,,,,,
グリーンポット,EB-TB4242AW,テラニアス バルーン アンティークホワイト 42cm,10号,φ420×H420,41.0,33.0,,グラスファイバー,ホワイト　艶無,あり,17500,https://my.ebook5.net/greenpot/catalog/,,,,,,,
グリーンポット,EB-TB5555AB,テラニアス バルーン アンティークブラウン 55cm,ー,φ550×H550,53.0,44.0,,グラスファイバー,ブラウン　艶無,あり,36000,https://my.ebook5.net/greenpot/catalog/,,,,,,,
グリーンポット,EB-TB5555AW,テラニアス バルーン アンティークホワイト 55cm,ー,φ550×H550,53.0,44.0,,グラスファイバー,ホワイト　艶無,あり,36000,https://my.ebook5.net/greenpot/catalog/,,,,,,,
グリーンポット,EB-TC3033,テラサモ コニック 30cm,8号,φ320×H340,33.0,27.0,,テラコッタ,,あり,8200,https://my.ebook5.net/greenpot/catalog/,,,,,,,
グリーンポット,EB-TC4043,テラサモ コニック 40cm,10号,φ400×H430,42.0,35.0,,テラコッタ,,あり,17000,https://my.ebook5.net/greenpot/catalog/,,,,,,,
グリーンポット,EB-TC5054,テラサモ コニック 50cm,ー,φ500×H540,53.0,45.0,,テラコッタ,,あり,34000,https://my.ebook5.net/greenpot/catalog/,,,,,,,
グリーンポット,EB-TL4234AB,テラニアス ローバルーン アンティークブラウン 42cm,10号,φ420×H340,33.0,32.5,,グラスファイバー,ブラウン　艶無,あり,15200,https://my.ebook5.net/greenpot/catalog/,,,,,,,
グリーンポット,EB-TL4234AW,テラニアス ローバルーン アンティークホワイト 42cm,10号,φ420×H340,33.0,32.5,,グラスファイバー,ホワイト　艶無,あり,15200,https://my.ebook5.net/greenpot/catalog/,,,,,,,
グリーンポット,EB-TL5545AB,テラニアス ローバルーン アンティークブラウン 55cm,ー,φ550×H450,44.0,42.5,,グラスファイバー,ブラウン　艶無,あり,33000,https://my.ebook5.net/greenpot/catalog/,,,,,,,
グリーンポット,EB-TL5545AW,テラニアス ローバルーン アンティークホワイト 55cm,ー,φ550×H450,44.0,42.5,,グラスファイバー,ホワイト　艶無,あり,33000,https://my.ebook5.net/greenpot/catalog/,,,,,,,
グリーンポット,EB-TS2725,テラサモ スラント 27cm,,φ270×H260,25.0,21.5,,テラコッタ,,あり,8000,https://my.ebook5.net/greenpot/catalog/,,,,,,,
グリーンポット,EB-TS3121,テラサモ ロースラント 31cm,ー,φ310×H220,20.0,28.0,,テラコッタ,,あり,7200,https://my.ebook5.net/greenpot/catalog/,,,,,,,
グリーンポット,EB-TS4037,テラサモ スラント 40cm,10号,φ400×H380,37.0,32.0,,テラコッタ,,あり,17000,https://my.ebook5.net/greenpot/catalog/,,,,,,,
グリーンポット,EB-TS4228,テラサモ ロースラント 42cm,ー,φ420×H290,27.0,36.0,,テラコッタ,,あり,14000,https://my.ebook5.net/greenpot/catalog/,,,,,,,
グリーンポット,EB-TS5537,テラサモ ロースラント 55cm,ー,φ550×H380,35.0,47.0,,テラコッタ,,あり,28000,https://my.ebook5.net/greenpot/catalog/,,,,,,,
グリーンポット,EB-TS5550,テラサモ スラント 55cm,ー,φ550×H500,47.0,45.0,,テラコッタ,,あり,35000,https://my.ebook5.net/greenpot/catalog/,,,,,,,
グリーンポット,EB-VL3232BK,ラヴァライト Uポット ブラック 32cm,8号,φ320×H320,31.0,27.0,,グラスファイバー,ブラック,あり,11000,https://my.ebook5.net/greenpot/catalog/,,,,,,,
グリーンポット,EB-VL3232CR,ラヴァライト Uポット クリーム 32cm,8号,φ320×H320,31.0,27.0,,グラスファイバー,クリーム,あり,11000,https://my.ebook5.net/greenpot/catalog/,,,,,,,
グリーンポット,EB-VL3232GY,ラヴァライト Uポット グレー 32cm,8号,φ320×H320,31.0,27.0,,グラスファイバー,グレー,あり,11000,https://my.ebook5.net/greenpot/catalog/,,,,,,,
グリーンポット,EB-VL3245BK,ラヴァライト トールラウンド ブラック 32cm,8号,φ320×H450,44.0,26.0,,グラスファイバー,ブラック,あり,16000,https://my.ebook5.net/greenpot/catalog/,,,,,,,
グリーンポット,EB-VL3245CR,ラヴァライト トールラウンド クリーム 32cm,8号,φ320×H450,44.0,26.0,,グラスファイバー,クリーム,あり,16000,https://my.ebook5.net/greenpot/catalog/,,,,,,,
グリーンポット,EB-VL3245GY,ラヴァライト トールラウンド グレー 32cm,8号,φ320×H450,44.0,26.0,,グラスファイバー,グレー,あり,16000,https://my.ebook5.net/greenpot/catalog/,,,,,,,
グリーンポット,EB-VL4141BK,ラヴァライト Uポット ブラック 41cm,10号,φ410×H410,40.0,36.0,,グラスファイバー,ブラック,あり,22000,https://my.ebook5.net/greenpot/catalog/,,,,,,,
グリーンポット,EB-VL4141CR,ラヴァライト Uポット クリーム 41cm,10号,φ410×H410,40.0,36.0,,グラスファイバー,クリーム,あり,22000,https://my.ebook5.net/greenpot/catalog/,,,,,,,
グリーンポット,EB-VL4141GY,ラヴァライト Uポット グレー 41cm,10号,φ410×H410,40.0,36.0,,グラスファイバー,グレー,あり,22000,https://my.ebook5.net/greenpot/catalog/,,,,,,,
グリーンポット,EB-VO3329BK,ボルカーノ ラウンド Fブラック 33cm,8号,φ330×H290,28.0,28.0,,釉薬陶器,Fブラック,あり,10000,https://my.ebook5.net/greenpot/catalog/,,,,,,,
グリーンポット,EB-VO3329CR,ボルカーノ ラウンド クリーム 33cm,ー,φ330×H290,28.0,28.0,,釉薬陶器,クリーム,あり,10000,https://my.ebook5.net/greenpot/catalog/,,,,,,,
グリーンポット,EB-VO3341BK,ボルカーノ トールラウンド Fブラック 33cm,8号,φ330×H410,40.0,28.5,,釉薬陶器,Fブラック,あり,17000,https://my.ebook5.net/greenpot/catalog/,,,,,,,
グリーンポット,EB-VO3341CR,ボルカーノ トールラウンド クリーム 33cm,ー,φ330×H410,40.0,28.5,,釉薬陶器,クリーム,あり,17000,https://my.ebook5.net/greenpot/catalog/,,,,,,,
グリーンポット,EB-VO3935BK,ボルカーノラウンド Fブラック 39cm,9号,φ390×H350,32.0,32.0,,釉薬陶器,Fブラック,あり,16000,https://my.ebook5.net/greenpot/catalog/,,,,,,,
グリーンポット,EB-VO3935CR,ボルカーノ ラウンド クリーム 39cm,ー,φ390×H350,32.0,32.0,,釉薬陶器,クリーム,あり,16000,https://my.ebook5.net/greenpot/catalog/,,,,,,,
グリーンポット,EB-VO4354BK,ボルカーノ トールラウンド Fブラック 43cm,10号,φ430×H540,52.0,36.5,,釉薬陶器,Fブラック,あり,29000,https://my.ebook5.net/greenpot/catalog/,,,,,,,
グリーンポット,EB-VO4354CR,ボルカーノ トールラウンド クリーム 43cm,ー,φ430×H540,52.0,36.5,,釉薬陶器,クリーム,あり,29000,https://my.ebook5.net/greenpot/catalog/,,,,,,,
グリーンポット,EB-VO4640BK,ボルカーノ ラウンド Fブラック 46cm,10号,φ460×H400,37.0,40.0,,釉薬陶器,Fブラック,あり,24000,https://my.ebook5.net/greenpot/catalog/,,,,,,,
グリーンポット,EB-VO4640CR,ボルカーノ ラウンドクリーム 46cm,ー,φ460×H400,37.0,40.0,,釉薬陶器,クリーム,あり,24000,https://my.ebook5.net/greenpot/catalog/,,,,,,,
グリーンポット,EG-001-110,人工芝モンテカルロ1mX10mXH3.2cm,ー,W1000×D10000×H32,,,,芝：ポリエチレン　生地：ポリプロピレン,,不明,150000,https://my.ebook5.net/greenpot/catalog/,,,,,,,
グリーンポット,EG-002-110,人工芝ロンドン1mx10mXH3.0cm,ー,W1000×D10000×H30,,,,芝：ポリエチレン　生地：ポリプロピレン,,不明,150000,https://my.ebook5.net/greenpot/catalog/,,,,,,,
グリーンポット,EP-2201BK,ヘリング バルーン set3 ブラックウォッシュ,ー,φ350×H365,35.0,32.0,,ファイバークレイ,ブラックウォッシュ,あり,14000,https://my.ebook5.net/greenpot/catalog/,,,,,,,
グリーンポット,EP-2201WH,ヘリング バルーン set3 アンティークホワイト,ー,φ350×H365,35.0,32.0,,ファイバークレイ,アンティークホワイト,あり,14000,https://my.ebook5.net/greenpot/catalog/,,,,,,,
グリーンポット,EP-2202BK,ヘリング シリンダー set3 ブラックウォッシュ,ー,φ363×H360,33.5,32.5,,ファイバークレイ,ブラックウォッシュ,あり,14000,https://my.ebook5.net/greenpot/catalog/,,,,,,,
グリーンポット,EP-2202WH,ヘリング シリンダー set3 アンティークホワイト,ー,φ363×H360,33.5,32.5,,ファイバークレイ,アンティークホワイト,あり,14000,https://my.ebook5.net/greenpot/catalog/,,,,,,,
グリーンポット,EP-2301BE,ベースメント Uポット ベージュ 31/26cm,ー,φ310×H310,30.3,27.0,,ファイバークレイ,ベージュ,あり,8500,https://my.ebook5.net/greenpot/catalog/,,,,,,,
グリーンポット,EP-2301BK,ベースメント Uポット ブラック 31/26cm,ー,φ310×H310,30.3,27.0,,ファイバークレイ,ブラック,あり,8500,https://my.ebook5.net/greenpot/catalog/,,,,,,,
グリーンポット,EP-2301WH,ベースメント Uポット ホワイト 31/26cm,ー,φ310×H310,30.3,27.0,,ファイバークレイ,ホワイト,あり,8500,https://my.ebook5.net/greenpot/catalog/,,,,,,,
グリーンポット,EP-2302BE,ベースメント エッグ ベージュ 27/20cm,ー,φ270×H260,25.0,22.0,,ファイバークレイ,ベージュ,あり,7000,https://my.ebook5.net/greenpot/catalog/,,,,,,,
グリーンポット,EP-2302BK,ベースメント エッグ ブラック 27/20cm,ー,φ270×H260,25.0,22.0,,ファイバークレイ,ブラック,あり,7000,https://my.ebook5.net/greenpot/catalog/,,,,,,,
グリーンポット,EP-2302WH,ベースメント エッグ ホワイト 27/20cm,ー,φ270×H260,25.0,22.0,,ファイバークレイ,ホワイト,あり,7000,https://my.ebook5.net/greenpot/catalog/,,,,,,,
グリーンポット,EP-2303BE,ベースメント コニック ベージュ 30/24cm,ー,φ300×H300,28.5,26.0,,ファイバークレイ,ベージュ,あり,7500,https://my.ebook5.net/greenpot/catalog/,,,,,,,
グリーンポット,EP-2303BK,ベースメント コニック ブラック 30/24cm,ー,φ300×H300,28.5,26.0,,ファイバークレイ,ブラック,あり,7500,https://my.ebook5.net/greenpot/catalog/,,,,,,,
グリーンポット,EP-2303WH,ベースメント コニック ホワイト 30/24cm,ー,φ300×H300,28.5,26.0,,ファイバークレイ,ホワイト,あり,7500,https://my.ebook5.net/greenpot/catalog/,,,,,,,
グリーンポット,EP-2304BE,ベースメント キューブ ベージュ 28/22cm,ー,W290×D290×H273,26.3,25.0,25.0,ファイバークレイ,ベージュ,あり,8300,https://my.ebook5.net/greenpot/catalog/,,,,,,,
グリーンポット,EP-2304BK,ベースメント キューブ ブラック 28/22cm,ー,W290×D290×H273,26.3,25.0,25.0,ファイバークレイ,ブラック,あり,8300,https://my.ebook5.net/greenpot/catalog/,,,,,,,
グリーンポット,EP-2304WH,ベースメント キューブ ホワイト 28/22cm,ー,W290×D290×H273,26.3,25.0,25.0,ファイバークレイ,ホワイト,あり,8300,https://my.ebook5.net/greenpot/catalog/,,,,,,,
グリーンポット,EP-2305AB,スラップ キューブ アンティークブラウン 35/28/22cm,ー,W360×D360×H320,31.5,31.4,31.4,ファイバークレイ,アンティーブラウン,あり,15000,https://my.ebook5.net/greenpot/catalog/,,,,,,,
グリーンポット,EP-2305AW,スラップ キューブ アンティークホワイト 35/28/22cm,ー,W360×D360×H320,31.5,31.4,31.4,ファイバークレイ,アンティークホワイト,あり,15000,https://my.ebook5.net/greenpot/catalog/,,,,,,,
グリーンポット,EP-2306AB,スラップ バルーン アンティークブラウン 35/27/20cm,ー,φ350×H330,31.3,29.0,,ファイバークレイ,アンティークブラウン,あり,14000,https://my.ebook5.net/greenpot/catalog/,,,,,,,
グリーンポット,EP-2306AW,スラップ バルーン アンティークホワイト 35/27/20cm,ー,φ350×H330,31.3,29.0,,ファイバークレイ,アンティークホワイト,あり,14000,https://my.ebook5.net/greenpot/catalog/,,,,,,,
グリーンポット,EP-2307AB,スラップ シャロー アンティークブラウン 33/22cm,ー,φ330×H210,19.7,26.5,,ファイバークレイ,アンティーブラウン,あり,6800,https://my.ebook5.net/greenpot/catalog/,,,,,,,
グリーンポット,EP-2307AW,スラップ シャロー アンティークホワイト 33/22cm,ー,φ330×H210,19.7,26.5,,ファイバークレイ,アンティークホワイト,あり,6800,https://my.ebook5.net/greenpot/catalog/,,,,,,,
グリーンポット,EP-2308GY,モロッカン ラウンド グレー 37/28/23cm,ー,φ370×H380,37.0,33.0,,ファイバークレイ,グレー,あり,14000,https://my.ebook5.net/greenpot/catalog/,,,,,,,
グリーンポット,EP-2308IV,モロッカン ラウンド アイボリー 37/28/23cm,ー,φ370×H380,37.0,33.0,,ファイバークレイ,アイボリー,あり,14000,https://my.ebook5.net/greenpot/catalog/,,,,,,,
グリーンポット,EP-2308PU,モロッカン ラウンド パープル 37/28/23cm,ー,φ370×H380,37.0,33.0,,ファイバークレイ,パープル,あり,14000,https://my.ebook5.net/greenpot/catalog/,,,,,,,
グリーンポット,EP-2309GY,モロッカン スクエアー グレー 34/27/22cm,ー,W340×D340×H340,33.0,29.0,29.0,ファイバークレイ,グレー,あり,15000,https://my.ebook5.net/greenpot/catalog/,,,,,,,
グリーンポット,EP-2309IV,モロッカン スクエアー アイボリー 34/27/22cm,ー,W340×D340×H340,33.0,29.0,29.0,ファイバークレイ,アイボリー,あり,15000,https://my.ebook5.net/greenpot/catalog/,,,,,,,
グリーンポット,EP-2309PU,モロッカン スクエアー パープル 34/27/22cm,ー,W340×D340×H340,33.0,29.0,29.0,ファイバークレイ,パープル,あり,15000,https://my.ebook5.net/greenpot/catalog/,,,,,,,
グリーンポット,EP-2310GY,モロッカン プランター グレー 38/28cm,ー,W390×D190×H190,17.0,35.0,16.0,ファイバークレイ,グレー,あり,7500,https://my.ebook5.net/greenpot/catalog/,,,,,,,
グリーンポット,EP-2310IV,モロッカン プランター アイボリー 38/28cm,ー,W390×D190×H190,17.0,35.0,16.0,ファイバークレイ,アイボリー,あり,7500,https://my.ebook5.net/greenpot/catalog/,,,,,,,
グリーンポット,EP-2310PU,モロッカン プランター パープル 38/28cm,ー,W390×D190×H190,17.0,35.0,16.0,ファイバークレイ,パープル,あり,7500,https://my.ebook5.net/greenpot/catalog/,,,,,,,
グリーンポット,EP-2405BK,ボダール ラウンド ブラック 35/28/23cm,ー,φ350×H355,33.0,29.5,,ファイバークレイ,ブラック,あり,14000,https://my.ebook5.net/greenpot/catalog/,,,,,,,
グリーンポット,EP-2405GY,ボダール ラウンド グレー 35/28/23cm,ー,φ350×H355,33.0,29.5,,ファイバークレイ,グレー,あり,14000,https://my.ebook5.net/greenpot/catalog/,,,,,,,
グリーンポット,EP-2405WH,ボダール ラウンド ホワイト 35/28/23cm,ー,φ350×H355,33.0,29.5,,ファイバークレイ,ホワイト,あり,14000,https://my.ebook5.net/greenpot/catalog/,,,,,,,
グリーンポット,EP-2406BK,ボダール ボール ブラック 36/28/23cm,ー,φ355×H295,27.5,30.0,,ファイバークレイ,ブラック,あり,13000,https://my.ebook5.net/greenpot/catalog/,,,,,,,
グリーンポット,EP-2406GY,ボダール ボール グレー 36/28/23cm,ー,φ355×H295,27.5,30.0,,ファイバークレイ,グレー,あり,13000,https://my.ebook5.net/greenpot/catalog/,,,,,,,
グリーンポット,EP-2406WH,ボダール ボール ホワイト 36/28/23cm,ー,φ355×H295,27.5,30.0,,ファイバークレイ,ホワイト,あり,13000,https://my.ebook5.net/greenpot/catalog/,,,,,,,
グリーンポット,EP-2407BE,シェイバス ラウンド ベージュ 35/27/22cm,ー,φ343×H305,29.0,29.5,,ファイバークレイ,ベージュ,あり,13500,https://my.ebook5.net/greenpot/catalog/,,,,,,,
グリーンポット,EP-2407GY,シェイバス ラウンド グレー 35/27/22cm,ー,φ343×H305,29.0,29.5,,ファイバークレイ,グレー,あり,13500,https://my.ebook5.net/greenpot/catalog/,,,,,,,
グリーンポット,EP-2407WH,シェイバス ラウンド ホワイト 35/27/22cm,ー,φ343×H305,29.0,29.5,,ファイバークレイ,ホワイト,あり,13500,https://my.ebook5.net/greenpot/catalog/,,,,,,,
グリーンポット,EP-2408BE,シェイバス スクエア ベージュ 35/28/22cm,ー,W360×D360×H350,33.0,31.5,31.5,ファイバークレイ,ベージュ,あり,15000,https://my.ebook5.net/greenpot/catalog/,,,,,,,
グリーンポット,EP-2408GY,シェイバス スクエア グレー 35/28/22cm,ー,W360×D360×H350,33.0,31.5,31.5,ファイバークレイ,グレー,あり,15000,https://my.ebook5.net/greenpot/catalog/,,,,,,,
グリーンポット,EP-2408WH,シェイバス スクエア ホワイト 35/28/22cm,ー,W360×D360×H350,33.0,31.5,31.5,ファイバークレイ,ホワイト,あり,15000,https://my.ebook5.net/greenpot/catalog/,,,,,,,
グリーンポット,EP-2505BR,ウェーボ バルーン ブラウン 35/27cm,,φ340×H315,29.0,27.5,,ファイバークレイ,ブラウン,あり,11000,https://my.ebook5.net/greenpot/catalog/,,,,,,,
グリーンポット,EP-2505GY,ウェーボ バルーン グレー 35/27cm,,φ340×H315,29.0,27.5,,ファイバークレイ,グレー,あり,11000,https://my.ebook5.net/greenpot/catalog/,,,,,,,
グリーンポット,EP-2505WH,ウェーボ バルーン ホワイト 35/27cm,,φ340×H315,29.0,27.5,,ファイバークレイ,ホワイト,あり,11000,https://my.ebook5.net/greenpot/catalog/,,,,,,,
グリーンポット,EP-2506BR,ウェーボ ラウンド ブラウン 37/31cm,,φ365×H300,28.0,33.0,,ファイバークレイ,ブラウン,あり,11000,https://my.ebook5.net/greenpot/catalog/,,,,,,,
グリーンポット,EP-2506GY,ウェーボ ラウンド グレー 37/31cm,,φ365×H300,28.0,33.0,,ファイバークレイ,グレー,あり,11000,https://my.ebook5.net/greenpot/catalog/,,,,,,,
グリーンポット,EP-2506WH,ウェーボ ラウンド ホワイト 37/31cm,,φ365×H300,28.0,33.0,,ファイバークレイ,ホワイト,あり,11000,https://my.ebook5.net/greenpot/catalog/,,,,,,,
グリーンポット,EP-2507BK,サンベル ラウンド ブラック 37/31/27cm,,φ380×H365,35.0,33.0,,ファイバークレイ,ブラク,あり,14000,https://my.ebook5.net/greenpot/catalog/,,,,,,,
グリーンポット,EP-2507GY,サンベル ラウンド グレー 37/31/27cm,,φ380×H365,35.0,33.0,,ファイバークレイ,グレー,あり,14000,https://my.ebook5.net/greenpot/catalog/,,,,,,,
グリーンポット,EP-2508BK,サンベル シャロー ブラック 36/28cm,,φ365×H255,22.5,30.5,,ファイバークレイ,ブラック,あり,8500,https://my.ebook5.net/greenpot/catalog/,,,,,,,
グリーンポット,EP-2508GY,サンベル シャロー グレー 36/28cm,,φ365×H255,22.5,30.5,,ファイバークレイ,グレー,あり,8500,https://my.ebook5.net/greenpot/catalog/,,,,,,,
グリーンポット,EP-2509BK,サンベル トール ブラック 30cm,,φ300×H400,37.5,23.5,,ファイバークレイ,ブラック,あり,5800,https://my.ebook5.net/greenpot/catalog/,,,,,,,
グリーンポット,EP-2509GY,サンベル トール グレー 30cm,,φ300×H400,37.5,23.5,,ファイバークレイ,グレー,あり,5800,https://my.ebook5.net/greenpot/catalog/,,,,,,,
グリーンポット,ET-AD20BK,ポットコースター ブラック 20cm,ー,W0×D0×H0,,,,,ブラック,あり,380,https://my.ebook5.net/greenpot/catalog/,,,,,,,
グリーンポット,ET-AD20GN,ポットコースター グリーン 20cm,ー,W0×D0×H0,,,,,グリーン,あり,380,https://my.ebook5.net/greenpot/catalog/,,,,,,,
グリーンポット,ET-AD30BK,ポットコースター ブラック 30cm,ー,W0×D0×H0,,,,,ブラック,あり,680,https://my.ebook5.net/greenpot/catalog/,,,,,,,
グリーンポット,ET-AD30GN,ポットコースター グリーン 30cm,ー,W0×D0×H0,,,,,グリーン,あり,680,https://my.ebook5.net/greenpot/catalog/,,,,,,,
グリーンポット,ET-AD40BK,ポットコースター ブラック 40cm,ー,W0×D0×H0,,,,,ブラック,あり,980,https://my.ebook5.net/greenpot/catalog/,,,,,,,
グリーンポット,ET-AD40GN,ポットコースター グリーン 40cm,ー,W0×D0×H0,,,,,グリーン,あり,980,https://my.ebook5.net/greenpot/catalog/,,,,,,,
グリーンポット,GA-0140GY,バスク キューブ 40cm グレー,10号,W395×D395×H400,39.0,34.5,34.5,ファイバークレイ,グレー　　艶無,あり,12000,https://my.ebook5.net/greenpot/catalog/,,,,,,,
グリーンポット,GA-0140WH,バスク キューブ 40cm ホワイト,10号,W395×D395×H400,39.0,34.5,34.5,ファイバークレイ,ホワイト　艶無,あり,12000,https://my.ebook5.net/greenpot/catalog/,,,,,,,
グリーンポット,GA-0150GY,バスク キューブ 50cm グレー,ー,W500×D500×H510,50.0,44.0,44.0,ファイバークレイ,グレー　　艶無,あり,19000,https://my.ebook5.net/greenpot/catalog/,,,,,,,
グリーンポット,GA-0150WH,バスク キューブ 50cm ホワイト,ー,W500×D500×H510,50.0,44.0,44.0,ファイバークレイ,ホワイト　艶無,あり,19000,https://my.ebook5.net/greenpot/catalog/,,,,,,,
グリーンポット,GA-0160GY,バスク キューブ 60cm グレー,ー,W600×D600×H600,59.0,54.0,54.0,ファイバークレイ,グレー　　艶無,あり,29000,https://my.ebook5.net/greenpot/catalog/,,,,,,,
グリーンポット,GA-0160WH,バスク キューブ 60cm ホワイト,ー,W600×D600×H600,59.0,54.0,54.0,ファイバークレイ,ホワイト　艶無,あり,29000,https://my.ebook5.net/greenpot/catalog/,,,,,,,
グリーンポット,GA-0260GY,バスク プランター 60cm グレー,ー,W590×D300×H305,30.0,53.5,24.5,ファイバークレイ,グレー　　艶無,あり,13000,https://my.ebook5.net/greenpot/catalog/,,,,,,,
グリーンポット,GA-0260WH,バスク プランター 60cm ホワイト,ー,W590×D300×H305,30.0,53.5,24.5,ファイバークレイ,ホワイト　艶無,あり,13000,https://my.ebook5.net/greenpot/catalog/,,,,,,,
グリーンポット,GA-0280GY,バスク プランター 80cm グレー,ー,W790×D375×H375,36.5,72.5,31.0,ファイバークレイ,グレー　　艶無,あり,24000,https://my.ebook5.net/greenpot/catalog/,,,,,,,
グリーンポット,GA-0280WH,バスク プランター 80cm ホワイト,ー,W790×D375×H375,36.5,72.5,31.0,ファイバークレイ,ホワイト　艶無,あり,24000,https://my.ebook5.net/greenpot/catalog/,,,,,,,
グリーンポット,GA-0299GY,バスク プランター 100cm グレー,ー,W990×D460×H460,45.0,91.0,38.5,ファイバークレイ,グレー　　艶無,あり,36000,https://my.ebook5.net/greenpot/catalog/,,,,,,,
グリーンポット,GA-0299WH,バスク プランター 100cm ホワイト,ー,W990×D460×H460,45.0,91.0,38.5,ファイバークレイ,ホワイト　艶無,あり,36000,https://my.ebook5.net/greenpot/catalog/,,,,,,,
グリーンポット,GA-0343GY,バスク ラウンド 43cm グレー,10号,φ430×H410,40.0,38.0,,ファイバークレイ,グレー　　艶無,あり,12000,https://my.ebook5.net/greenpot/catalog/,,,,,,,
グリーンポット,GA-0343WH,バスク ラウンド 43cm ホワイト,10号,φ430×H410,40.0,38.0,,ファイバークレイ,ホワイト　艶無,あり,12000,https://my.ebook5.net/greenpot/catalog/,,,,,,,
グリーンポット,GA-0351GY,バスク ラウンド 51cm グレー,ー,φ510×H500,49.0,46.0,,ファイバークレイ,グレー　　艶無,あり,19000,https://my.ebook5.net/greenpot/catalog/,,,,,,,
グリーンポット,GA-0351WH,バスク ラウンド 51cm ホワイト,ー,φ510×H500,49.0,46.0,,ファイバークレイ,ホワイト　艶無,あり,19000,https://my.ebook5.net/greenpot/catalog/,,,,,,,
グリーンポット,GA-0537GY,バスク ミドル 37cm グレー,8号,φ370×H460,45.0,32.5,,ファイバークレイ,グレー　　艶無,あり,13000,https://my.ebook5.net/greenpot/catalog/,,,,,,,
グリーンポット,GA-0537WH,バスク ミドル 37cm ホワイト,8号,φ370×H460,45.0,32.5,,ファイバークレイ,ホワイト　艶無,あり,13000,https://my.ebook5.net/greenpot/catalog/,,,,,,,
グリーンポット,GA-0544GY,バスク ミドル 44cm グレー,10号,φ440×H550,54.0,39.0,,ファイバークレイ,グレー　　艶無,あり,20000,https://my.ebook5.net/greenpot/catalog/,,,,,,,
グリーンポット,GA-0544WH,バスク ミドル 44cm ホワイト,10号,φ440×H550,54.0,39.0,,ファイバークレイ,ホワイト　艶無,あり,20000,https://my.ebook5.net/greenpot/catalog/,,,,,,,
グリーンポット,GA-1832BR,ファントム Uポット ブラウン 32cm,8号,φ320×H320,30.5,28.0,,ファイバークレイ,ブラウン　艶有,あり,8000,https://my.ebook5.net/greenpot/catalog/,,,,,,,
グリーンポット,GA-1832GY,ファントム Uポット グレー 32cm,8号,φ320×H320,30.5,28.0,,ファイバークレイ,グレー　　艶有,あり,8000,https://my.ebook5.net/greenpot/catalog/,,,,,,,
グリーンポット,GA-1840BR,ファントム Uポット ブラウン 40cm,10号,φ400×H420,40.0,36.0,,ファイバークレイ,ブラウン　艶有,あり,14000,https://my.ebook5.net/greenpot/catalog/,,,,,,,
グリーンポット,GA-1840GY,ファントム Uポット グレー 40cm,10号,φ400×H420,40.0,36.0,,ファイバークレイ,グレー　　艶有,あり,14000,https://my.ebook5.net/greenpot/catalog/,,,,,,,
グリーンポット,GA-2035BR,ファントム ラウンド ブラウン 35cm,8号,φ350×H330,31.0,30.0,,ファイバークレイ,ブラウン　艶有,あり,7500,https://my.ebook5.net/greenpot/catalog/,,,,,,,
グリーンポット,GA-2035GY,ファントム ラウンド グレー 35cm,8号,φ350×H330,31.0,30.0,,ファイバークレイ,グレー　　艶有,あり,7500,https://my.ebook5.net/greenpot/catalog/,,,,,,,
グリーンポット,GA-2042BR,ファントム ラウンド ブラウン 42cm,10号,φ420×H400,38.0,37.0,,ファイバークレイ,ブラウン　艶有,あり,13000,https://my.ebook5.net/greenpot/catalog/,,,,,,,
グリーンポット,GA-2042GY,ファントム ラウンド グレー 42cm,10号,φ420×H400,38.0,37.0,,ファイバークレイ,グレー　　艶有,あり,13000,https://my.ebook5.net/greenpot/catalog/,,,,,,,
グリーンポット,GA-2135BK,エイリアス ラウンド ブラック 35cm,8号,φ350×H345,32.5,30.0,,ファイバークレイ,ブラック　艶無,あり,8500,https://my.ebook5.net/greenpot/catalog/,,,,,,,
グリーンポット,GA-2135WG,エイリアス ラウンド Wグレー 35cm,8号,φ350×H345,32.5,30.0,,ファイバークレイ,ホワイト　艶無,あり,8500,https://my.ebook5.net/greenpot/catalog/,,,,,,,
グリーンポット,GA-2143BK,エイリアス ラウンド ブラック 43cm,10号,φ430×H430,41.0,38.0,,ファイバークレイ,ブラック　艶無,あり,13000,https://my.ebook5.net/greenpot/catalog/,,,,,,,
グリーンポット,GA-2143WG,エイリアス ラウンド Wグレー 43cm,10号,φ430×H430,41.0,38.0,,ファイバークレイ,ホワイト　艶無,あり,13000,https://my.ebook5.net/greenpot/catalog/,,,,,,,
グリーンポット,GA-2240BK,エイリアス キューブ ブラック 40cm,10号,W400×D400×H410,39.5,35.0,35.0,ファイバークレイ,ブラック　艶無,あり,13000,https://my.ebook5.net/greenpot/catalog/,,,,,,,
グリーンポット,GA-2240WG,エイリアス キューブ Wグレー 40cm,10号,W400×D400×H410,39.5,35.0,35.0,ファイバークレイ,ホワイト　艶無,あり,13000,https://my.ebook5.net/greenpot/catalog/,,,,,,,
グリーンポット,GA-2250BK,エイリアス キューブ ブラック 50cm,ー,W500×D500×H510,49.0,44.5,44.5,ファイバークレイ,ブラック　艶無,あり,19000,https://my.ebook5.net/greenpot/catalog/,,,,,,,
グリーンポット,GA-2250WG,エイリアス キューブ Wグレー 50cm,ー,W500×D500×H510,49.0,44.5,44.5,ファイバークレイ,ホワイト　艶無,あり,19000,https://my.ebook5.net/greenpot/catalog/,,,,,,,
グリーンポット,GA-2430BK,エイリアス シリンダー ブラック 30cm,8号,φ300×H325,31.0,26.0,,ファイバークレイ,ブラック　艶無,あり,7500,https://my.ebook5.net/greenpot/catalog/,,,,,,,
グリーンポット,GA-2430WG,エイリアス シリンダー Wグレー 30cm,8号,φ300×H325,31.0,26.0,,ファイバークレイ,ホワイト　艶無,あり,7500,https://my.ebook5.net/greenpot/catalog/,,,,,,,
グリーンポット,GA-2440BK,エイリアス シリンダー ブラック 40cm,10号,φ400×H435,42.0,35.0,,ファイバークレイ,ブラック　艶無,あり,13000,https://my.ebook5.net/greenpot/catalog/,,,,,,,
グリーンポット,GA-2440WG,エイリアス シリンダー Wグレー 40cm,10号,φ400×H435,42.0,35.0,,ファイバークレイ,ホワイト　艶無,あり,13000,https://my.ebook5.net/greenpot/catalog/,,,,,,,
グリーンポット,GA-2828BK,バーウッド ラウンド ブラック 28cm,７号,φ285×H273,26.3,24.5,,ファイバークレイ,ブラック,あり,6800,https://my.ebook5.net/greenpot/catalog/,,,,,,,
グリーンポット,GA-2828GY,バーウッド ラウンド グレー 28cm,７号,φ285×H273,26.3,24.5,,ファイバークレイ,グレー,あり,6800,https://my.ebook5.net/greenpot/catalog/,,,,,,,
グリーンポット,GA-2835BK,バーウッド ラウンド ブラック 35cm,8号,φ355×H345,33.0,31.5,,ファイバークレイ,ブラック,あり,9800,https://my.ebook5.net/greenpot/catalog/,,,,,,,
グリーンポット,GA-2835GY,バーウッド ラウンド グレー 35cm,8号,φ355×H345,33.0,31.5,,ファイバークレイ,グレー,あり,9800,https://my.ebook5.net/greenpot/catalog/,,,,,,,
グリーンポット,GA-2843BK,バーウッド ラウンド ブラック 40cm,10号,φ435×H410,39.5,38.8,,ファイバークレイ,ブラック,あり,15000,https://my.ebook5.net/greenpot/catalog/,,,,,,,
グリーンポット,GA-2843GY,バーウッド ラウンド グレー 40cm,10号,φ435×H410,39.5,38.8,,ファイバークレイ,グレー,あり,15000,https://my.ebook5.net/greenpot/catalog/,,,,,,,
グリーンポット,GA-2932BK,バーウッド シャロー ブラック 32cm,,φ320×H230,21.5,23.5,,ファイバークレイ,ブラック,あり,7500,https://my.ebook5.net/greenpot/catalog/,,,,,,,
グリーンポット,GA-2932GY,バーウッド シャロー グレー 32cm,ー,φ320×H230,21.5,23.5,,ファイバークレイ,グレー,あり,7500,https://my.ebook5.net/greenpot/catalog/,,,,,,,
グリーンポット,GA-3031BK,バーウッド キューブ ブラック 31cm,8号,W315×D315×H315,30.0,26.5,26.5,ファイバークレイ,ブラック,あり,9800,https://my.ebook5.net/greenpot/catalog/,,,,,,,
グリーンポット,GA-3031GY,バーウッド キューブ グレー 31cm,8号,W315×D315×H315,30.0,26.5,26.5,ファイバークレイ,グレー,あり,9800,https://my.ebook5.net/greenpot/catalog/,,,,,,,
グリーンポット,GA-3040BK,バーウッド キューブ ブラック 40cm,10号,W400×D400×H405,39.0,34.0,34.0,ファイバークレイ,ブラック,あり,16000,https://my.ebook5.net/greenpot/catalog/,,,,,,,
グリーンポット,GA-3040GY,バーウッド キューブ グレー 40cm,10号,W400×D400×H405,39.0,34.0,34.0,ファイバークレイ,グレー,あり,16000,https://my.ebook5.net/greenpot/catalog/,,,,,,,
グリーンポット,GA-3135BK,グレイニー エッグ ブラック 35cm,8号,φ353×H355,34.5,27.5,,ファイバークレイ,ブラック,あり,10000,https://my.ebook5.net/greenpot/catalog/,,,,,,,
グリーンポット,GA-3135GY,グレイニー エッグ グレー 35cm,8号,φ353×H355,34.5,27.5,,ファイバークレイ,グレー,あり,10000,https://my.ebook5.net/greenpot/catalog/,,,,,,,
グリーンポット,GA-3135WH,グレイニー エッグ ホワイト 35cm,8号,φ353×H355,34.5,27.5,,ファイバークレイ,ホワイト,あり,10000,https://my.ebook5.net/greenpot/catalog/,,,,,,,
グリーンポット,GA-3143BK,グレイニー エッグ ブラック 43cm,10号,φ440×H435,42.3,34.4,,ファイバークレイ,ブラック,あり,15000,https://my.ebook5.net/greenpot/catalog/,,,,,,,
グリーンポット,GA-3143GY,グレイニー エッグ グレー 43cm,10号,φ440×H435,42.3,34.4,,ファイバークレイ,グレー,あり,15000,https://my.ebook5.net/greenpot/catalog/,,,,,,,
グリーンポット,GA-3143WH,グレイニー エッグ ホワイト 43cm,10号,φ440×H435,42.3,34.4,,ファイバークレイ,ホワイト,あり,15000,https://my.ebook5.net/greenpot/catalog/,,,,,,,
グリーンポット,GA-3230BK,グレイニー シリンダー ブラック 30cm,8号,φ310×H330,32.0,27.5,,ファイバークレイ,ブラック,あり,8700,https://my.ebook5.net/greenpot/catalog/,,,,,,,
グリーンポット,GA-3230GY,グレイニー シリンダー グレー 30cm,8号,φ310×H330,32.0,27.5,,ファイバークレイ,グレー,あり,8700,https://my.ebook5.net/greenpot/catalog/,,,,,,,
グリーンポット,GA-3230WH,グレイニー シリンダー ホワイト 30cm,8号,φ310×H330,32.0,27.5,,ファイバークレイ,ホワイト,あり,8700,https://my.ebook5.net/greenpot/catalog/,,,,,,,
グリーンポット,GA-3240BK,グレイニー シリンダー ブラック 40cm,10号,φ410×H440,43.0,36.5,,ファイバークレイ,ブラック,あり,15000,https://my.ebook5.net/greenpot/catalog/,,,,,,,
グリーンポット,GA-3240GY,グレイニー シリンダー グレー 40cm,10号,φ410×H440,43.0,36.5,,ファイバークレイ,グレー,あり,15000,https://my.ebook5.net/greenpot/catalog/,,,,,,,
グリーンポット,GA-3240WH,グレイニー シリンダー ホワイト 40cm,10号,φ410×H440,43.0,36.5,,ファイバークレイ,ホワイト,あり,15000,https://my.ebook5.net/greenpot/catalog/,,,,,,,
グリーンポット,GA-3324GY,バウム ジャー グレー 24cm,ー,φ245×H225,21.5,20.0,,ファイバークレイ,グレー,あり,5200,https://my.ebook5.net/greenpot/catalog/,,,,,,,
グリーンポット,GA-3324WH,バウム ジャー ホワイト 24cm,ー,φ245×H225,21.5,20.0,,ファイバークレイ,ホワイト,あり,5200,https://my.ebook5.net/greenpot/catalog/,,,,,,,
グリーンポット,GA-3332GY,バウム ジャー グレー 32cm,8号,φ325×H300,29.0,27.0,,ファイバークレイ,グレー,あり,9500,https://my.ebook5.net/greenpot/catalog/,,,,,,,
グリーンポット,GA-3332WH,バウム ジャー ホワイト 32cm,8号,φ325×H300,29.0,27.0,,ファイバークレイ,ホワイト,あり,9500,https://my.ebook5.net/greenpot/catalog/,,,,,,,
グリーンポット,GA-3423BR,ホルム ナロー ブラウン 23cm,ー,φ230×H220,21.0,20.0,,ファイバークレイ,ブラック,あり,5200,https://my.ebook5.net/greenpot/catalog/,,,,,,,
グリーンポット,GA-3423GY,ホルム ナロー グレー 23cm,ー,φ230×H220,21.0,20.0,,ファイバークレイ,グレー,あり,5200,https://my.ebook5.net/greenpot/catalog/,,,,,,,
グリーンポット,GA-3423WH,ホルム ナロー ホワイト 23cm,ー,φ230×H220,21.0,20.0,,ファイバークレイ,ホワイト,あり,5200,https://my.ebook5.net/greenpot/catalog/,,,,,,,
グリーンポット,GA-3433BR,ホルム ナロー ブラウン 33cm,8号,φ335×H300,29.0,29.0,,ファイバークレイ,ブラウン,あり,9500,https://my.ebook5.net/greenpot/catalog/,,,,,,,
グリーンポット,GA-3433GY,ホルム ナロー グレー 33cm,8号,φ335×H300,29.0,29.0,,ファイバークレイ,グレー,あり,9500,https://my.ebook5.net/greenpot/catalog/,,,,,,,
グリーンポット,GA-3433WH,ホルム ナロー ホワイト 33cm,8号,φ335×H300,29.0,29.0,,ファイバークレイ,ホワイト,あり,9500,https://my.ebook5.net/greenpot/catalog/,,,,,,,
グリーンポット,GA-3442BR,ホルム ナロー ブラウン 42cm,10号,φ425×H370,36.0,37.0,,ファイバークレイ,ブラウン,あり,15000,https://my.ebook5.net/greenpot/catalog/,,,,,,,
グリーンポット,GA-3442GY,ホルム ナロー グレー 42cm,10号,φ425×H370,36.0,37.0,,ファイバークレイ,グレー,あり,15000,https://my.ebook5.net/greenpot/catalog/,,,,,,,
グリーンポット,GA-3442WH,ホルム ナロー ホワイト 42cm,10号,φ425×H370,36.0,37.0,,ファイバークレイ,ホワイト,あり,15000,https://my.ebook5.net/greenpot/catalog/,,,,,,,
グリーンポット,GA-3530GY,バウム ラウンド グレー 30cm ,8号,φ320×H320,31.0,27.0,,ファイバークレイ,グレー,あり,9500,https://my.ebook5.net/greenpot/catalog/,,,,,,,
グリーンポット,GA-3530WH,バウム ラウンド ホワイト 30cm ,8号,φ320×H320,31.0,27.0,,ファイバークレイ,ホワイト,あり,9500,https://my.ebook5.net/greenpot/catalog/,,,,,,,
グリーンポット,GA-3537GY,バウム ラウンド グレー 37cm ,10号,φ410×H375,36.5,34.0,,ファイバークレイ,グレー,あり,14000,https://my.ebook5.net/greenpot/catalog/,,,,,,,
グリーンポット,GA-3537WH,バウム ラウンド ホワイト 37cm ,10号,φ410×H375,36.5,34.0,,ファイバークレイ,ホワイト,あり,14000,https://my.ebook5.net/greenpot/catalog/,,,,,,,
グリーンポット,GU-2301GY,スクエアー バスケット 24x13cm,ー,W240×D130×H140,12.0,21.5,10.5,アイアン(鉄）,,なし,2500,https://my.ebook5.net/greenpot/catalog/,,,,,,,
グリーンポット,GU-2302GY,ボート バスケット 32x15cm,ー,W320×D150×H135,11.5,29.5,13.0,アイアン(鉄）,,なし,2600,https://my.ebook5.net/greenpot/catalog/,,,,,,,
グリーンポット,GU-2303GY,カップ バスケット 20x22.5cm,ー,φ200×H280,20.0,18.0,,アイアン(鉄）,,なし,3000,https://my.ebook5.net/greenpot/catalog/,,,,,,,
グリーンポット,GU-2304GY,トライアングル バスケット 20x12cm,ー,W200×D120×H400,15.0,16.0,9.0,アイアン(鉄）,,なし,2100,https://my.ebook5.net/greenpot/catalog/,,,,,,,
グリーンポット,GU-2305GY,ドロップハンギング バスケット 22x27.5cm,ー,φ220×H275,15.0,19.0,,アイアン(鉄）,,なし,3000,https://my.ebook5.net/greenpot/catalog/,,,,,,,
グリーンポット,GU-2306GY,ムーン バスケット 28x17cm,ー,W280×D165×H280,11.0,25.5,12.0,アイアン(鉄）,,なし,3000,https://my.ebook5.net/greenpot/catalog/,,,,,,,
グリーンポット,GU-CG16-033B,コンテナリース ブラック 34cm,ー,φ355×H95,,7.0,,メタル,ブラック　艶無,なし,2700,https://my.ebook5.net/greenpot/catalog/,,,,,,,
グリーンポット,GU-CG16-033W,コンテナリース ホワイト 34cm,ー,φ355×H95,,7.0,,メタル,ホワイト　艶無,なし,2700,https://my.ebook5.net/greenpot/catalog/,,,,,,,
グリーンポット,GU-CG16-033Y,ｺﾝﾃﾅﾘｰｽ ｸﾞﾚｰ 34cm,ー,φ355×H95,,,,メタル,グレー,なし,2700,https://my.ebook5.net/greenpot/catalog/,,,,,,,
グリーンポット,GU-CG16-094B,コンテナリース ブラック 28cm,ー,φ290×H95,,,,メタル,ブラック　艶無,なし,2300,https://my.ebook5.net/greenpot/catalog/,,,,,,,
グリーンポット,GU-CG16-094W,コンテナリース ホワイト 28cm,ー,φ290×H95,,,,メタル,クリーム　艶無,なし,2300,https://my.ebook5.net/greenpot/catalog/,,,,,,,
グリーンポット,GU-CG16-094Y,ｺﾝﾃﾅﾘｰｽ ｸﾞﾚｰ 28cm,ー,φ290×H95,,,,メタル,グレー,なし,2300,https://my.ebook5.net/greenpot/catalog/,,,,,,,
グリーンポット,GU-CG18032B,マルチベース ピラミッド W19xD13xH25.5,ー,W200×D140×H250,,,,アイロン(鉄）,,,1400,https://my.ebook5.net/greenpot/catalog/,,,,,,,
グリーンポット,HH-RS0133CR,レジスト コニック クリーム 33cm,ー,φ330×H260,24.5,30.0,,テラコッタ,クリーム,あり,5800,https://my.ebook5.net/greenpot/catalog/,,,,,,,
グリーンポット,HH-RS0133DB,レジスト コニック ダークブラウン 33cm,ー,φ330×H260,24.5,30.0,,テラコッタ,ダークブラウン,あり,5800,https://my.ebook5.net/greenpot/catalog/,,,,,,,
グリーンポット,HH-RS0133RD,レジスト コニック レッド 33cm,ー,φ330×H260,24.5,30.0,,テラコッタ,レッド,あり,5800,https://my.ebook5.net/greenpot/catalog/,,,,,,,
グリーンポット,HH-RS0141CR,レジスト コニック クリーム 41cm,9号,φ410×H320,30.2,37.5,,テラコッタ,クリーム,あり,11000,https://my.ebook5.net/greenpot/catalog/,,,,,,,
グリーンポット,HH-RS0141DB,レジスト コニック ダークブラウン 41cm,9号,φ410×H320,30.2,37.5,,テラコッタ,ダークブラウン,あり,11000,https://my.ebook5.net/greenpot/catalog/,,,,,,,
グリーンポット,HH-RS0141RD,レジスト コニック レッド 41cm,9号,φ410×H320,30.2,37.5,,テラコッタ,レッド,あり,11000,https://my.ebook5.net/greenpot/catalog/,,,,,,,
グリーンポット,HH-RS0150CR,レジスト コニック クリーム 50cm,10号,φ500×H400,38.2,46.5,,テラコッタ,クリーム,あり,23000,https://my.ebook5.net/greenpot/catalog/,,,,,,,
グリーンポット,HH-RS0150DB,レジスト コニック ダークブラウン 50cm,10号,φ500×H400,38.2,46.5,,テラコッタ,ダークブラウン,あり,23000,https://my.ebook5.net/greenpot/catalog/,,,,,,,
グリーンポット,HH-RS0150RD,レジスト コニック レッド 50cm,10号,φ500×H400,38.2,46.5,,テラコッタ,レッド,あり,23000,https://my.ebook5.net/greenpot/catalog/,,,,,,,
グリーンポット,HH-RS0242CR,レジスト バルーン クリーム 42cm,ー,φ435×H308,29.0,36.5,,テラコッタ,クリーム,あり,13000,https://my.ebook5.net/greenpot/catalog/,,,,,,,
グリーンポット,HH-RS0242DB,レジスト バルーン ダークブラウン 42cm,ー,φ435×H308,29.0,36.5,,テラコッタ,ダークブラウン,あり,13000,https://my.ebook5.net/greenpot/catalog/,,,,,,,
グリーンポット,HH-RS0242RD,レジスト バルーン レッド 42cm,ー,φ435×H308,29.0,36.5,,テラコッタ,レッド,あり,13000,https://my.ebook5.net/greenpot/catalog/,,,,,,,
グリーンポット,HH-RS0255CR,レジスト バルーン クリーム 55cm,ー,φ520×H383,36.5,48.0,,テラコッタ,クリーム,あり,22000,https://my.ebook5.net/greenpot/catalog/,,,,,,,
グリーンポット,HH-RS0255DB,レジスト バルーン ダークブラウン 55cm,ー,φ520×H383,36.5,48.0,,テラコッタ,ダークブラウン,あり,22000,https://my.ebook5.net/greenpot/catalog/,,,,,,,
グリーンポット,HH-RS0255RD,レジスト バルーン レッド 55cm,ー,φ520×H383,36.5,48.0,,テラコッタ,レッド,あり,22000,https://my.ebook5.net/greenpot/catalog/,,,,,,,
グリーンポット,HH-RS0345CR,レジスト ラウンド クリーム 45cm,10号,φ450×H410,38.5,41.5,,テラコッタ,クリーム,あり,19000,https://my.ebook5.net/greenpot/catalog/,,,,,,,
グリーンポット,HH-RS0345DB,レジスト ラウンド ダークブラウン 45cm,10号,φ450×H410,38.5,41.5,,テラコッタ,ダークブラウン,あり,19000,https://my.ebook5.net/greenpot/catalog/,,,,,,,
グリーンポット,HH-RS0345RD,レジスト ラウンド レッド 45cm,10号,φ450×H410,38.5,41.5,,テラコッタ,レッド,あり,19000,https://my.ebook5.net/greenpot/catalog/,,,,,,,
グリーンポット,HH-RS0355CR,レジスト ラウンド クリーム 55cm,ー,φ560×H515,48.7,50.0,,テラコッタ,クリーム,あり,29000,https://my.ebook5.net/greenpot/catalog/,,,,,,,
グリーンポット,HH-RS0355DB,レジスト ラウンド ダークブラウン 55cm,ー,φ560×H515,48.7,50.0,,テラコッタ,ダークブラウン,あり,29000,https://my.ebook5.net/greenpot/catalog/,,,,,,,
グリーンポット,HH-RS0355RD,レジスト ラウンド レッド 55cm,ー,φ560×H515,48.7,50.0,,テラコッタ,レッド,あり,29000,https://my.ebook5.net/greenpot/catalog/,,,,,,,
グリーンポット,HO-2322BK,パラドック トール ブラック 22cm,ー,φ215×H255,24.0,20.0,,釉薬陶器,ブラック,あり,5800,https://my.ebook5.net/greenpot/catalog/,,,,,,,
グリーンポット,HO-2322BO,パラドック トール ボルドー 22cm,ー,φ215×H255,24.0,20.0,,釉薬陶器,ボルドー,あり,5800,https://my.ebook5.net/greenpot/catalog/,,,,,,,
グリーンポット,HO-2322WH,パラドック トール ホワイト 22cm,ー,φ215×H255,24.0,20.0,,釉薬陶器,ホワイト　艶無,あり,5800,https://my.ebook5.net/greenpot/catalog/,,,,,,,
グリーンポット,HO-2418BK,パラドック ブラック 18cm,ー,φ180×H155,14.5,16.5,,釉薬陶器,ブラック　艶無,あり,3000,https://my.ebook5.net/greenpot/catalog/,,,,,,,
グリーンポット,HO-2418BO,パラドック ボルドー 18cm,ー,φ180×H155,14.5,16.5,,釉薬陶器,レッド　　艶無,あり,3000,https://my.ebook5.net/greenpot/catalog/,,,,,,,
グリーンポット,HO-2418WH,パラドック ホワイト 18cm,ー,φ180×H155,14.5,16.5,,釉薬陶器,ホワイト　艶無,あり,3000,https://my.ebook5.net/greenpot/catalog/,,,,,,,
グリーンポット,HO-2515BK,ニードル トール ブラック 15cm,ー,φ150×H225,20.7,13.7,,釉薬陶器,ブラック　艶無,あり,3200,https://my.ebook5.net/greenpot/catalog/,,,,,,,
グリーンポット,HO-2515CP,ニードル トール カッパー 15cm,ー,φ150×H225,20.7,13.7,,釉薬陶器,ブラウン　艶無,あり,3200,https://my.ebook5.net/greenpot/catalog/,,,,,,,
グリーンポット,HO-2515MW,ニードル トール ホワイト 15cm,ー,φ150×H225,20.7,13.7,,釉薬陶器,ホワイト　艶無,あり,3200,https://my.ebook5.net/greenpot/catalog/,,,,,,,
グリーンポット,HO-3018AB,ライネル アンバー 18cm,ー,φ185×H190,18.0,16.5,,釉薬陶器,ブラウン　艶有,あり,3200,https://my.ebook5.net/greenpot/catalog/,,,,,,,
グリーンポット,HO-3018WH,ライネル ホワイト 18cm,ー,φ185×H190,18.0,16.5,,釉薬陶器,ホワイト　艶有,あり,3200,https://my.ebook5.net/greenpot/catalog/,,,,,,,
グリーンポット,HO-3110BK,フェネル ブラック 9.5cm,ー,φ95×H100,7.5,8.0,,釉薬陶器,ブラック,あり,1300,https://my.ebook5.net/greenpot/catalog/,,,,,,,
グリーンポット,HO-3110GN,フェネル グリーン 9.5cm,ー,φ95×H100,7.5,8.0,,釉薬陶器,グリーン,あり,1300,https://my.ebook5.net/greenpot/catalog/,,,,,,,
グリーンポット,HO-3110WH,フェネル ホワイト 9.5cm,ー,φ95×H100,7.5,8.0,,釉薬陶器,ホワイト,あり,1300,https://my.ebook5.net/greenpot/catalog/,,,,,,,
グリーンポット,HO-3110YE,フェネル イエロー 9.5cm,ー,φ95×H100,7.5,8.0,,釉薬陶器,イエロー,あり,1300,https://my.ebook5.net/greenpot/catalog/,,,,,,,
グリーンポット,HO-3114BK,フェネル ブラック 13.5cm,ー,φ135×H135,11.0,12.0,,釉薬陶器,ブラック,あり,2000,https://my.ebook5.net/greenpot/catalog/,,,,,,,
グリーンポット,HO-3114GN,フェネル グリーン 13.5cm,ー,φ135×H135,11.0,12.0,,釉薬陶器,グリーン,あり,2000,https://my.ebook5.net/greenpot/catalog/,,,,,,,
グリーンポット,HO-3114WH,フェネル ホワイト 13.5cm,ー,φ135×H135,11.0,12.0,,釉薬陶器,ホワイト,あり,2000,https://my.ebook5.net/greenpot/catalog/,,,,,,,
グリーンポット,HO-3114YE,フェネル イエロー 13.5cm,ー,φ135×H135,11.0,12.0,,釉薬陶器,イエロー,あり,2000,https://my.ebook5.net/greenpot/catalog/,,,,,,,
グリーンポット,HO-3510BK,モンロー ブラック 10cm,ー,φ100×H100,9.0,8.5,,釉薬陶器,ブラック,あり,1600,https://my.ebook5.net/greenpot/catalog/,,,,,,,
グリーンポット,HO-3510CR,モンロー クリーム 10cm,ー,φ100×H100,9.0,8.5,,釉薬陶器,クリーム,あり,1600,https://my.ebook5.net/greenpot/catalog/,,,,,,,
グリーンポット,HO-3516BK,モンロー ブラック 15.5cm,ー,φ155×H145,12.5,13.5,,釉薬陶器,ブラック,あり,2600,https://my.ebook5.net/greenpot/catalog/,,,,,,,
グリーンポット,HO-3516CR,モンロー クリーム 15.5cm,ー,φ155×H145,12.5,13.5,,釉薬陶器,クリーム,あり,2600,https://my.ebook5.net/greenpot/catalog/,,,,,,,
グリーンポット,HO-3721CR,オーラ クリーム 20.5cm,ー,φ210×H188,16.5,13.8,,釉薬陶器,クリーム,あり,4200,https://my.ebook5.net/greenpot/catalog/,,,,,,,
グリーンポット,HO-3721LG,オーラ ライトグレー 20.5cm,ー,φ210×H188,16.5,13.8,,釉薬陶器,ライトグレー,あり,4200,https://my.ebook5.net/greenpot/catalog/,,,,,,,
グリーンポット,HO-3721PG,オーラ パステルグリーン 20.5cm,ー,φ210×H188,16.5,13.8,,釉薬陶器,パステルグレー,あり,4200,https://my.ebook5.net/greenpot/catalog/,,,,,,,
グリーンポット,HO-3721PY,オーラ パステルイエロー 20.5cm,ー,φ210×H188,16.5,13.8,,釉薬陶器,パステルイエロー,あり,4200,https://my.ebook5.net/greenpot/catalog/,,,,,,,
グリーンポット,HO-3727CR,オーラ クリーム 26.5cm,ー,φ260×H240,22.0,17.0,,釉薬陶器,クリーム,あり,8000,https://my.ebook5.net/greenpot/catalog/,,,,,,,
グリーンポット,HO-3727LG,オーラ ライトグレー 26.5cm,ー,φ260×H240,22.0,17.0,,釉薬陶器,ライトグレー,あり,8000,https://my.ebook5.net/greenpot/catalog/,,,,,,,
グリーンポット,HO-3727PG,オーラ パステルグリーン 26.5cm,ー,φ260×H240,22.0,17.0,,釉薬陶器,パステルグリーン,あり,8000,https://my.ebook5.net/greenpot/catalog/,,,,,,,
グリーンポット,HO-3727PY,オーラ パステルイエロー 26.5cm,ー,φ260×H240,22.0,17.0,,釉薬陶器,パステルイエロー,あり,8000,https://my.ebook5.net/greenpot/catalog/,,,,,,,
グリーンポット,HO-3801BE,ホーミー バード ベージュ 13cm,ー,W60×D130×H130,,,,釉薬陶器,ベージュ,なし,1300,https://my.ebook5.net/greenpot/catalog/,,,,,,,
グリーンポット,HO-3801RO,ホーミー バード ローズ 13cm,ー,W60×D130×H130,,,,釉薬陶器,ローズ,なし,1300,https://my.ebook5.net/greenpot/catalog/,,,,,,,
グリーンポット,HO-3803BE,ホーミー エレファント ベージュ 24.5cm,ー,W110×D250×H210,,,,釉薬陶器,ベージュ,なし,3200,https://my.ebook5.net/greenpot/catalog/,,,,,,,
グリーンポット,HO-3803RO,ホーミー エレファント ローズ 24.5cm,ー,W110×D250×H210,,,,釉薬陶器,ローズ,なし,3200,https://my.ebook5.net/greenpot/catalog/,,,,,,,
グリーンポット,HO-3804BE,ホーミー エイプ ベージュ 15cm,ー,W137×D153×H160,11.0,7.0,7.5,釉薬陶器,ベージュ,なし,2000,https://my.ebook5.net/greenpot/catalog/,,,,,,,
グリーンポット,HO-3804RO,ホーミー エイプ ローズ 15cm,ー,W137×D153×H160,11.0,7.0,7.5,釉薬陶器,ローズ,なし,2000,https://my.ebook5.net/greenpot/catalog/,,,,,,,
グリーンポット,HO-4010FO,パーカー ラウンド フォレスト 10cm,ー,φ110×H110,10.0,8.0,,釉薬陶器,,あり,1400,https://my.ebook5.net/greenpot/catalog/,,,,,,,
グリーンポット,HO-4010OC,パーカー ラウンド オーシャン 10cm,ー,φ110×H110,10.0,8.0,,釉薬陶器,,あり,1400,https://my.ebook5.net/greenpot/catalog/,,,,,,,
グリーンポット,HO-4010PA,パーカー ラウンド パステル 10cm,ー,φ110×H110,10.0,8.0,,釉薬陶器,,あり,1400,https://my.ebook5.net/greenpot/catalog/,,,,,,,
グリーンポット,HO-4013FO,パーカー ボール フォレスト 13cm,ー,φ140×H120,11.0,9.0,,釉薬陶器,,あり,1800,https://my.ebook5.net/greenpot/catalog/,,,,,,,
グリーンポット,HO-4013OC,パーカー ボール オーシャン 13cm,ー,φ140×H120,11.0,9.0,,釉薬陶器,,あり,1800,https://my.ebook5.net/greenpot/catalog/,,,,,,,
グリーンポット,HO-4013PA,パーカー ボール パステル 13cm,ー,φ140×H120,11.0,9.0,,釉薬陶器,,あり,1800,https://my.ebook5.net/greenpot/catalog/,,,,,,,
グリーンポット,HO-4111BK,ヨルド ラウンド ブラック 11cm ,ー,φ120×H110,10.0,9.0,,釉薬陶器,ブラック,あり,1500,https://my.ebook5.net/greenpot/catalog/,,,,,,,
グリーンポット,HO-4111CR,ヨルド ラウンド クリーム 11cm ,ー,φ120×H110,10.0,9.0,,釉薬陶器,クリーム,あり,1500,https://my.ebook5.net/greenpot/catalog/,,,,,,,
グリーンポット,HO-4214BK,ヨルド トール ブラック 14cm,ー,φ150×H150,14.0,11.0,,釉薬陶器,ブラック,あり,2000,https://my.ebook5.net/greenpot/catalog/,,,,,,,
グリーンポット,HO-4214CR,ヨルド トール クリーム 14cm,ー,φ150×H150,14.0,11.0,,釉薬陶器,クリーム,あり,2000,https://my.ebook5.net/greenpot/catalog/,,,,,,,
グリーンポット,HO-4313BK,ヨルド シャロー ブラック 13.5cm,ー,φ130×H90,8.0,11.0,,釉薬陶器,ブラック,あり,1800,https://my.ebook5.net/greenpot/catalog/,,,,,,,
グリーンポット,HO-4313CR,ヨルド シャロー クリーム 13.5cm,ー,φ130×H90,8.0,11.0,,釉薬陶器,クリーム,あり,1800,https://my.ebook5.net/greenpot/catalog/,,,,,,,
グリーンポット,HO-4411HZ,ノクターナ ホリゾンタル 11cm,ー,φ110×H92,7.4,9.2,,釉薬陶器,ホリゾンメタル,あり,1500,https://my.ebook5.net/greenpot/catalog/,,,,,,,
グリーンポット,HO-4411MA,ノクターナ マーブル 11cm,ー,φ110×H92,7.4,9.2,,釉薬陶器,マーブル,あり,1500,https://my.ebook5.net/greenpot/catalog/,,,,,,,
グリーンポット,HO-4411ST,ノクターナ ストライプ 11cm,ー,φ110×H92,7.4,9.2,,釉薬陶器,ストライプ,あり,1500,https://my.ebook5.net/greenpot/catalog/,,,,,,,
グリーンポット,HO-4413HZ,ノクターナ ホリゾンタル 13.5cm,ー,φ135×H120,9.8,11.5,,釉薬陶器,ホリゾンメタル,あり,1900,https://my.ebook5.net/greenpot/catalog/,,,,,,,
グリーンポット,HO-4413MA,ノクターナ マーブル 13.5cm,ー,φ135×H120,9.8,11.5,,釉薬陶器,マーブル,あり,1900,https://my.ebook5.net/greenpot/catalog/,,,,,,,
グリーンポット,HO-4413ST,ノクターナ ストライプ 13.5cm,ー,φ135×H120,9.8,11.5,,釉薬陶器,ストライプ,あり,1900,https://my.ebook5.net/greenpot/catalog/,,,,,,,
グリーンポット,HO-4510BR,エイラ ブラウン 10.5cm,ー,φ105×H115,9.5,9.0,,釉薬陶器,ブラウン,あり,1200,https://my.ebook5.net/greenpot/catalog/,,,,,,,
グリーンポット,HO-4510BU,エイラ ブルー 10.5cm,ー,φ105×H115,9.5,9.0,,釉薬陶器,ブルー,あり,1200,https://my.ebook5.net/greenpot/catalog/,,,,,,,
グリーンポット,HO-4510NV,エイラ ネイビー 10.5cm,ー,φ105×H115,9.5,9.0,,釉薬陶器,ネイビー,あり,1200,https://my.ebook5.net/greenpot/catalog/,,,,,,,
グリーンポット,HO-4510WH,エイラ ホワイト 10.5cm,ー,φ105×H115,9.5,9.0,,釉薬陶器,ホワイト,あり,1200,https://my.ebook5.net/greenpot/catalog/,,,,,,,
グリーンポット,HO-4514BR,エイラ ブラウン 14cm,ー,φ140×H165,14.5,12.5,,釉薬陶器,ブラウン,あり,1800,https://my.ebook5.net/greenpot/catalog/,,,,,,,
グリーンポット,HO-4514BU,エイラ ブルー 14cm,ー,φ140×H165,14.5,12.5,,釉薬陶器,ブルー,あり,1800,https://my.ebook5.net/greenpot/catalog/,,,,,,,
グリーンポット,HO-4514NV,エイラ ネイビー 14cm,ー,φ140×H165,14.5,12.5,,釉薬陶器,ネイビー,あり,1800,https://my.ebook5.net/greenpot/catalog/,,,,,,,
グリーンポット,HO-4514WH,エイラ ホワイト 14cm,ー,φ140×H165,14.5,12.5,,釉薬陶器,ホワイト,あり,1800,https://my.ebook5.net/greenpot/catalog/,,,,,,,
グリーンポット,HO-4612BK,ヴァル ブラック 12cm,ー,φ120×H100,7.5,8.5,,釉薬陶器,ブラック,あり,1500,https://my.ebook5.net/greenpot/catalog/,,,,,,,
グリーンポット,HO-4612GR,ヴァル グリーン 12cm,ー,φ120×H100,7.5,8.5,,釉薬陶器,グリーン,あり,1500,https://my.ebook5.net/greenpot/catalog/,,,,,,,
グリーンポット,HO-4612WH,ヴァル ホワイト 12cm,ー,φ120×H100,7.5,8.5,,釉薬陶器,ホワイト,あり,1500,https://my.ebook5.net/greenpot/catalog/,,,,,,,
グリーンポット,HO-4615BK,ヴァル ブラック 15.5cm,ー,φ155×H145,12.5,11.5,,釉薬陶器,ブラック,あり,2300,https://my.ebook5.net/greenpot/catalog/,,,,,,,
グリーンポット,HO-4615GR,ヴァル グリーン 15.5cm,ー,φ155×H145,12.5,11.5,,釉薬陶器,グリーン,あり,2300,https://my.ebook5.net/greenpot/catalog/,,,,,,,
グリーンポット,HO-4615WH,ヴァル ホワイト 15.5cm,ー,φ155×H145,12.5,11.5,,釉薬陶器,ホワイト,あり,2300,https://my.ebook5.net/greenpot/catalog/,,,,,,,
グリーンポット,HO-4711GY,ブリュム グレー 11cm,ー,φ112×H112,9.2,9.3,,釉薬陶器,グレー,あり,1300,https://my.ebook5.net/greenpot/catalog/,,,,,,,
グリーンポット,HO-4711PK,ブリュム ピンク 11cm,ー,φ112×H112,9.2,9.3,,釉薬陶器,ピンク,あり,1300,https://my.ebook5.net/greenpot/catalog/,,,,,,,
グリーンポット,HO-4715GY,ブリュム グレー 15cm,ー,φ150×H145,12.3,12.7,,釉薬陶器,グレー,あり,2200,https://my.ebook5.net/greenpot/catalog/,,,,,,,
グリーンポット,HO-4715PK,ブリュム ピンク 15cm,ー,φ150×H145,12.3,12.7,,釉薬陶器,ピンク,あり,2200,https://my.ebook5.net/greenpot/catalog/,,,,,,,
グリーンポット,HO-4813BR,グリント ブロンズ 13cm,ー,φ144×H120,10.0,11.5,,釉薬陶器,ブロンズ,あり,1600,https://my.ebook5.net/greenpot/catalog/,,,,,,,
グリーンポット,HO-4813BS,グリント ブラス 13cm,ー,φ144×H120,10.0,11.5,,釉薬陶器,ブラス,あり,1600,https://my.ebook5.net/greenpot/catalog/,,,,,,,
グリーンポット,HO-4818BR,グリント ブロンズ 18.5cm,ー,φ185×H146,12.6,14.5,,釉薬陶器,ブロンズ,あり,3300,https://my.ebook5.net/greenpot/catalog/,,,,,,,
グリーンポット,HO-4818BS,グリント ブラス 18.5cm,ー,φ185×H146,12.6,14.5,,釉薬陶器,ブラス,あり,3300,https://my.ebook5.net/greenpot/catalog/,,,,,,,
グリーンポット,HO-4911BR,フィーカ ブラウン 11cm,ー,φ110×H110,8.5,9.5,,釉薬陶器,ブラウン,あり,1400,https://my.ebook5.net/greenpot/catalog/,,,,,,,
グリーンポット,HO-4911GY,フィーカ グレー 11cm,ー,φ110×H110,8.5,9.5,,釉薬陶器,グレー,あり,1400,https://my.ebook5.net/greenpot/catalog/,,,,,,,
グリーンポット,HO-4911KA,フィーカ カーキ 11cm,ー,φ110×H110,8.5,9.5,,釉薬陶器,カーキ,あり,1400,https://my.ebook5.net/greenpot/catalog/,,,,,,,
グリーンポット,HO-4915BR,フィーカ ブラウン 15.5cm,ー,φ155×H150,13.0,14.0,,釉薬陶器,ブラウン,あり,2200,https://my.ebook5.net/greenpot/catalog/,,,,,,,
グリーンポット,HO-4915GY,フィーカ グレー 15.5cm,ー,φ155×H150,13.0,14.0,,釉薬陶器,グレー,あり,2200,https://my.ebook5.net/greenpot/catalog/,,,,,,,
グリーンポット,HO-4915KA,フィーカ カーキ 15.5cm,ー,φ155×H150,13.0,14.0,,釉薬陶器,カーキ,あり,2200,https://my.ebook5.net/greenpot/catalog/,,,,,,,
グリーンポット,HO-5012BK,ロム ブラック 12cm,ー,φ120×H110,9.0,8.5,,釉薬陶器,ブラック,あり,1500,https://my.ebook5.net/greenpot/catalog/,,,,,,,
グリーンポット,HO-5012BU,ロム ブルー 12cm,ー,φ120×H110,9.0,8.5,,釉薬陶器,ブルー,あり,1500,https://my.ebook5.net/greenpot/catalog/,,,,,,,
グリーンポット,HO-5012CR,ロム クリーム 12cm,ー,φ120×H110,9.0,8.5,,釉薬陶器,クリーム,あり,1500,https://my.ebook5.net/greenpot/catalog/,,,,,,,
グリーンポット,HO-5017BK,ロム ブラック 17cm,ー,φ170×H155,13.0,13.0,,釉薬陶器,ブラック,あり,2500,https://my.ebook5.net/greenpot/catalog/,,,,,,,
グリーンポット,HO-5017BU,ロム ブルー 17cm,ー,φ170×H155,13.0,13.0,,釉薬陶器,ブルー,あり,2500,https://my.ebook5.net/greenpot/catalog/,,,,,,,
グリーンポット,HO-5017CR,ロム クリーム 17cm,ー,φ170×H155,13.0,13.0,,釉薬陶器,クリーン,あり,2500,https://my.ebook5.net/greenpot/catalog/,,,,,,,
グリーンポット,HO-5111BK,グレージー ブラック 11.5cm,ー,φ115×H120,10.0,10.5,,釉薬陶器,ブラック,あり,1800,https://my.ebook5.net/greenpot/catalog/,,,,,,,
グリーンポット,HO-5111BR,グレージー ブラウン 11.5cm,ー,φ115×H120,10.0,10.5,,釉薬陶器,ブラウン,あり,1800,https://my.ebook5.net/greenpot/catalog/,,,,,,,
グリーンポット,HO-5111CR,グレージー クリーム 11.5㎝,ー,φ115×H120,10.0,10.5,,釉薬陶器,クリーム,あり,1800,https://my.ebook5.net/greenpot/catalog/,,,,,,,
グリーンポット,HO-5115BK,グレージー ブラック 15cm,ー,φ150×H150,12.5,13.5,,釉薬陶器,ブラック,あり,2200,https://my.ebook5.net/greenpot/catalog/,,,,,,,
グリーンポット,HO-5115BR,グレージー ブラウン 15cm,ー,φ150×H150,12.5,13.5,,釉薬陶器,ブラウン,あり,2200,https://my.ebook5.net/greenpot/catalog/,,,,,,,
グリーンポット,HO-5115CR,グレージー クリーム 15㎝,ー,φ150×H150,12.5,13.5,,釉薬陶器,クリーム,あり,2200,https://my.ebook5.net/greenpot/catalog/,,,,,,,
グリーンポット,HO-5214CA,オンブル キャメル 14.5cm,ー,φ145×H110,10.0,9.0,,釉薬陶器,キャメル,あり,2000,https://my.ebook5.net/greenpot/catalog/,,,,,,,
グリーンポット,HO-5214CH,オンブル チャコール 14.5cm,ー,φ145×H110,10.0,9.0,,釉薬陶器,チャコール,あり,2000,https://my.ebook5.net/greenpot/catalog/,,,,,,,
グリーンポット,HO-5214GY,オンブル グレー 14.5cm,ー,φ145×H110,10.0,9.0,,釉薬陶器,グレー,あり,2000,https://my.ebook5.net/greenpot/catalog/,,,,,,,
グリーンポット,HO-5214IV,オンブル アイボリー 14.5cm,ー,φ145×H110,10.0,9.0,,釉薬陶器,アイボリー,あり,2000,https://my.ebook5.net/greenpot/catalog/,,,,,,,
グリーンポット,HO-601-1MW,オスト ボール マットホワイト 13cm,ー,φ130×H135,12.5,10.5,,釉薬陶器,ホワイト　艶無,あり,1300,https://my.ebook5.net/greenpot/catalog/,,,,,,,
グリーンポット,HO-601-2MW,オスト ボール マットホワイト 17cm,ー,φ170×H170,16.0,13.5,,釉薬陶器,ホワイト　艶無,あり,2200,https://my.ebook5.net/greenpot/catalog/,,,,,,,
グリーンポット,HO-601-3MW,オスト ボール マットホワイト 20cm ,ー,φ205×H205,18.0,16.0,,釉薬陶器,ホワイト　艶無,あり,3600,https://my.ebook5.net/greenpot/catalog/,,,,,,,
グリーンポット,HO-601-4MW,オスト ボール マットホワイト 25cm,ー,φ250×H255,24.5,22.0,,釉薬陶器,ホワイト　艶無,あり,7300,https://my.ebook5.net/greenpot/catalog/,,,,,,,
グリーンポット,HO-601-5MW,オスト ボール マットホワイト 11.5cm,ー,φ115×H122,9.8,9.5,,釉薬陶器,ホワイト　艶無,あり,1200,https://my.ebook5.net/greenpot/catalog/,,,,,,,
グリーンポット,HO-603-1MW,オスト キューブ マットホワイト 11cm,ー,W110×D110×H115,10.5,10.0,10.0,釉薬陶器,ホワイト　艶無,あり,1500,https://my.ebook5.net/greenpot/catalog/,,,,,,,
グリーンポット,HO-606MW,オスト トールエッグ マットホワイト 15cm,ー,φ150×H240,23.0,13.0,,釉薬陶器,ホワイト　艶無,あり,3300,https://my.ebook5.net/greenpot/catalog/,,,,,,,
グリーンポット,HO-6101MW,オスト ボールプリーツ マットホワイト 11cm,ー,φ110×H120,9.9,9.0,,釉薬陶器,ホワイト　艶無,あり,1300,https://my.ebook5.net/greenpot/catalog/,,,,,,,
グリーンポット,HO-6102MW,オスト ボールプリーツ マットホワイト 13cm,ー,φ130×H142,12.0,11.0,,釉薬陶器,ホワイト　艶無,あり,1400,https://my.ebook5.net/greenpot/catalog/,,,,,,,
グリーンポット,HO-6111MW,オスト シャローボール マットホワイト 11cm,ー,φ110×H87,6.7,8.5,,釉薬陶器,ホワイト　艶無,あり,1200,https://my.ebook5.net/greenpot/catalog/,,,,,,,
グリーンポット,HO-6112MW,オスト シャローボール マットホワイト 13.5cm,ー,φ135×H97,7.6,10.0,,釉薬陶器,ホワイト　艶無,あり,1500,https://my.ebook5.net/greenpot/catalog/,,,,,,,
グリーンポット,HO-6121MW,オスト シリンダー マットホワイト 10cm,ー,φ100×H124,10.2,9.2,,釉薬陶器,ホワイト　艶無,あり,1300,https://my.ebook5.net/greenpot/catalog/,,,,,,,
グリーンポット,HO-6122MW,オスト シリンダー マットホワイト 12cm,ー,φ120×H145,12.5,11.2,,釉薬陶器,ホワイト　艶無,あり,1700,https://my.ebook5.net/greenpot/catalog/,,,,,,,
グリーンポット,IA-2101GN,カラーストーン ナチュラルグリーンM,ー,W0×D0×H0,,,,石,ナチュラルグリーン,なし,480,https://my.ebook5.net/greenpot/catalog/,,,,,,,
グリーンポット,IA-2101GY,カラーストーン ナチュラルグレーM,ー,W0×D0×H0,,,,石,ナチュラルグレー,なし,480,https://my.ebook5.net/greenpot/catalog/,,,,,,,
グリーンポット,IA-2101PK,カラーストーン ナチュラルピンクM,ー,W0×D0×H0,,,,石,ナチュラルピンク,なし,480,https://my.ebook5.net/greenpot/catalog/,,,,,,,
グリーンポット,IA-2101WH,カラーストーン ホワイトM,ー,W0×D0×H0,,,,石,ホワイト,なし,480,https://my.ebook5.net/greenpot/catalog/,,,,,,,
グリーンポット,IA-2101YE,カラーストーン オニキスM,ー,W0×D0×H0,,,,石,オニキス,なし,480,https://my.ebook5.net/greenpot/catalog/,,,,,,,
グリーンポット,JA-MA0109BK,MA シリンダー カラス 9cm,ー,φ90×H100,9.0,8.0,,磁器,カラス,あり,1700,https://my.ebook5.net/greenpot/catalog/,,,,,,,
グリーンポット,JA-MA0109GN,MA シリンダー ミドリ 9cm,ー,φ90×H100,9.0,8.0,,磁器,ミドリ,あり,1700,https://my.ebook5.net/greenpot/catalog/,,,,,,,
グリーンポット,JA-MA0109YE,MA シリンダー レモン 9cm,ー,φ90×H100,9.0,8.0,,磁器,レモン,あり,1700,https://my.ebook5.net/greenpot/catalog/,,,,,,,
グリーンポット,JA-MA0209CR,MA ラウンド シロツブ 9cm,ー,φ90×H82,7.5,8.0,,磁器,シロップ,あり,1400,https://my.ebook5.net/greenpot/catalog/,,,,,,,
グリーンポット,JA-MA0209WH,MA ラウンド ウズラ 9cm,ー,φ90×H82,7.5,8.0,,磁器,ウズラ,あり,1400,https://my.ebook5.net/greenpot/catalog/,,,,,,,
グリーンポット,JA-MA0309CR,MA トールシリンダー シロツブ 9cm,ー,φ90×H133,12.5,8.5,,磁器,ホワイト,あり,2400,https://my.ebook5.net/greenpot/catalog/,,,,,,,
グリーンポット,JA-MA0309WH,MA トールシリンダー ウズラ 9cm,ー,φ90×H133,12.5,8.5,,磁器,ウズラ,あり,2400,https://my.ebook5.net/greenpot/catalog/,,,,,,,
グリーンポット,JA-SJ0201BK,SJ トール ハーフ 墨 8cm,ー,φ80×H100,9.5,6.2,,磁器,墨,あり,1800,https://my.ebook5.net/greenpot/catalog/,,,,,,,
グリーンポット,JA-SJ0201BU,SJ トール ハーフ 藍 8cm,ー,φ80×H100,9.5,6.2,,磁器,藍,あり,1800,https://my.ebook5.net/greenpot/catalog/,,,,,,,
グリーンポット,JA-SJ0202BK,SJ トール ヨコ 墨 8cm,ー,φ80×H100,9.5,6.2,,磁器,墨,あり,1800,https://my.ebook5.net/greenpot/catalog/,,,,,,,
グリーンポット,JA-SJ0202BU,SJ トール ヨコ 藍 8cm,ー,φ80×H100,9.5,6.2,,磁器,藍,あり,1800,https://my.ebook5.net/greenpot/catalog/,,,,,,,
グリーンポット,JA-SJ0203BK,SJ トール タテ 墨 8cm,ー,φ80×H100,9.5,6.2,,磁器,墨,あり,1800,https://my.ebook5.net/greenpot/catalog/,,,,,,,
グリーンポット,JA-SJ0203BU,SJ トール タテ 藍 8cm,ー,φ80×H100,9.5,6.2,,磁器,藍,あり,1800,https://my.ebook5.net/greenpot/catalog/,,,,,,,
グリーンポット,JH-0115BK,ナックス ジャーポット ブラック 15cm,ー,φ185×H140,11.0,11.0,,木（WOOD）,ブラック,なし,2200,https://my.ebook5.net/greenpot/catalog/,,,,,,,
グリーンポット,JH-0115DB,ナックス ジャーポット ダークブラウン 15cm,ー,φ185×H140,11.0,11.0,,木（WOOD）,ダークブラウン,なし,2200,https://my.ebook5.net/greenpot/catalog/,,,,,,,
グリーンポット,JH-0118BK,ナックス ジャーポット ブラック 18cm,ー,φ220×H170,13.0,13.5,,木（WOOD）,ブラック,なし,3400,https://my.ebook5.net/greenpot/catalog/,,,,,,,
グリーンポット,JH-0118DB,ナックス ジャーポット ダークブラウン 18cm,ー,φ220×H170,13.0,13.5,,木（WOOD）,ダークブラウン,なし,3400,https://my.ebook5.net/greenpot/catalog/,,,,,,,
グリーンポット,JH-0215BK,ナックス シリンダーポット ブラック 15cm,ー,φ150×H135,9.0,11.5,,木（WOOD）,ブラック,なし,2000,https://my.ebook5.net/greenpot/catalog/,,,,,,,
グリーンポット,JH-0215DB,ナックス シリンダーポット ダークブラウン 15cm,ー,φ150×H135,9.0,11.5,,木（WOOD）,ダークブラウン,なし,2000,https://my.ebook5.net/greenpot/catalog/,,,,,,,
グリーンポット,JH-0223BK,ナックス シリンダーポット ブラック 23cm,ー,φ225×H200,15.5,19.0,,木（WOOD）,ブラック,なし,4000,https://my.ebook5.net/greenpot/catalog/,,,,,,,
グリーンポット,JH-0223DB,ナックス シリンダーポット ダークブラウン 23cm,ー,φ225×H200,15.5,19.0,,木（WOOD）,ダークブラウン,なし,4000,https://my.ebook5.net/greenpot/catalog/,,,,,,,
グリーンポット,JH-0317BK,ナックス シェイブポット ブラック 17cm,ー,φ180×H130,10.5,13.0,,木（WOOD）,ブラック,なし,1900,https://my.ebook5.net/greenpot/catalog/,,,,,,,
グリーンポット,JH-0317DB,ナックス シェイブポット ダークブラウン 17cm,ー,φ180×H130,10.5,13.0,,木（WOOD）,ダークブラウン,なし,1900,https://my.ebook5.net/greenpot/catalog/,,,,,,,
グリーンポット,JH-0320BK,ナックス シェイブポット ブラック 20cm,ー,φ197×H170,12.5,16.0,,木（WOOD）,ブラック,なし,2900,https://my.ebook5.net/greenpot/catalog/,,,,,,,
グリーンポット,JH-0320DB,ナックス シェイブポット ダークブラウン 20cm,ー,φ197×H170,12.5,16.0,,木（WOOD）,ダークブラウン,なし,2900,https://my.ebook5.net/greenpot/catalog/,,,,,,,
グリーンポット,JH-0416BK,ナックス 足つきポット ブラック 16cm,ー,φ170×H200,9.0,11.5,,木（WOOD）,ブラック,なし,2600,https://my.ebook5.net/greenpot/catalog/,,,,,,,
グリーンポット,JH-0416DB,ナックス 足つきポット ダークブラウン 16cm,ー,φ170×H200,9.0,11.5,,木（WOOD）,ダークブラウン,なし,2600,https://my.ebook5.net/greenpot/catalog/,,,,,,,
グリーンポット,JH-0518BK,ナックス ステップポット ブラック 18cm,ー,φ198×H174,8.5,15.0,,木（WOOD）,ブラック,なし,2800,https://my.ebook5.net/greenpot/catalog/,,,,,,,
グリーンポット,JH-0518DB,ナックス ステップポット ダークブラウン 18cm,ー,φ198×H174,8.5,15.0,,木（WOOD）,ダークブラウン,なし,2800,https://my.ebook5.net/greenpot/catalog/,,,,,,,
グリーンポット,JH-0617BK,ナックス ポットスタンド ブラック H17cm,ー,φ150×H170,,,,木（WOOD）,ブラック,なし,2800,https://my.ebook5.net/greenpot/catalog/,,,,,,,
グリーンポット,JH-0617DB,ナックス ポットスタンド ダークブラウン H17cm,ー,φ150×H170,,,,木（WOOD）,ダークブラウン,なし,2800,https://my.ebook5.net/greenpot/catalog/,,,,,,,
グリーンポット,JH-0628BK,ナックス ポットスタンド ブラック H28cm,ー,φ200×H280,,,,木（WOOD）,ブラック,なし,4800,https://my.ebook5.net/greenpot/catalog/,,,,,,,
グリーンポット,JH-0628DB,ナックス ポットスタンド ダークブラウン H28cm,ー,φ200×H280,,,,木（WOOD）,ダークブラウン,なし,4800,https://my.ebook5.net/greenpot/catalog/,,,,,,,
グリーンポット,NC-21011BR,バーゼル トール ブラウン 13cm,ー,φ130×H180,17.0,11.3,,セメント,ブラウン,あり,1800,https://my.ebook5.net/greenpot/catalog/,,,,,,,
グリーンポット,NC-21011GY,バーゼル トール グレー 13cm,ー,φ130×H180,17.0,11.3,,セメント,グレー,あり,1800,https://my.ebook5.net/greenpot/catalog/,,,,,,,
グリーンポット,NC-21012BR,バーゼル ラウンド ブラウン 17cm,ー,φ170×H130,12.0,15.0,,セメント,ブラウン,あり,1800,https://my.ebook5.net/greenpot/catalog/,,,,,,,
グリーンポット,NC-21012GY,バーゼル ラウンド グレー 17cm,ー,φ170×H130,12.0,15.0,,セメント,グレー,あり,1800,https://my.ebook5.net/greenpot/catalog/,,,,,,,
グリーンポット,NC-220103BG,リブラ ジャー ブラック 18cm,ー,φ180×H190,18.3,13.5,,コンクリート,ブラック,あり,2900,https://my.ebook5.net/greenpot/catalog/,,,,,,,
グリーンポット,NC-220103RG,リブラ ジャー テラ 18cm,ー,φ180×H190,18.3,13.5,,コンクリート,テラ,あり,2900,https://my.ebook5.net/greenpot/catalog/,,,,,,,
グリーンポット,NC-220104BG,リブラ ジャー ブラック 13cm,ー,φ128×H130,12.0,9.4,,コンクリート,ブラック,あり,1300,https://my.ebook5.net/greenpot/catalog/,,,,,,,
グリーンポット,NC-220104RG,リブラ ジャー テラ 13cm,ー,φ128×H130,12.0,9.4,,コンクリート,テラ,あり,1300,https://my.ebook5.net/greenpot/catalog/,,,,,,,
グリーンポット,NC-220106BG,リブラ トールジャー ブラック 11cm,ー,φ114×H145,13.0,7.8,,コンクリート,ブラック,あり,1200,https://my.ebook5.net/greenpot/catalog/,,,,,,,
グリーンポット,NC-220106RG,リブラ トールジャー テラ 11cm,ー,φ114×H145,13.0,7.8,,コンクリート,テラ,あり,1200,https://my.ebook5.net/greenpot/catalog/,,,,,,,
グリーンポット,PQ-BS20,ブラックソーサー 20cm,ー,φ210×H35,3.2,20.0,,プラスチック,ブラック,なし,170,https://my.ebook5.net/greenpot/catalog/,,,,,,,
グリーンポット,PQ-BS25,ブラックソーサー 25cm,ー,φ260×H40,3.7,25.0,,プラスチック,ブラック,なし,300,https://my.ebook5.net/greenpot/catalog/,,,,,,,
グリーンポット,PQ-BS30,ブラックソーサー 30cm,ー,φ310×H45,4.2,30.0,,プラスチック,ブラック,なし,480,https://my.ebook5.net/greenpot/catalog/,,,,,,,
グリーンポット,PQ-BS35,ブラックソーサー 35cm,ー,φ360×H50,4.5,35.0,,プラスチック,ブラック,なし,630,https://my.ebook5.net/greenpot/catalog/,,,,,,,
グリーンポット,PQ-BS40,ブラックソーサー 40cm,ー,φ415×H55,5.0,40.0,,プラスチック,ブラック,なし,880,https://my.ebook5.net/greenpot/catalog/,,,,,,,
グリーンポット,PQ-BS45,ブラックソーサー 45cm,ー,φ467×H55,5.0,45.0,,プラスチック,ブラック,なし,1400,https://my.ebook5.net/greenpot/catalog/,,,,,,,
グリーンポット,PQ-BS50,ブラックソーサー 50cm,ー,φ518×H55,5.0,49.0,,プラスチック,ブラック,なし,1700,https://my.ebook5.net/greenpot/catalog/,,,,,,,
グリーンポット,PQ-ER50,ナーセリーポット エルコール 50cm,ー,φ500×H390,,46.0,,プラスチック,ブラック,あり,2800,https://my.ebook5.net/greenpot/catalog/,,,,,,,
グリーンポット,PQ-ER55,ナーセリーポット エルコール 55cm,ー,φ550×H450,,50.0,,プラスチック,ブラック,あり,4800,https://my.ebook5.net/greenpot/catalog/,,,,,,,
グリーンポット,PQ-ER60,ナーセリーポット エルコール 60cm,ー,φ600×H460,,57.0,,プラスチック,ブラック,あり,5800,https://my.ebook5.net/greenpot/catalog/,,,,,,,
グリーンポット,PQ-HD110,ナーセリーポット ジャンボ 110cm,ー,φ1100×H680,,100.0,,プラスチック,ブラック,あり,26000,https://my.ebook5.net/greenpot/catalog/,,,,,,,
グリーンポット,PQ-HD120,ナーセリーポット ジャンボ 120cm,ー,φ1200×H780,,110.0,,プラスチック,ブラック,あり,32000,https://my.ebook5.net/greenpot/catalog/,,,,,,,
グリーンポット,PQ-HD140,ナーセリーポット ジャンボ 140cm,ー,φ1400×H900,,130.0,,プラスチック,ブラック,あり,54000,https://my.ebook5.net/greenpot/catalog/,,,,,,,
グリーンポット,PQ-HD155,ナーセリーポット ジャンボ 155cm,ー,φ1550×H1000,,145.0,,プラスチック,ブラック,あり,130000,https://my.ebook5.net/greenpot/catalog/,,,,,,,
グリーンポット,PQ-HD95,ナーセリーポット ジャンボ 95cm,ー,φ950×H550,,90.0,,プラスチック,ブラック,あり,16000,https://my.ebook5.net/greenpot/catalog/,,,,,,,
グリーンポット,PQ-NH40,ナーセリーポット ハンドル付キ 外寸40x33cm,ー,φ400×H330,,37.0,,プラスチック,ブラック,あり,1600,https://my.ebook5.net/greenpot/catalog/,,,,,,,
グリーンポット,PQ-NH45,ナーセリーポット ハンドル付キ 外寸45x37cm,ー,φ450×H370,36.5,40.0,,プラスチック,ブラック,あり,1900,https://my.ebook5.net/greenpot/catalog/,,,,,,,
グリーンポット,PQ-NH50,ナーセリーポット ハンドル付キ 外寸50x41cm,ー,φ500×H410,40.0,45.0,,プラスチック,ブラック,あり,2900,https://my.ebook5.net/greenpot/catalog/,,,,,,,
グリーンポット,PQ-NH60,ナーセリーポット ハンドル付キ 外寸60x48cm,ー,φ600×H480,47.0,55.0,,プラスチック,ブラック,あり,4600,https://my.ebook5.net/greenpot/catalog/,,,,,,,
グリーンポット,PQ-NH70,ナーセリーポット ハンドル付キ 外寸70x51cm,ー,φ700×H510,50.0,65.0,,プラスチック,ブラック,あり,6500,https://my.ebook5.net/greenpot/catalog/,,,,,,,
グリーンポット,PQ-NH80,ナーセリーポット ハンドル付キ 外寸80x51cm,ー,φ800×H510,49.0,75.0,,プラスチック,ブラック,あり,9800,https://my.ebook5.net/greenpot/catalog/,,,,,,,
グリーンポット,PQ-NL15,ナーセリーポット ロータイプ 内寸15cm,ー,φ160×H140,13.5,15.0,,プラスチック,ブラック,あり,180,https://my.ebook5.net/greenpot/catalog/,,,,,,,
グリーンポット,PQ-NL18,ナーセリーポット ロータイプ 内寸18cm,ー,φ190×H160,15.0,18.0,,プラスチック,ブラック,あり,220,https://my.ebook5.net/greenpot/catalog/,,,,,,,
グリーンポット,PQ-NL20,ナーセリーポット ロータイプ 内寸20cm,ー,φ220×H160,15.5,20.0,,プラスチック,ブラック,あり,320,https://my.ebook5.net/greenpot/catalog/,,,,,,,
グリーンポット,PQ-NL22,ナーセリーポット ロータイプ 内寸22cm,ー,φ240×H180,17.0,22.0,,プラスチック,ブラック,あり,380,https://my.ebook5.net/greenpot/catalog/,,,,,,,
グリーンポット,PQ-NL24,ナーセリーポット ロータイプ 内寸24cm,ー,φ260×H200,19.0,24.0,,プラスチック,ブラック,あり,440,https://my.ebook5.net/greenpot/catalog/,,,,,,,
グリーンポット,PQ-NL26,ナーセリーポット ロータイプ 内寸26cm,ー,φ280×H220,21.0,26.0,,プラスチック,ブラック,あり,570,https://my.ebook5.net/greenpot/catalog/,,,,,,,
グリーンポット,PQ-NL28,ナーセリーポット ロータイプ 内寸28cm,ー,φ300×H240,23.0,28.0,,プラスチック,ブラック,あり,680,https://my.ebook5.net/greenpot/catalog/,,,,,,,
グリーンポット,PQ-NL30,ナーセリーポット ロータイプ 内寸30cm,ー,φ330×H260,25.0,30.0,,プラスチック,ブラック,あり,850,https://my.ebook5.net/greenpot/catalog/,,,,,,,
グリーンポット,PQ-NP18,ナーセリーポット 内寸18cm,ー,φ190×H180,17.5,18.0,,プラスチック,ブラック,あり,270,https://my.ebook5.net/greenpot/catalog/,,,,,,,
グリーンポット,PQ-NP24,ナーセリーポット 内寸24cm,ー,φ260×H240,23.0,24.0,,プラスチック,ブラック,あり,470,https://my.ebook5.net/greenpot/catalog/,,,,,,,
グリーンポット,PQ-NP30,ナーセリーポット 内寸30cm,ー,φ320×H300,29.0,30.0,,プラスチック,ブラック,あり,900,https://my.ebook5.net/greenpot/catalog/,,,,,,,
グリーンポット,PQ-NP35,ナーセリーポット 内寸35cm,ー,φ380×H370,35.5,35.0,,プラスチック,ブラック,あり,2000,https://my.ebook5.net/greenpot/catalog/,,,,,,,
グリーンポット,RS-0132BR,ループ ラウンド ブラウン 32cm,8号,φ305×H300,29.0,28.5,,釉薬陶器,ブラウウン,あり,14000,https://my.ebook5.net/greenpot/catalog/,,,,,,,
グリーンポット,RS-0132CP,ループ ラウンド カッパー 32cm,8号,φ305×H300,29.0,28.5,,釉薬陶器,カッパー,あり,14000,https://my.ebook5.net/greenpot/catalog/,,,,,,,
グリーンポット,RS-0132CR,ループ ラウンド クリーム 32cm,8号,φ305×H300,29.0,28.5,,釉薬陶器,クリーム,あり,14000,https://my.ebook5.net/greenpot/catalog/,,,,,,,
グリーンポット,RS-0132TQ,ループ ラウンド ターコイズ 32cm,8号,φ305×H300,29.0,28.5,,釉薬陶器,ターコイズ,あり,14000,https://my.ebook5.net/greenpot/catalog/,,,,,,,
グリーンポット,RS-0140BR,ループ ラウンド ブラウン 40cm,10号,φ380×H385,37.5,34.0,,釉薬陶器,ブラウン,あり,25000,https://my.ebook5.net/greenpot/catalog/,,,,,,,
グリーンポット,RS-0140CP,ループ ラウンド カッパー 40cm,10号,φ380×H385,37.5,34.0,,釉薬陶器,カッパー,あり,25000,https://my.ebook5.net/greenpot/catalog/,,,,,,,
グリーンポット,RS-0140CR,ループ ラウンド クリーム 40cm,10号,φ380×H385,37.5,34.0,,釉薬陶器,クリーム,あり,25000,https://my.ebook5.net/greenpot/catalog/,,,,,,,
グリーンポット,RS-0140TQ,ループ ラウンド ターコイズ 40cm,10号,φ380×H385,37.5,34.0,,釉薬陶器,ターコイズ,あり,25000,https://my.ebook5.net/greenpot/catalog/,,,,,,,
グリーンポット,RS-JB3232OR,ジャヤ バルーン オレンジ 32cm,8号,φ320×H340,33.0,26.0,,陶器+塗装,オレンジ,あり,9000,https://my.ebook5.net/greenpot/catalog/,,,,,,,
グリーンポット,RS-JB3232RD,ジャヤ バルーン レッド 32cm,8号,φ320×H340,33.0,26.0,,陶器+塗装,レッド　,あり,9000,https://my.ebook5.net/greenpot/catalog/,,,,,,,
グリーンポット,RS-JB3232WH,ジャヤ バルーン ホワイト 32cm,8号,φ320×H340,33.0,26.0,,陶器+塗装,ホワイト,あり,9000,https://my.ebook5.net/greenpot/catalog/,,,,,,,
グリーンポット,RS-JC3232OR,ジャヤ シリンダー オレンジ 32cm,8号,φ310×H320,31.0,28.0,,陶器+塗装,オレンジ,あり,9000,https://my.ebook5.net/greenpot/catalog/,,,,,,,
グリーンポット,RS-JC3232RD,ジャヤ シリンダー レッド 32cm,8号,φ310×H320,31.0,28.0,,陶器+塗装,レッド　,あり,9000,https://my.ebook5.net/greenpot/catalog/,,,,,,,
グリーンポット,RS-JC3232WH,ジャヤ シリンダー ホワイト 32cm,8号,φ310×H320,31.0,28.0,,陶器+塗装,ホワイト,あり,9000,https://my.ebook5.net/greenpot/catalog/,,,,,,,
グリーンポット,RS-JC3840OR,ジャヤ シリンダー オレンジ 38cm,10号,φ380×H400,38.0,35.0,,陶器+塗装,オレンジ,あり,17000,https://my.ebook5.net/greenpot/catalog/,,,,,,,
グリーンポット,RS-JC3840RD,ジャヤ シリンダー レッド 38cm,10号,φ380×H400,38.0,35.0,,陶器+塗装,レッド　,あり,17000,https://my.ebook5.net/greenpot/catalog/,,,,,,,
グリーンポット,RS-JC3840WH,ジャヤ シリンダー ホワイト 38cm,10号,φ380×H400,38.0,35.0,,陶器+塗装,ホワイト,あり,17000,https://my.ebook5.net/greenpot/catalog/,,,,,,,
グリーンポット,RS-JS2214OR,ジャヤ シャロー オレンジ 22cm,ー,φ220×H140,12.0,20.0,,陶器+塗装,オレンジ,あり,3500,https://my.ebook5.net/greenpot/catalog/,,,,,,,
グリーンポット,RS-JS2214RD,ジャヤ シャロー レッド 22cm,ー,φ220×H140,12.0,20.0,,陶器+塗装,レッド　,あり,3500,https://my.ebook5.net/greenpot/catalog/,,,,,,,
グリーンポット,RS-JS2214WH,ジャヤ シャロー ホワイト 22cm,ー,φ220×H140,12.0,20.0,,陶器+塗装,ホワイト,あり,3500,https://my.ebook5.net/greenpot/catalog/,,,,,,,
グリーンポット,RS-JS2617OR,ジャヤ シャロー オレンジ 26cm,ー,φ260×H160,14.0,23.0,,陶器+塗装,オレンジ,あり,4500,https://my.ebook5.net/greenpot/catalog/,,,,,,,
グリーンポット,RS-JS2617RD,ジャヤ シャロー レッド 26cm,ー,φ260×H160,14.0,23.0,,陶器+塗装,レッド　,あり,4500,https://my.ebook5.net/greenpot/catalog/,,,,,,,
グリーンポット,RS-JS2617WH,ジャヤ シャロー ホワイト 26cm,ー,φ260×H160,14.0,23.0,,陶器+塗装,ホワイト,あり,4500,https://my.ebook5.net/greenpot/catalog/,,,,,,,
グリーンポット,SG-190138,ラウンド 38cm,10号,φ380×H400,37.0,34.0,,釉薬陶器,ホワイト　艶有,あり,10000,https://my.ebook5.net/greenpot/catalog/,,,,,,,
グリーンポット,SG-27021,ラウンド 21cm,ー,φ210×H340,33.0,18.5,,釉薬陶器,ホワイト　艶有,あり,4000,https://my.ebook5.net/greenpot/catalog/,,,,,,,
グリーンポット,SG-27027,ラウンド 27cm,8号,φ270×H360,35.0,26.0,,釉薬陶器,ホワイト　艶有,あり,5500,https://my.ebook5.net/greenpot/catalog/,,,,,,,
グリーンポット,SV-00113BR,グラッセ トール ブラウン 13cm,ー,φ130×H165,14.0,12.0,,ガラス,ブラウン,あり,4500,https://my.ebook5.net/greenpot/catalog/,,,,,,,
グリーンポット,SV-00113BU,グラッセ トール ブルー 13cm,ー,φ130×H165,14.0,12.0,,ガラス,ブルー,あり,4500,https://my.ebook5.net/greenpot/catalog/,,,,,,,
グリーンポット,SV-00113PU,グラッセ トール パープル 13cm,ー,φ130×H165,14.0,12.0,,ガラス,パープル,あり,4500,https://my.ebook5.net/greenpot/catalog/,,,,,,,
グリーンポット,SV-00211BK,メルト エッグ ブラック 11cm,ー,φ110×H125,9.5,9.0,,ガラス,ブラック,あり,3800,https://my.ebook5.net/greenpot/catalog/,,,,,,,
グリーンポット,SV-00211BR,メルト エッグ ブラウン 11cm,ー,φ110×H125,9.5,9.0,,ガラス,ブラウン,あり,3800,https://my.ebook5.net/greenpot/catalog/,,,,,,,
グリーンポット,SV-00211BU,メルト エッグ ブルー 11cm,ー,φ110×H125,9.5,9.0,,ガラス,ブルー,あり,3800,https://my.ebook5.net/greenpot/catalog/,,,,,,,
グリーンポット,SV-00211GN,メルト エッグ グリーン 11cm,ー,φ110×H125,9.5,9.0,,ガラス,グリーン,あり,3800,https://my.ebook5.net/greenpot/catalog/,,,,,,,
グリーンポット,SV-00211WH,メルト エッグ ホワイト 11cm,ー,φ110×H125,9.5,9.0,,ガラス,ホワイト,あり,3800,https://my.ebook5.net/greenpot/catalog/,,,,,,,
グリーンポット,SV-00215BK,メルト エッグ ブラック 15cm,ー,φ150×H165,13.5,13.0,,ガラス,ブラック,あり,5200,https://my.ebook5.net/greenpot/catalog/,,,,,,,
グリーンポット,SV-00215BR,メルト エッグ ブラウン 15cm,ー,φ150×H165,13.5,13.0,,ガラス,ブラウン,あり,5200,https://my.ebook5.net/greenpot/catalog/,,,,,,,
グリーンポット,SV-00215BU,メルト エッグ ブルー 15cm,ー,φ150×H165,13.5,13.0,,ガラス,ブルー,あり,5200,https://my.ebook5.net/greenpot/catalog/,,,,,,,
グリーンポット,SV-00215GN,メルト エッグ グリーン 15cm,ー,φ150×H165,13.5,13.0,,ガラス,グリーン,あり,5200,https://my.ebook5.net/greenpot/catalog/,,,,,,,
グリーンポット,SV-00215WH,メルト エッグ ホワイト 15cm,ー,φ150×H165,13.5,13.0,,ガラス,ホワイト,あり,5200,https://my.ebook5.net/greenpot/catalog/,,,,,,,
グリーンポット,SV-00219BK,メルト エッグ ブラック 19cm,ー,φ190×H205,17.5,16.5,,ガラス,ブラック,あり,7200,https://my.ebook5.net/greenpot/catalog/,,,,,,,
グリーンポット,SV-00219BR,メルト エッグ ブラウン 19cm,ー,φ190×H205,17.5,16.5,,ガラス,ブラウン,あり,7200,https://my.ebook5.net/greenpot/catalog/,,,,,,,
グリーンポット,SV-00219BU,メルト エッグ ブルー 19cm,ー,φ190×H205,17.5,16.5,,ガラス,ブルー,あり,7200,https://my.ebook5.net/greenpot/catalog/,,,,,,,
グリーンポット,SV-00219GN,メルト エッグ グリーン 19cm,ー,φ190×H205,17.5,16.5,,ガラス,グリーン,あり,7200,https://my.ebook5.net/greenpot/catalog/,,,,,,,
グリーンポット,SV-00219WH,メルト エッグ ホワイト 19cm,ー,φ190×H205,17.5,16.5,,ガラス,ホワイト,あり,7200,https://my.ebook5.net/greenpot/catalog/,,,,,,,
グリーンポット,TP-06157000002,ガイアツール 水ヤリバケツ小 グリーン,ー,W360×D150×H250,,,,プラスチックその他,グリーン,なし,1200,https://my.ebook5.net/greenpot/catalog/,,,,,,,
グリーンポット,TP-06157000308,ガイアツール 水ヤリバケツ小 イエロー,ー,W360×D150×H250,,,,プラスチックその他,イエロー,なし,1200,https://my.ebook5.net/greenpot/catalog/,,,,,,,
グリーンポット,TP-06157000414,ガイアツール 水ヤリバケツ小 グレー,ー,W360×D150×H250,,,,プラスチックその他,グレー,なし,1200,https://my.ebook5.net/greenpot/catalog/,,,,,,,
グリーンポット,TP-06158000002,ガイアツール 水ヤリバケツ大 グリーン,ー,W440×D200×H320,,,,プラスチックその他,グリーン,なし,2000,https://my.ebook5.net/greenpot/catalog/,,,,,,,
グリーンポット,TP-06158000308,ガイアツール 水ヤリバケツ大 イエロー,ー,W440×D200×H320,,,,プラスチックその他,イエロー,なし,2000,https://my.ebook5.net/greenpot/catalog/,,,,,,,
グリーンポット,TP-06158000414,ガイアツール 水ヤリバケツ大 グレー,ー,W440×D200×H320,,,,プラスチックその他,グレー,なし,2000,https://my.ebook5.net/greenpot/catalog/,,,,,,,
グリーンポット,TP-06159000002,ガイアツール スリムゴテ グリーン,ー,W0×D0×H300,,,,プラスチックその他,グリーン,なし,850,https://my.ebook5.net/greenpot/catalog/,,,,,,,
グリーンポット,TP-06159000308,ガイアツール スリムゴテ イエロー,ー,W0×D0×H300,,,,プラスチックその他,イエロー,なし,850,https://my.ebook5.net/greenpot/catalog/,,,,,,,
グリーンポット,TP-06159000414,ガイアツール スリムゴテ グレー,ー,W0×D0×H300,,,,プラスチックその他,グレー,なし,850,https://my.ebook5.net/greenpot/catalog/,,,,,,,
グリーンポット,TP-06160000002,ガイアツール 移植ゴテ グリーン,ー,W0×D0×H300,,,,プラスチックその他,グリーン,なし,850,https://my.ebook5.net/greenpot/catalog/,,,,,,,
グリーンポット,TP-06160000308,ガイアツール 移植ゴテ イエロー,ー,W0×D0×H300,,,,プラスチックその他,イエロー,なし,850,https://my.ebook5.net/greenpot/catalog/,,,,,,,
グリーンポット,TP-06160000414,ガイアツール 移植ゴテ グレー,ー,W0×D0×H300,,,,プラスチックその他,グレー,なし,850,https://my.ebook5.net/greenpot/catalog/,,,,,,,
グリーンポット,TP-06161000002,ガイアツール 草カキレーキ グリーン,ー,W0×D0×H290,,,,プラスチックその他,グリーン,なし,850,https://my.ebook5.net/greenpot/catalog/,,,,,,,
グリーンポット,TP-06161000308,ガイアツール 草カキレーキ イエロー,ー,W0×D0×H290,,,,プラスチックその他,イエロー,なし,850,https://my.ebook5.net/greenpot/catalog/,,,,,,,
グリーンポット,TP-06161000414,ガイアツール 草カキレーキ グレー,ー,W0×D0×H290,,,,プラスチックその他,グレー,なし,850,https://my.ebook5.net/greenpot/catalog/,,,,,,,
グリーンポット,TP-06162000002,ガイアツール フォーク グリーン,ー,W0×D0×H280,,,,プラスチックその他,グリーン,なし,850,https://my.ebook5.net/greenpot/catalog/,,,,,,,
グリーンポット,TP-06162000308,ガイアツール フォーク イエロー,ー,W0×D0×H280,,,,プラスチックその他,イエロー,なし,850,https://my.ebook5.net/greenpot/catalog/,,,,,,,
グリーンポット,TP-06162000414,ガイアツール フォーク グレー,ー,W0×D0×H280,,,,プラスチックその他,グレー,なし,850,https://my.ebook5.net/greenpot/catalog/,,,,,,,
グリーンポット,TP-06163000002,ガイアツール レーキ グリーン,ー,W0×D0×H270,,,,プラスチックその他,グリーン,なし,850,https://my.ebook5.net/greenpot/catalog/,,,,,,,
グリーンポット,TP-06163000308,ガイアツール レーキ イエロー,ー,W0×D0×H270,,,,プラスチックその他,イエロー,なし,850,https://my.ebook5.net/greenpot/catalog/,,,,,,,
グリーンポット,TP-06163000414,ガイアツール レーキ グレー,ー,W0×D0×H270,,,,プラスチックその他,グレー,なし,850,https://my.ebook5.net/greenpot/catalog/,,,,,,,
グリーンポット,TP-06164000002,ガイアツール ルーツスコップ グリーン,ー,W0×D0×H340,,,,プラスチックその他,グリーン,なし,850,https://my.ebook5.net/greenpot/catalog/,,,,,,,
グリーンポット,TP-06164000308,ガイアツール ルーツスコップ イエロー,ー,W0×D0×H340,,,,プラスチックその他,イエロー,なし,850,https://my.ebook5.net/greenpot/catalog/,,,,,,,
グリーンポット,TP-06164000414,ガイアツール ルーツスコップ グレー,ー,W0×D0×H340,,,,プラスチックその他,グレー,なし,850,https://my.ebook5.net/greenpot/catalog/,,,,,,,
グリーンポット,TP-06173000274,ネブラスプレー ホワイト,ー,W240×D135×H305,,,,プラスチックその他,ホワイト,なし,2800,https://my.ebook5.net/greenpot/catalog/,,,,,,,
グリーンポット,TP-06173000275,ネブラスプレー ブルー,ー,W240×D135×H305,,,,プラスチックその他,ブルー,なし,2800,https://my.ebook5.net/greenpot/catalog/,,,,,,,
グリーンポット,TP-06173000309,ネブラスプレー オレンジ,ー,W240×D135×H305,,,,プラスチックその他,オレンジ,なし,2800,https://my.ebook5.net/greenpot/catalog/,,,,,,,
グリーンポット,TP-06175000274,スプリングスプレー ホワイト,ー,W115×D80×H255,,,,プラスチックその他,ホワイト,なし,800,https://my.ebook5.net/greenpot/catalog/,,,,,,,
グリーンポット,TP-06175000275,スプリングスプレー ブルー ,ー,W115×D80×H255,,,,プラスチックその他,ブルー,なし,800,https://my.ebook5.net/greenpot/catalog/,,,,,,,
グリーンポット,TP-06175000309,スプリングスプレー オレンジ,ー,W115×D80×H255,,,,プラスチックその他,オレンジ,なし,800,https://my.ebook5.net/greenpot/catalog/,,,,,,,
グリーンポット,TP-06178000285,ウェーブジョーロ オレンジ 2L,ー,W380×D120×H170,,,,プラスチックその他,オレンジ,なし,1000,https://my.ebook5.net/greenpot/catalog/,,,,,,,
グリーンポット,TP-06178000286,ウェーブジョーロ モス 2L,ー,W380×D120×H170,,,,プラスチックその他,モス,なし,1000,https://my.ebook5.net/greenpot/catalog/,,,,,,,
グリーンポット,TP-06178000311,ウェーブジョーロ スノー 2L,ー,W380×D120×H170,,,,プラスチックその他,スノー,なし,1000,https://my.ebook5.net/greenpot/catalog/,,,,,,,
グリーンポット,TP-06179000285,ウェーブジョーロ オレンジ 4L,ー,W420×D160×H205,,,,プラスチックその他,オレンジ,なし,1600,https://my.ebook5.net/greenpot/catalog/,,,,,,,
グリーンポット,TP-06179000286,ウェーブジョーロ モス 4L,ー,W420×D160×H205,,,,プラスチックその他,モス,なし,1600,https://my.ebook5.net/greenpot/catalog/,,,,,,,
グリーンポット,TP-06179000311,ウェーブジョーロ スノー 4L,ー,W420×D160×H205,,,,プラスチックその他,スノー,なし,1600,https://my.ebook5.net/greenpot/catalog/,,,,,,,
グリーンポット,TP-06180000285,タイドジョーロ オレンジ 6L,ー,W510×D130×H335,,,,プラスチックその他,オレンジ,なし,2000,https://my.ebook5.net/greenpot/catalog/,,,,,,,
グリーンポット,TP-06180000286,タイドジョーロ グリーン 6L,ー,W510×D130×H335,,,,プラスチックその他,グリーン,なし,2000,https://my.ebook5.net/greenpot/catalog/,,,,,,,
グリーンポット,TP-06181000285,タイドジョーロ オレンジ 9L,ー,W575×D155×H365,,,,プラスチックその他,オレンジ,なし,2600,https://my.ebook5.net/greenpot/catalog/,,,,,,,
グリーンポット,TP-06181000286,タイドジョーロ グリーン 9L,ー,W575×D155×H365,,,,プラスチックその他,グリーン,なし,2600,https://my.ebook5.net/greenpot/catalog/,,,,,,,
グリーンポット,TP-06182000285,タイドジョーロ オレンジ 12L,ー,W625×D170×H400,,,,プラスチックその他,オレンジ,なし,3000,https://my.ebook5.net/greenpot/catalog/,,,,,,,
グリーンポット,TP-06182000286,タイドジョーロ グリーン 12L,ー,W625×D170×H400,,,,プラスチックその他,グリーン,なし,3000,https://my.ebook5.net/greenpot/catalog/,,,,,,,
グリーンポット,TP-33700004237,リサイクルストーン ホワイト 小粒,ー,W0×D0×H0,,,,プラスチックその他,ホワイト,なし,1400,https://my.ebook5.net/greenpot/catalog/,,,,,,,
グリーンポット,TP-33700004238,リサイクルストーン ブラック 小粒,ー,W0×D0×H0,,,,プラスチックその他,ブラック,なし,1400,https://my.ebook5.net/greenpot/catalog/,,,,,,,
グリーンポット,TP-33704008237,リサイクルストーン ホワイト 大粒,ー,W0×D0×H0,,,,プラスチックその他,ホワイト,なし,6000,https://my.ebook5.net/greenpot/catalog/,,,,,,,
グリーンポット,TP-33704008238,リサイクルストーン ブラック 大粒,ー,W0×D0×H0,,,,プラスチックその他,ブラック,なし,6000,https://my.ebook5.net/greenpot/catalog/,,,,,,,
グリーンポット,TP-TM40GR,ボルドー グレー 40cm,10号,φ400×H350,34.0,34.0,,プラスチック,グレー　　艶無,あり,9000,https://my.ebook5.net/greenpot/catalog/,,,,,,,
グリーンポット,TP-TM40TC,ボルドー テラコッタ40cm,10号,φ400×H350,34.0,34.0,,プラスチック,オレンジ　艶無,あり,9000,https://my.ebook5.net/greenpot/catalog/,,,,,,,
グリーンポット,TP-TM50GR,ボルドー グレー 50cm,ー,φ500×H430,42.0,44.0,,プラスチック,グレー　　艶無,あり,14000,https://my.ebook5.net/greenpot/catalog/,,,,,,,
グリーンポット,TP-TM50TC,ボルドー テラコッタ 50cm,ー,φ500×H430,42.0,44.0,,プラスチック,オレンジ　艶無,あり,14000,https://my.ebook5.net/greenpot/catalog/,,,,,,,
グリーンポット,TP-TM60GR,ボルドー グレー 60cm,ー,φ600×H530,51.0,54.0,,プラスチック,グレー　　艶無,あり,25000,https://my.ebook5.net/greenpot/catalog/,,,,,,,
グリーンポット,TP-TM60TC,ボルドー テラコッタ 60cm,ー,φ600×H530,51.0,54.0,,プラスチック,オレンジ　艶無,あり,25000,https://my.ebook5.net/greenpot/catalog/,,,,,,,
グリーンポット,TP-TM85GR,ボルドー グレー 85cm,ー,φ850×H700,68.0,79.0,,プラスチック,グレー　　艶無,あり,70000,https://my.ebook5.net/greenpot/catalog/,,,,,,,
グリーンポット,TP-TM85TC,ボルドー テラコッタ 85cm,ー,φ850×H700,68.0,79.0,,プラスチック,オレンジ　艶無,あり,70000,https://my.ebook5.net/greenpot/catalog/,,,,,,,
グリーンポット,TU-020,チュニジア 020 35x30cm,ー,φ335×H300,26.5,25.5,,テラコッタ,ﾃﾗｺｯﾀ(ﾎﾜｲﾄ系),あり,6500,https://my.ebook5.net/greenpot/catalog/,,,,,,,
グリーンポット,TU-037,チュニジア 037 26x22cm,ー,φ260×H225,13.0,20.0,,テラコッタ,,あり,3800,https://my.ebook5.net/greenpot/catalog/,,,,,,,
グリーンポット,TU-038,チュニジア 038 35x30cm,ー,φ345×H305,17.5,19.5,,テラコッタ,,あり,5500,https://my.ebook5.net/greenpot/catalog/,,,,,,,
グリーンポット,TU-062A,チュニジア 062A 40x40cm,ー,φ470×H400,39.0,34.0,,テラコッタ,,あり,10000,https://my.ebook5.net/greenpot/catalog/,,,,,,,
グリーンポット,TU-062C,チュニジア 062C 30x30cm,ー,φ360×H310,29.0,24.0,,テラコッタ,,あり,5800,https://my.ebook5.net/greenpot/catalog/,,,,,,,
グリーンポット,VB-1602BK,マルチソーサー ブラック 16cm,ー,φ160×H22,1.6,15.5,,プラスチック,ブラック,なし,350,https://my.ebook5.net/greenpot/catalog/,,,,,,,
グリーンポット,VB-1602BR,マルチソーサー ブラウン 16cm,ー,φ160×H22,1.6,15.5,,プラスチック,ブラウン,なし,350,https://my.ebook5.net/greenpot/catalog/,,,,,,,
グリーンポット,VB-1602LG,マルチソーサー グレー 16cm,ー,φ160×H22,1.6,15.5,,プラスチック,グレー,なし,350,https://my.ebook5.net/greenpot/catalog/,,,,,,,
グリーンポット,VB-1602WH,マルチソーサー ホワイト 16cm,ー,φ160×H22,1.6,15.5,,プラスチック,ホワイト,なし,350,https://my.ebook5.net/greenpot/catalog/,,,,,,,
グリーンポット,VB-2103BK,マルチソーサー ブラック 21cm,ー,φ210×H25,1.6,20.2,,プラスチック,ブラック,なし,500,https://my.ebook5.net/greenpot/catalog/,,,,,,,
グリーンポット,VB-2103BR,マルチソーサー ブラウン 21cm,ー,φ210×H25,1.6,20.2,,プラスチック,ブラウン,なし,500,https://my.ebook5.net/greenpot/catalog/,,,,,,,
グリーンポット,VB-2103LG,マルチソーサー グレー 21cm,ー,φ210×H25,1.6,20.2,,プラスチック,グレー,なし,500,https://my.ebook5.net/greenpot/catalog/,,,,,,,
グリーンポット,VB-2103WH,マルチソーサー ホワイト 21cm,ー,φ210×H25,1.6,20.2,,プラスチック,ホワイト,なし,500,https://my.ebook5.net/greenpot/catalog/,,,,,,,
グリーンポット,VB-2603BK,マルチソーサー ブラック 26cm,ー,φ260×H30,2.4,25.2,,プラスチック,ブラック,なし,780,https://my.ebook5.net/greenpot/catalog/,,,,,,,
グリーンポット,VB-2603BR,マルチソーサー ブラウン 26cm,ー,φ260×H30,2.4,25.2,,プラスチック,ブラウン,なし,780,https://my.ebook5.net/greenpot/catalog/,,,,,,,
グリーンポット,VB-2603LG,マルチソーサー グレー 26cm,ー,φ260×H30,2.4,25.2,,プラスチック,グレー,なし,780,https://my.ebook5.net/greenpot/catalog/,,,,,,,
グリーンポット,VB-2603WH,マルチソーサー ホワイト 26cm,ー,φ260×H30,2.4,25.2,,プラスチック,ホワイト,なし,780,https://my.ebook5.net/greenpot/catalog/,,,,,,,
グリーンポット,VB-3032BK,グライス ラウンド ブラック 30cm ,ー,φ300×H325,31.0,28.0,,プラスチック,ブラック　艶無,なし,4200,https://my.ebook5.net/greenpot/catalog/,,,,,,,
グリーンポット,VB-3032GY,グライス ラウンド グレー 30cm ,ー,φ300×H325,31.0,28.0,,プラスチック,グレー　　艶無,なし,4200,https://my.ebook5.net/greenpot/catalog/,,,,,,,
グリーンポット,VB-3032WH,グライス ラウンド ホワイト 30cm ,ー,φ300×H325,31.0,28.0,,プラスチック,ホワイト　艶無,なし,4200,https://my.ebook5.net/greenpot/catalog/,,,,,,,
グリーンポット,VB-3504BK,マルチソーサー ブラック 36cm,ー,φ360×H34,2.8,35.0,,プラスチック,ブラック,なし,1800,https://my.ebook5.net/greenpot/catalog/,,,,,,,
グリーンポット,VB-3504BR,マルチソーサー ブラウン 36cm,ー,φ360×H34,2.8,35.0,,プラスチック,ブラウン,なし,1800,https://my.ebook5.net/greenpot/catalog/,,,,,,,
グリーンポット,VB-3504LG,マルチソーサー グレー 36cm,ー,φ360×H34,2.8,35.0,,プラスチック,グレー,なし,1800,https://my.ebook5.net/greenpot/catalog/,,,,,,,
グリーンポット,VB-3504WH,マルチソーサー ホワイト 36cm,ー,φ360×H34,2.8,35.0,,プラスチック,ホワイト,なし,1800,https://my.ebook5.net/greenpot/catalog/,,,,,,,
グリーンポット,VB-3942BK,グライス ラウンド ブラック 42cm ,ー,φ395×H425,41.5,37.0,,プラスチック,ブラック　艶無,なし,7500,https://my.ebook5.net/greenpot/catalog/,,,,,,,
グリーンポット,VB-3942GY,グライス ラウンド グレー 42cm ,ー,φ395×H425,41.5,37.0,,プラスチック,グレー　　艶無,なし,7500,https://my.ebook5.net/greenpot/catalog/,,,,,,,
グリーンポット,VB-3942WH,グライス ラウンド ホワイト 42cm ,ー,φ395×H425,41.5,37.0,,プラスチック,ホワイト　艶無,なし,7500,https://my.ebook5.net/greenpot/catalog/,,,,,,,
グリーンポット,VL-302665,モンデリック ボールバスケット 26xH24,ー,φ260×H240,19.0,16.0,,ラタン（籐）,,なし,3800,https://my.ebook5.net/greenpot/catalog/,,,,,,,
グリーンポット,VL-302666,モンデリック ボールバスケット 38xH33,8号,φ380×H330,30.0,28.0,,ラタン（籐）,,なし,8400,https://my.ebook5.net/greenpot/catalog/,,,,,,,
グリーンポット,VL-302667,モンデリック ボールバスケット 58xH43,10号,φ580×H430,41.0,40.0,,ラタン（籐）,,なし,17000,https://my.ebook5.net/greenpot/catalog/,,,,,,,
グリーンポット,VL-305577,ラティ シリンダー 50cm,ー,φ500×H555,47.3,40.0,,チーク,,なし,58000,https://my.ebook5.net/greenpot/catalog/,,,,,,,
グリーンポット,VL-305578,ラティ キューブ 50cm,ー,W500×D500×H555,47.0,40.0,40.0,チーク,,なし,58000,https://my.ebook5.net/greenpot/catalog/,,,,,,,
グリーンポット,VL-800043,モンデリック レクタングルプランター 60x21xH20,ー,W600×D210×H200,18.0,54.0,17.0,ラタン（籐）,,なし,5500,https://my.ebook5.net/greenpot/catalog/,,,,,,,
グリーンポット,VL-800044,モンデリック レクタングルプランター 40x23xH20,ー,W400×D230×H200,18.0,34.0,17.0,ラタン（籐）,,なし,4200,https://my.ebook5.net/greenpot/catalog/,,,,,,,
グリーンポット,VL-900388,モンデリック ハンドルバスケット 30xH23,ー,φ300×H230,22.0,23.0,,ラタン（籐）,,なし,3000,https://my.ebook5.net/greenpot/catalog/,,,,,,,
グリーンポット,VL-900562,モンデリック ハンギング Ф30,ー,φ300×H150,12.5,25.0,,ラタン（籐）,,なし,3800,https://my.ebook5.net/greenpot/catalog/,,,,,,,
グリーンポット,VL-901117,モンデリック ハンドルバスケット  25xH19,ー,φ250×H190,16.5,20.0,,ラタン（籐）,,なし,2500,https://my.ebook5.net/greenpot/catalog/,,,,,,,
グリーンポット,VL-901181,モンデリック ローハンドルバスケット 35xH15,ー,φ350×H150,13.0,29.0,,ラタン（籐）,,なし,2800,https://my.ebook5.net/greenpot/catalog/,,,,,,,
グリーンポット,VL-901325,モンデリック ラタン 34xH30,8号,φ340×H300,28.0,26.0,,ラタン（籐）,,なし,7000,https://my.ebook5.net/greenpot/catalog/,,,,,,,
グリーンポット,VL-901326,モンデリック ラタン 37xH36,9号,φ370×H360,34.0,28.0,,ラタン（籐）,,なし,11000,https://my.ebook5.net/greenpot/catalog/,,,,,,,
グリーンポット,VL-901328,モンデリック ラタン 45xH43,10号,φ450×H430,41.0,36.0,,ラタン（籐）,,なし,16000,https://my.ebook5.net/greenpot/catalog/,,,,,,,
グリーンポット,VL-901511,モンデリック ローハンドルバスケット 26xH12,ー,φ260×H120,10.0,21.0,,ラタン（籐）,,なし,2000,https://my.ebook5.net/greenpot/catalog/,,,,,,,
グリーンポット,VN-0131BK,プーリー シャロー ブラック 31/22cm,ー,φ310×H170,15.5,26.5,,釉薬陶器,ブラック,あり,8200,https://my.ebook5.net/greenpot/catalog/,,,,,,,
グリーンポット,VN-0131WH,プーリー シャロー ホワイト 31/22cm,ー,φ310×H170,15.5,26.5,,釉薬陶器,ホワイト,あり,8200,https://my.ebook5.net/greenpot/catalog/,,,,,,,
グリーンポット,VN-0229BK,プーリー ラウンド ブラック 29/21cm,ー,φ295×H305,29.0,25.0,,釉薬陶器,ブラック,あり,12000,https://my.ebook5.net/greenpot/catalog/,,,,,,,
グリーンポット,VN-0229WH,プーリー ラウンド ホワイト 29/21cm,ー,φ295×H305,29.0,25.0,,釉薬陶器,ホワイト,あり,12000,https://my.ebook5.net/greenpot/catalog/,,,,,,,
グリーンポット,VN-0329BU,グロス シリンダー ブルー 29/22cm,ー,φ295×H280,26.5,25.0,,釉薬陶器,ブルー,あり,12000,https://my.ebook5.net/greenpot/catalog/,,,,,,,
グリーンポット,VN-0329WH,グロス シリンダー ホワイト 29/22cm,ー,φ295×H280,26.5,25.0,,釉薬陶器,ホワイト,あり,12000,https://my.ebook5.net/greenpot/catalog/,,,,,,,
グリーンポット,VN-0329YE,グロス シリンダー イエロー 29/22cm,ー,φ295×H280,26.5,25.0,,釉薬陶器,イエロー,あり,12000,https://my.ebook5.net/greenpot/catalog/,,,,,,,
グリーンポット,VN-0430BU,グロス ジャー ブルー 30cm,ー,φ310×H340,32.0,23.0,,釉薬陶器,ブルー,あり,11000,https://my.ebook5.net/greenpot/catalog/,,,,,,,
グリーンポット,VN-0430WH,グロス ジャー ホワイト 30cm,ー,φ310×H340,32.0,23.0,,釉薬陶器,ホワイト,あり,11000,https://my.ebook5.net/greenpot/catalog/,,,,,,,
グリーンポット,VN-0430YE,グロス ジャー イエロー 30cm,ー,φ310×H340,32.0,23.0,,釉薬陶器,イエロー,あり,11000,https://my.ebook5.net/greenpot/catalog/,,,,,,,
グリーンポット,XC-001BK,ラミン01 ブラック 21cm,ー,φ210×H165,14.5,12.5,,釉薬陶器,ブラック,あり,3800,https://my.ebook5.net/greenpot/catalog/,,,,,,,
グリーンポット,XC-002WH,ラミン02 ホワイト 17cm,ー,φ185×H182,16.5,11.7,,釉薬陶器,ホワイト,あり,3400,https://my.ebook5.net/greenpot/catalog/,,,,,,,
グリーンポット,XC-003WH,ラミン03 ホワイト 18cm,ー,φ180×H150,13.4,10.0,,釉薬陶器,ホワイト,あり,3400,https://my.ebook5.net/greenpot/catalog/,,,,,,,
グリーンポット,XC-004BK,ラミン04 ブラック 16cm,ー,φ160×H143,12.6,9.8,,釉薬陶器,ブラック,あり,3000,https://my.ebook5.net/greenpot/catalog/,,,,,,,
グリーンポット,XC-005BK,ラミン05 ブラック 15cm,ー,φ150×H163,14.5,11.8,,釉薬陶器,ブラック,あり,2800,https://my.ebook5.net/greenpot/catalog/,,,,,,,
グリーンポット,XC-006WH,ラミン06 ホワイト 13cm,ー,φ130×H143,12.6,11.3,,釉薬陶器,ホワイト,あり,3000,https://my.ebook5.net/greenpot/catalog/,,,,,,,
グリーンポット,XC-007BK,ラミン07 ブラック 11cm,ー,φ110×H100,8.5,8.5,,釉薬陶器,ブラック,あり,2400,https://my.ebook5.net/greenpot/catalog/,,,,,,,
グリーンポット,XC-008WH,ラミン08 ホワイト 12cm,ー,φ120×H145,12.8,7.3,,釉薬陶器,ホワイト,あり,2800,https://my.ebook5.net/greenpot/catalog/,,,,,,,
グリーンポット,YE-0126GY,ムーバーソーサー グレー 26cm,ー,φ260×H65,1.0,24.5,,,グレー,なし,1600,https://my.ebook5.net/greenpot/catalog/,,,,,,,
グリーンポット,YE-0126WH,ムーバーソーサー ホワイト 26cm,ー,φ260×H65,1.0,24.5,,,ホワイト,なし,1600,https://my.ebook5.net/greenpot/catalog/,,,,,,,
グリーンポット,YE-0133GY,ムーバーソーサー グレー 30cm,ー,φ300×H65,1.0,28.5,,,グレー,なし,1800,https://my.ebook5.net/greenpot/catalog/,,,,,,,
グリーンポット,YE-0133WH,ムーバーソーサー ホワイト 30cm,ー,φ300×H65,1.0,28.5,,,ホワイト,なし,1800,https://my.ebook5.net/greenpot/catalog/,,,,,,,
グリーンポット,YE-0135GY,ムーバーソーサー グレー 35cm,ー,φ345×H65,1.0,33.0,,,グレー,なし,2200,https://my.ebook5.net/greenpot/catalog/,,,,,,,
グリーンポット,YE-0135WH,ムーバーソーサー ホワイト 35cm,ー,φ345×H65,1.0,33.0,,,ホワイト,なし,2200,https://my.ebook5.net/greenpot/catalog/,,,,,,,
グリーンポット,YE-0139GY,ムーバーソーサー グレー 39.5cm,ー,φ395×H65,1.0,37.5,,,グレー,なし,2800,https://my.ebook5.net/greenpot/catalog/,,,,,,,
グリーンポット,YE-0139WH,ムーバーソーサー ホワイト 39.5cm,ー,φ395×H65,1.0,37.5,,,ホワイト,なし,2800,https://my.ebook5.net/greenpot/catalog/,,,,,,,
グリーンポット,YE-0144GY,ムーバーソーサー グレー 44cm,ー,φ435×H70,1.0,41.5,,,グレー,なし,3800,https://my.ebook5.net/greenpot/catalog/,,,,,,,
グリーンポット,YE-0144WH,ムーバーソーサー ホワイト 44cm,ー,φ435×H70,1.0,41.5,,,ホワイト,なし,3800,https://my.ebook5.net/greenpot/catalog/,,,,,,,
グリーンポット,YJ-0314BK,エッジ ボール ブラック 14cm,ー,φ140×H98,8.8,9.8,,釉薬陶器,ブラック,あり,1300,https://my.ebook5.net/greenpot/catalog/,,,,,,,
グリーンポット,YJ-0314WH,エッジ ボール ホワイト 14cm,ー,φ140×H98,8.8,9.8,,釉薬陶器,ホワイト,あり,1300,https://my.ebook5.net/greenpot/catalog/,,,,,,,
グリーンポット,YJ-0416BK,エッジ ボール ブラック 16cm,ー,φ160×H140,13.0,11.3,,釉薬陶器,ブラック,あり,1700,https://my.ebook5.net/greenpot/catalog/,,,,,,,
グリーンポット,YJ-0416WH,エッジ ボール ホワイト 16cm,ー,φ160×H140,13.0,11.3,,釉薬陶器,ホワイト,あり,1700,https://my.ebook5.net/greenpot/catalog/,,,,,,,
グリーンポット,YJ-0512BK,エッジ トール ブラック 12cm,ー,φ125×H160,15.0,10.8,,釉薬陶器,ブラック,あり,2000,https://my.ebook5.net/greenpot/catalog/,,,,,,,
グリーンポット,YJ-0512WH,エッジ トール ホワイト 12cm,ー,φ125×H160,15.0,10.8,,釉薬陶器,ホワイト,あり,2000,https://my.ebook5.net/greenpot/catalog/,,,,,,,
グリーンポット,YJ-0516BK,エッジ トール ブラック 16cm,ー,φ160×H215,20.0,14.0,,釉薬陶器,ブラック,あり,2700,https://my.ebook5.net/greenpot/catalog/,,,,,,,
グリーンポット,YJ-0516WH,エッジ トール ホワイト 16cm,ー,φ160×H215,20.0,14.0,,釉薬陶器,ホワイト,あり,2700,https://my.ebook5.net/greenpot/catalog/,,,,,,,
グリーンポット,YJ-0921BK,エッジ ジオプレート ブラック 21cm,ー,W210×D140×H10,,,,釉薬陶器,ブラック,あり,1200,https://my.ebook5.net/greenpot/catalog/,,,,,,,
グリーンポット,YJ-0921WH,エッジ ジオプレート ホワイト 21cm,ー,W210×D140×H10,,,,釉薬陶器,ホワイト,あり,1200,https://my.ebook5.net/greenpot/catalog/,,,,,,,
グリーンポット,YJ-0926BK,エッジ ジオプレート ブラック 26cm,ー,W255×D180×H10,,,,釉薬陶器,ブラック,あり,1500,https://my.ebook5.net/greenpot/catalog/,,,,,,,
グリーンポット,YJ-0926WH,エッジ ジオプレート ホワイト 26cm,ー,W255×D180×H10,,,,釉薬陶器,ホワイト,あり,1500,https://my.ebook5.net/greenpot/catalog/,,,,,,,
グリーンポット,YJ-1121BK,アイル エッグ ブラック 21cm,ー,φ225×H225,21.0,18.5,,陶器+塗装,ブラック,あり,3500,https://my.ebook5.net/greenpot/catalog/,,,,,,,
グリーンポット,YJ-1121GY,アイル エッグ グレー 21cm,ー,φ225×H225,21.0,18.5,,陶器+塗装,グレー　　艶無,あり,3500,https://my.ebook5.net/greenpot/catalog/,,,,,,,
グリーンポット,YJ-1121YE,アイル エッグ イエロー 21cm,ー,φ225×H225,21.0,18.5,,陶器+塗装,イエロー　艶無,あり,3500,https://my.ebook5.net/greenpot/catalog/,,,,,,,
グリーンポット,YJ-1126BK,アイル エッグ ブラック 26cm,ー,φ275×H280,27.0,22.0,,陶器+塗装,ブラック　艶無,あり,4600,https://my.ebook5.net/greenpot/catalog/,,,,,,,
グリーンポット,YJ-1126GY,アイル エッグ グレー 26cm,ー,φ275×H280,27.0,22.0,,陶器+塗装,グレー　　艶無,あり,4600,https://my.ebook5.net/greenpot/catalog/,,,,,,,
グリーンポット,YJ-1126YE,アイル エッグ イエロー 26cm,ー,φ275×H280,27.0,22.0,,陶器+塗装,イエロー　艶無,あり,4600,https://my.ebook5.net/greenpot/catalog/,,,,,,,
グリーンポット,YJ-1315GN,モルゾ ダブル グリーン 15cm,ー,φ155×H180,17.5,13.0,,釉薬陶器,イエロー,あり,2900,https://my.ebook5.net/greenpot/catalog/,,,,,,,
グリーンポット,YJ-1315RD,モルゾ ダブル レッド 15cm,ー,φ155×H180,17.5,13.0,,釉薬陶器,レッド　,あり,2900,https://my.ebook5.net/greenpot/catalog/,,,,,,,
グリーンポット,YJ-1412GN,モルゾ エッグ グリーン 11.5cm,ー,φ120×H115,11.0,8.0,,釉薬陶器,グリーン,あり,1800,https://my.ebook5.net/greenpot/catalog/,,,,,,,
グリーンポット,YJ-1412RD,モルゾ エッグ レッド 11.5cm,ー,φ120×H115,11.0,8.0,,釉薬陶器,レッド　,あり,1800,https://my.ebook5.net/greenpot/catalog/,,,,,,,
グリーンポット,YJ-1417GN,モルゾ エッグ グリーン 17cm,ー,φ175×H165,16.0,12.5,,釉薬陶器,グリーン,あり,3200,https://my.ebook5.net/greenpot/catalog/,,,,,,,
グリーンポット,YJ-1417RD,モルゾ エッグ レッド 17cm,ー,φ175×H165,16.0,12.5,,釉薬陶器,レッド　,あり,3200,https://my.ebook5.net/greenpot/catalog/,,,,,,,
グリーンポット,YJ-1518GN,モルゾ リール グリーン 18cm,ー,φ185×H170,16.5,12.5,,釉薬陶器,グリーン,あり,3400,https://my.ebook5.net/greenpot/catalog/,,,,,,,
グリーンポット,YJ-1518RD,モルゾ リール レッド 18cm,ー,φ185×H170,16.5,12.5,,釉薬陶器,レッド　,あり,3400,https://my.ebook5.net/greenpot/catalog/,,,,,,,
グリーンポット,YJ-1811,ベイト ラウンド 11cm,ー,φ110×H80,7.0,10.0,,釉薬陶器,,あり,1500,https://my.ebook5.net/greenpot/catalog/,,,,,,,
グリーンポット,YJ-1815,ベイト ラウンド 15cm,ー,φ150×H120,11.0,13.5,,釉薬陶器,,あり,2200,https://my.ebook5.net/greenpot/catalog/,,,,,,,
グリーンポット,YJ-1912,ベイト トール 11.5cm,ー,φ115×H135,13.0,9.7,,釉薬陶器,,あり,2100,https://my.ebook5.net/greenpot/catalog/,,,,,,,
グリーンポット,YJ-2009BK,JAソーサー ブラック 8.5cm,ー,φ85×H10,,7.8,,釉薬陶器,ブラック,あり,270,https://my.ebook5.net/greenpot/catalog/,,,,,,,
グリーンポット,YJ-2009WH,JAソーサー ホワイト 8.5cm,ー,φ85×H10,,7.8,,釉薬陶器,ホワイト,あり,270,https://my.ebook5.net/greenpot/catalog/,,,,,,,
グリーンポット,YJ-2011BK,JAソーサー ブラック 10.5cm,ー,φ110×H10,,10.0,,釉薬陶器,ブラック,あり,300,https://my.ebook5.net/greenpot/catalog/,,,,,,,
グリーンポット,YJ-2011WH,JAソーサー ホワイト 10.5cm,ー,φ110×H10,,10.0,,釉薬陶器,ホワイト,あり,300,https://my.ebook5.net/greenpot/catalog/,,,,,,,
グリーンポット,YJ-2110EBW,シエラ ラウンド トリカラー 10cm,ー,φ105×H95,8.5,9.0,,釉薬陶器,トリカラー,あり,1400,https://my.ebook5.net/greenpot/catalog/,,,,,,,
グリーンポット,YJ-2110EW,シエラ ラウンド ベージュホワイト 10cm,ー,φ105×H95,8.5,9.0,,釉薬陶器,ベージュホワイト,あり,1400,https://my.ebook5.net/greenpot/catalog/,,,,,,,
グリーンポット,YJ-2110WB,シエラ ラウンド ホワイトブラック 10cm,ー,φ105×H95,8.5,9.0,,釉薬陶器,ホワイトブラック,あり,1400,https://my.ebook5.net/greenpot/catalog/,,,,,,,
グリーンポット,YJ-2114EBW,シエラ ラウンド トリカラー 14cm,ー,φ145×H125,11.5,13.0,,釉薬陶器,トリカラー,あり,2300,https://my.ebook5.net/greenpot/catalog/,,,,,,,
グリーンポット,YJ-2114EW,シエラ ラウンド ベージュホワイト 14cm,ー,φ145×H125,11.5,13.0,,釉薬陶器,ベージュホワイト,あり,2300,https://my.ebook5.net/greenpot/catalog/,,,,,,,
グリーンポット,YJ-2114WB,シエラ ラウンド ホワイトブラック 14cm,ー,φ145×H125,11.5,13.0,,釉薬陶器,ホワイトブラック,あり,2300,https://my.ebook5.net/greenpot/catalog/,,,,,,,
グリーンポット,YJ-2118EBW,シエラ ラウンド トリカラー 18cm,ー,φ180×H165,15.0,16.5,,釉薬陶器,トリカラー,あり,3600,https://my.ebook5.net/greenpot/catalog/,,,,,,,
グリーンポット,YJ-2118EW,シエラ ラウンド ベージュホワイト 18cm,ー,φ180×H165,15.0,16.5,,釉薬陶器,ベージュホワイト,あり,3600,https://my.ebook5.net/greenpot/catalog/,,,,,,,
グリーンポット,YJ-2118WB,シエラ ラウンド ホワイトブラック 18cm,ー,φ180×H165,15.0,16.5,,釉薬陶器,ホワイトブラック,あり,3600,https://my.ebook5.net/greenpot/catalog/,,,,,,,
グリーンポット,YJ-2222EBW,シエラ ボール トリカラー 22cm,ー,φ220×H165,15.0,15.0,,釉薬陶器,トリカラー,あり,4200,https://my.ebook5.net/greenpot/catalog/,,,,,,,
グリーンポット,YJ-2222EW,シエラ ボール ベージュホワイト 22cm,ー,φ220×H165,15.0,15.0,,釉薬陶器,ベージュホワイト,あり,4200,https://my.ebook5.net/greenpot/catalog/,,,,,,,
グリーンポット,YJ-2222WB,シエラ ボール ホワイトブラック 22cm,ー,φ220×H165,15.0,15.0,,釉薬陶器,ホワイトブラック,あり,4200,https://my.ebook5.net/greenpot/catalog/,,,,,,,
グリーンポット,YJ-2319BR,レイブン ラウンド ブラウンウォッシュ 19cm,ー,φ175×H180,17.0,15.7,,陶器+塗装,ブラウンウォッシュ,あり,2800,https://my.ebook5.net/greenpot/catalog/,,,,,,,
グリーンポット,YJ-2319GY,レイブン ラウンド グレーウォッシュ 19cm,ー,φ175×H180,17.0,15.7,,陶器+塗装,グレーウォッシュ,あり,2800,https://my.ebook5.net/greenpot/catalog/,,,,,,,
グリーンポット,YJ-2324BR,レイブン ラウンド ブラウンウォッシュ 24cm,ー,φ230×H230,21.0,20.0,,陶器+塗装,ブラウンウォッシュ,あり,3900,https://my.ebook5.net/greenpot/catalog/,,,,,,,
グリーンポット,YJ-2324GY,レイブン ラウンド グレーウォッシュ 24cm,ー,φ230×H230,21.0,20.0,,陶器+塗装,グレーウォッシュ,あり,3900,https://my.ebook5.net/greenpot/catalog/,,,,,,,
グリーンポット,YJ-2421BR,レイブン トール ブラウンウォッシュ 21cm,ー,φ210×H260,25.0,18.5,,陶器+塗装,ブラウンウォッシュ,あり,4000,https://my.ebook5.net/greenpot/catalog/,,,,,,,
グリーンポット,YJ-2421GY,レイブン トール グレーウォッシュ 21cm,ー,φ210×H260,25.0,18.5,,陶器+塗装,グレーウォッシュ,あり,4000,https://my.ebook5.net/greenpot/catalog/,,,,,,,
グリーンポット,YJ-2514BK,エスビューク トール ブラック 14cm,ー,φ164×H204,18.5,14.3,,釉薬陶器,ブラック,あり,3000,https://my.ebook5.net/greenpot/catalog/,,,,,,,
グリーンポット,YJ-2514WH,エスビューク トール ホワイト 14cm,ー,φ164×H204,18.5,14.3,,釉薬陶器,ホワイト,あり,3000,https://my.ebook5.net/greenpot/catalog/,,,,,,,
グリーンポット,YJ-2517BK,エスビューク トール ブラック 17cm,ー,φ196×H240,22.5,17.5,,釉薬陶器,ブラック,あり,5000,https://my.ebook5.net/greenpot/catalog/,,,,,,,
グリーンポット,YJ-2517WH,エスビューク トール ホワイト 17cm,ー,φ196×H240,22.5,17.5,,釉薬陶器,ホワイト,あり,5000,https://my.ebook5.net/greenpot/catalog/,,,,,,,
グリーンポット,YJ-2619BK,エスビューク ラウンド ブラック 19cm,ー,φ230×H205,19.0,18.6,,釉薬陶器,ブラック,あり,3500,https://my.ebook5.net/greenpot/catalog/,,,,,,,
グリーンポット,YJ-2619WH,エスビューク ラウンド ホワイト 19cm,ー,φ230×H205,19.0,18.6,,釉薬陶器,ホワイト,あり,3500,https://my.ebook5.net/greenpot/catalog/,,,,,,,
グリーンポット,YJ-2622BK,エスビューク ラウンド ブラック 22cm,ー,φ267×H242,22.5,21.6,,釉薬陶器,ブラック,あり,5800,https://my.ebook5.net/greenpot/catalog/,,,,,,,
グリーンポット,YJ-2622WH,エスビューク ラウンド ホワイト 22cm,ー,φ267×H242,22.5,21.6,,釉薬陶器,ホワイト,あり,5800,https://my.ebook5.net/greenpot/catalog/,,,,,,,
グリーンポット,YJ-2718BK,エスビューク シャロー ブラック 18cm,ー,φ193×H153,13.5,16.3,,釉薬陶器,ブラック,あり,3600,https://my.ebook5.net/greenpot/catalog/,,,,,,,
グリーンポット,YJ-2718WH,エスビューク シャロー ホワイト 18cm,ー,φ193×H153,13.5,16.3,,釉薬陶器,ホワイト,あり,3600,https://my.ebook5.net/greenpot/catalog/,,,,,,,
グリーンポット,YJ-2723BK,エスビューク シャロー ブラック 23cm,ー,φ250×H200,17.5,21.0,,釉薬陶器,ブラック,あり,5800,https://my.ebook5.net/greenpot/catalog/,,,,,,,
グリーンポット,YJ-2723WH,エスビューク シャロー ホワイト 23cm,ー,φ250×H200,17.5,21.0,,釉薬陶器,ホワイト,あり,5800,https://my.ebook5.net/greenpot/catalog/,,,,,,,
グリーンポット,YJ-2817BK,アイル ナローエッグ ブラック 17cm,ー,φ200×H290,27.0,16.0,,陶器+塗装,ブラック,あり,4200,https://my.ebook5.net/greenpot/catalog/,,,,,,,
グリーンポット,YJ-2817GY,アイル ナローエッグ グレー 17cm,ー,φ200×H290,27.0,16.0,,陶器+塗装,グレー,あり,4200,https://my.ebook5.net/greenpot/catalog/,,,,,,,
グリーンポット,YJ-2817YE,アイル ナローエッグ イエロー 17cm,ー,φ200×H290,27.0,16.0,,陶器+塗装,イエロー,あり,4200,https://my.ebook5.net/greenpot/catalog/,,,,,,,
グリーンポット,YJ-2822BK,アイル ナローエッグ ブラック 22cm,ー,φ240×H355,33.5,20.0,,陶器+塗装,ブラック,あり,5800,https://my.ebook5.net/greenpot/catalog/,,,,,,,
グリーンポット,YJ-2822GY,アイル ナローエッグ グレー 22cm,ー,φ240×H355,33.5,20.0,,陶器+塗装,グレー,あり,5800,https://my.ebook5.net/greenpot/catalog/,,,,,,,
グリーンポット,YJ-2822YE,アイル ナローエッグ イエロー 22cm,ー,φ240×H355,33.5,20.0,,陶器+塗装,イエロー,あり,5800,https://my.ebook5.net/greenpot/catalog/,,,,,,,
グリーンポット,YJ-2920BK,アイル ミドル ブラック 20cm,ー,φ200×H255,23.5,18.5,,陶器+塗装,ブラック,あり,4600,https://my.ebook5.net/greenpot/catalog/,,,,,,,
グリーンポット,YJ-2922GY,アイル ミドル グレー 20cm,ー,φ200×H255,23.5,18.5,,陶器+塗装,グレー,あり,4600,https://my.ebook5.net/greenpot/catalog/,,,,,,,
グリーンポット,YJ-2922YE,アイル ミドル イエロー 20cm,ー,φ200×H255,23.5,18.5,,陶器+塗装,イエロー,あり,4600,https://my.ebook5.net/greenpot/catalog/,,,,,,,
グリーンポット,AN-BR3128BW,ベルベット ラウンド ベージュウォッシュ 31cm,7号,φ310×H290,28.0,24.0,,ファイバーセメント,ベージュウォッシュ,あり,7800,https://my.ebook5.net/greenpot/catalog/,,,,,,,
グリーンポット,AN-BR3128GW,ベルベット ラウンド グレーウォッシュ 31cm,7号,φ310×H290,28.0,24.0,,ファイバーセメント,グレーウォッシュ,あり,7800,https://my.ebook5.net/greenpot/catalog/,,,,,,,
グリーンポット,AN-BR4238BW,ベルベット ラウンド ベージュウォッシュ 42cm,9号,φ420×H390,38.0,33.0,,ファイバーセメント,ベージュウォッシュ,あり,14500,https://my.ebook5.net/greenpot/catalog/,,,,,,,
グリーンポット,AN-BR4238GW,ベルベット ラウンド グレーウォッシュ 42cm,9号,φ420×H390,38.0,33.0,,ファイバーセメント,グレーウォッシュ,あり,14500,https://my.ebook5.net/greenpot/catalog/,,,,,,,
グリーンポット,AN-BU3331BW,ベルベット Uポット ベージュウォッシュ 33cm,8号,φ330×H310,30.0,28.0,,ファイバーセメント,ベージュウォッシュ,あり,8800,https://my.ebook5.net/greenpot/catalog/,,,,,,,
グリーンポット,AN-BU3331GW,ベルベット Uポット グレーウォッシュ 33cm,8号,φ330×H310,30.0,28.0,,ファイバーセメント,グレーウォッシュ,あり,8800,https://my.ebook5.net/greenpot/catalog/,,,,,,,
グリーンポット,AN-BU4044BW,ベルベット Uポット ベージュウォッシュ 40cm,10号,φ400×H440,43.0,34.0,,ファイバーセメント,ベージュウォッシュ,あり,16500,https://my.ebook5.net/greenpot/catalog/,,,,,,,
グリーンポット,AN-BU4044GW,ベルベット Uポット グレーウォッシュ 40cm,10号,φ400×H440,43.0,34.0,,ファイバーセメント,グレーウォッシュ,あり,16500,https://my.ebook5.net/greenpot/catalog/,,,,,,,
グリーンポット,AN-CC3030SB,コーディル シリンダー ブラック 30cm,8号,φ300×H300,28.0,25.0,,コンクリート,ブラック,あり,8500,https://my.ebook5.net/greenpot/catalog/,,,,,,,
グリーンポット,AN-CC3030SC,コーディル シリンダー グレー 30cm,8号,φ300×H300,28.0,25.0,,コンクリート,グレー,あり,8500,https://my.ebook5.net/greenpot/catalog/,,,,,,,
グリーンポット,AN-CC3939SB,コーディル シリンダー ブラック 39cm,10号,φ390×H390,37.0,33.5,,コンクリート,ブラック,あり,16500,https://my.ebook5.net/greenpot/catalog/,,,,,,,
グリーンポット,AN-CC3939SC,コーディル シリンダー グレー 39cm,10号,φ390×H390,37.0,33.5,,コンクリート,グレー,あり,16500,https://my.ebook5.net/greenpot/catalog/,,,,,,,
グリーンポット,AN-CU3733SB,コーディル Uポット ブラック 37cm,8号,φ370×H330,32.0,32.0,,コンクリート,ブラック,あり,10000,https://my.ebook5.net/greenpot/catalog/,,,,,,,
グリーンポット,AN-CU3733SC,コーディル Uポット グレー 37cm,8号,φ370×H330,32.0,32.0,,コンクリート,グレー,あり,10000,https://my.ebook5.net/greenpot/catalog/,,,,,,,
グリーンポット,AN-CU4641SB,コーディル Uポット ブラック 46cm,10号,φ460×H410,39.5,40.0,,コンクリート,ブラック,あり,18500,https://my.ebook5.net/greenpot/catalog/,,,,,,,
グリーンポット,AN-CU4641SC,コーディル Uポット グレー 46cm,10号,φ460×H410,39.5,40.0,,コンクリート,グレー,あり,18500,https://my.ebook5.net/greenpot/catalog/,,,,,,,
グリーンポット,AN-NC3027WH,ノード コニック 30cm,8号,φ300×H270,26.0,26.0,,ファイバーセメント,,あり,7500,https://my.ebook5.net/greenpot/catalog/,,,,,,,
グリーンポット,AN-NC4136WH,ノード コニック 41cm,10号,φ410×H350,34.0,36.0,,ファイバーセメント,,あり,13500,https://my.ebook5.net/greenpot/catalog/,,,,,,,
グリーンポット,AN-NC5040WH,ノード コニック 50cm,ー,φ500×H400,38.0,43.0,,ファイバーセメント,,あり,20000,https://my.ebook5.net/greenpot/catalog/,,,,,,,
グリーンポット,AN-NE2521WH,ノード エッグ 25cm,ー,φ250×H210,20.0,20.0,,ファイバーセメント,,あり,3800,https://my.ebook5.net/greenpot/catalog/,,,,,,,
グリーンポット,AN-NE3227WH,ノード エッグ 32cm,8号,φ310×H270,26.0,27.0,,ファイバーセメント,,あり,6800,https://my.ebook5.net/greenpot/catalog/,,,,,,,
グリーンポット,AN-NR2926WH,ノード ラウンド 29cm,7号,φ280×H260,25.0,27.0,,ファイバーセメント,,あり,7500,https://my.ebook5.net/greenpot/catalog/,,,,,,,
グリーンポット,AN-NR4036WH,ノード ラウンド 40cm,9号,φ400×H360,35.0,31.0,,ファイバーセメント,,あり,14500,https://my.ebook5.net/greenpot/catalog/,,,,,,,
グリーンポット,AN-PB4538BK,オプティマス ベース ブラック 45cm,10号,φ450×H380,37.0,36.0,,ポリストーンライト,ブラック,あり,26500,https://my.ebook5.net/greenpot/catalog/,,,,,,,
グリーンポット,AN-PB4538CE,オプティマス ベース セメント 45cm,10号,φ450×H380,37.0,36.0,,ポリストーンライト,セメント,あり,26500,https://my.ebook5.net/greenpot/catalog/,,,,,,,
グリーンポット,AN-PB4538GY,オプティマス ベース グレー 45cm,10号,φ450×H380,37.0,36.0,,ポリストーンライト,グレー,あり,26500,https://my.ebook5.net/greenpot/catalog/,,,,,,,
グリーンポット,AN-PB5546BK,オプティマス ベース ブラック 55cm,ー,φ550×H460,45.0,45.0,,ポリストーンライト,ブラック,あり,45000,https://my.ebook5.net/greenpot/catalog/,,,,,,,
グリーンポット,AN-PB5546CE,オプティマス ベース セメント 55cm,ー,φ550×H460,45.0,45.0,,ポリストーンライト,セメント,あり,45000,https://my.ebook5.net/greenpot/catalog/,,,,,,,
グリーンポット,AN-PB5546GY,オプティマス ベース グレー 55cm,ー,φ550×H460,45.0,45.0,,ポリストーンライト,グレー,あり,45000,https://my.ebook5.net/greenpot/catalog/,,,,,,,
グリーンポット,AN-PC4035BR,ポリッシュ コニック ブラウン 40cm,9号,φ400×H350,34.5,36.0,,ポリストーン,ブラウン,なし,13000,https://my.ebook5.net/greenpot/catalog/,,,,,,,
グリーンポット,AN-PC4035CH,ポリッシュ コニック チャコール 40cm,9号,φ400×H350,34.5,36.0,,ポリストーン,チャコール,なし,13000,https://my.ebook5.net/greenpot/catalog/,,,,,,,
グリーンポット,AN-PC4035CR,ポリッシュ コニック クリーム 40cm,9号,φ400×H350,34.5,36.0,,ポリストーン,クリーム,なし,13000,https://my.ebook5.net/greenpot/catalog/,,,,,,,
グリーンポット,AN-PC5040BR,ポリッシュ コニック ブラウン 50cm,10号,φ500×H395,39.0,46.0,,ポリストーン,ブラウン,なし,18000,https://my.ebook5.net/greenpot/catalog/,,,,,,,
グリーンポット,AN-PC5040CH,ポリッシュ コニック チャコール 50cm,10号,φ500×H395,39.0,46.0,,ポリストーン,チャコール,なし,18000,https://my.ebook5.net/greenpot/catalog/,,,,,,,
グリーンポット,AN-PC5040CR,ポリッシュ コニック クリーム 50cm,10号,φ500×H395,39.0,46.0,,ポリストーン,クリーム,なし,18000,https://my.ebook5.net/greenpot/catalog/,,,,,,,
グリーンポット,AN-PU3531BK,オプティマス Uポット ブラック 35cm,8号,φ350×H310,30.0,31.0,,ポリストーンライト,ブラック,あり,14000,https://my.ebook5.net/greenpot/catalog/,,,,,,,
グリーンポット,AN-PU3531CE,オプティマス Uポット セメント 35cm,8号,φ350×H310,30.0,31.0,,ポリストーンライト,セメント,あり,14000,https://my.ebook5.net/greenpot/catalog/,,,,,,,
グリーンポット,AN-PU3531GY,オプティマス Uポット グレー 35cm,8号,φ350×H310,30.0,31.0,,ポリストーンライト,グレー,あり,14000,https://my.ebook5.net/greenpot/catalog/,,,,,,,
グリーンポット,AN-PU4237BK,オプティマス Uポット ブラック 42cm,10号,φ420×H370,36.0,37.5,,ポリストーンライト,ブラック,あり,22000,https://my.ebook5.net/greenpot/catalog/,,,,,,,
グリーンポット,AN-PU4237CE,オプティマス Uポット セメント 42cm,10号,φ420×H370,36.0,37.5,,ポリストーンライト,セメント,あり,22000,https://my.ebook5.net/greenpot/catalog/,,,,,,,
グリーンポット,AN-PU4237GY,オプティマス Uポット グレー 42cm,10号,φ420×H370,36.0,37.5,,ポリストーンライト,グレー,あり,22000,https://my.ebook5.net/greenpot/catalog/,,,,,,,
グリーンポット,AN-PY4343BR,ポリッシュ シリンダー ブラウン 43cm,10号,φ430×H425,42.0,39.0,,ポリストーン,ブラウン,なし,19000,https://my.ebook5.net/greenpot/catalog/,,,,,,,
グリーンポット,AN-PY4343CH,ポリッシュ シリンダー チャコール 43cm,10号,φ430×H425,42.0,39.0,,ポリストーン,チャコール,なし,19000,https://my.ebook5.net/greenpot/catalog/,,,,,,,
グリーンポット,AN-PY4343CR,ポリッシュ シリンダー クリーム 43cm,10号,φ430×H425,42.0,39.0,,ポリストーン,クリーム,なし,19000,https://my.ebook5.net/greenpot/catalog/,,,,,,,
グリーンポット,AN-RR3329BR,ロッカー ラウンド ブラウン 33cm,8号,φ330×H290,27.0,29.0,,ファイバーセメント,ブラウン,あり,10800,https://my.ebook5.net/greenpot/catalog/,,,,,,,
グリーンポット,AN-RR3329WH,ロッカー ラウンド ホワイト 33cm,8号,φ330×H290,27.0,29.0,,ファイバーセメント,ホワイト,あり,10800,https://my.ebook5.net/greenpot/catalog/,,,,,,,
グリーンポット,AN-RR4236BR,ロッカー ラウンド ブラウン 42cm,10号,φ420×H350,34.0,38.0,,ファイバーセメント,ブラウン,あり,16000,https://my.ebook5.net/greenpot/catalog/,,,,,,,
グリーンポット,AN-RR4236WH,ロッカー ラウンド ホワイト 42cm,10号,φ420×H350,34.0,38.0,,ファイバーセメント,ホワイト,あり,16000,https://my.ebook5.net/greenpot/catalog/,,,,,,,
グリーンポット,AN-RU3331BR,ロッカー Uポット ブラウン 33cm,8号,φ330×H310,30.0,28.0,,ファイバーセメント,ブラウン,あり,12500,https://my.ebook5.net/greenpot/catalog/,,,,,,,
グリーンポット,AN-RU3331WH,ロッカー Uポット ホワイト 33cm,8号,φ330×H310,30.0,28.0,,ファイバーセメント,ホワイト,あり,12500,https://my.ebook5.net/greenpot/catalog/,,,,,,,
グリーンポット,AN-RU4043BR,ロッカー Uポット ブラウン 40cm,10号,φ400×H435,41.5,36.0,,ファイバーセメント,ブラウン,あり,23000,https://my.ebook5.net/greenpot/catalog/,,,,,,,
グリーンポット,AN-RU4043WH,ロッカー Uポット ホワイト 40cm,10号,φ400×H435,41.5,36.0,,ファイバーセメント,ホワイト,あり,23000,https://my.ebook5.net/greenpot/catalog/,,,,,,,
グリーンポット,AN-RU5556BR,ロッカー Uポット ブラウン 55cm,ー,φ550×H565,53.5,51.5,,ファイバーセメント,ブラウン,あり,45000,https://my.ebook5.net/greenpot/catalog/,,,,,,,
グリーンポット,AN-RU5556WH,ロッカー Uポット ホワイト 55cm,ー,φ550×H565,53.5,51.5,,ファイバーセメント,ホワイト,あり,45000,https://my.ebook5.net/greenpot/catalog/,,,,,,,
グリーンポット,AN-SA3329RC,スタウト アッシュ ラウンド 33cm,8号,φ330×H290,28.0,29.0,,コンクリート,,あり,7500,https://my.ebook5.net/greenpot/catalog/,,,,,,,
グリーンポット,AN-SA3645RC,スタウト アッシュ ミドル 36cm,8号,φ360×H450,44.0,32.0,,コンクリート,,あり,14000,https://my.ebook5.net/greenpot/catalog/,,,,,,,
グリーンポット,AN-SA4236RC,スタウト アッシュ ラウンド 42cm,10号,φ420×H360,35.0,35.5,,コンクリート,,あり,13000,https://my.ebook5.net/greenpot/catalog/,,,,,,,
グリーンポット,AN-SA4655RC,スタウト アッシュ ミドル 46cm,10号,φ460×H560,55.0,40.0,,コンクリート,,あり,24000,https://my.ebook5.net/greenpot/catalog/,,,,,,,
グリーンポット,AN-SA5044RC,スタウト アッシュ ラウンド 50cm,ー,φ500×H440,43.0,44.0,,コンクリート,,あり,21000,https://my.ebook5.net/greenpot/catalog/,,,,,,,
グリーンポット,BE-100F,リムポット 60cm,ー,φ650×H530,51.0,55.0,,テラコッタ,ﾃﾗｺｯﾀ(ﾚｯﾄﾞ系),あり,48000,https://my.ebook5.net/greenpot/catalog/,,,,,,,
グリーンポット,BE-100H,リムポット 70cm,ー,φ730×H620,60.0,65.0,,テラコッタ,ﾃﾗｺｯﾀ(ﾚｯﾄﾞ系),あり,65000,https://my.ebook5.net/greenpot/catalog/,,,,,,,
グリーンポット,BE-100I,リムポット 80cm,ー,φ780×H670,65.0,70.0,,テラコッタ,ﾃﾗｺｯﾀ(ﾚｯﾄﾞ系),あり,92000,https://my.ebook5.net/greenpot/catalog/,,,,,,,
グリーンポット,BE-100L,リムポット 90cm,ー,φ900×H720,70.0,80.0,,テラコッタ,ﾃﾗｺｯﾀ(ﾚｯﾄﾞ系),あり,150000,https://my.ebook5.net/greenpot/catalog/,,,,,,,
グリーンポット,BE-100M,リムポット 100cm,ー,φ1000×H800,78.0,90.0,,テラコッタ,ﾃﾗｺｯﾀ(ﾚｯﾄﾞ系),あり,270000,https://my.ebook5.net/greenpot/catalog/,,,,,,,
グリーンポット,BE-100N,リムポット 112cm,ー,φ1120×H900,87.0,100.0,,テラコッタ,ﾃﾗｺｯﾀ(ﾚｯﾄﾞ系),あり,370000,https://my.ebook5.net/greenpot/catalog/,,,,,,,
グリーンポット,BE-150,アルトポット 40cm,ー,φ400×H430,42.0,34.0,,テラコッタ,ﾃﾗｺｯﾀ(ﾚｯﾄﾞ系),あり,35000,https://my.ebook5.net/greenpot/catalog/,,,,,,,
グリーンポット,BE-150A,アルトポット 50cm,ー,φ500×H540,52.0,44.0,,テラコッタ,ﾃﾗｺｯﾀ(ﾚｯﾄﾞ系),あり,60000,https://my.ebook5.net/greenpot/catalog/,,,,,,,
グリーンポット,BE-150B,アルトポット 60cm,ー,φ600×H630,61.0,50.0,,テラコッタ,ﾃﾗｺｯﾀ(ﾚｯﾄﾞ系),あり,82000,https://my.ebook5.net/greenpot/catalog/,,,,,,,
グリーンポット,BE-436A,タブポット足付 45cm,ー,W450×D450×H390,35.0,36.0,36.0,テラコッタ,ﾃﾗｺｯﾀ(ﾚｯﾄﾞ系),あり,47000,https://my.ebook5.net/greenpot/catalog/,,,,,,,
グリーンポット,BE-436B,タブポット足付 55cm,ー,W550×D550×H460,44.0,45.0,45.0,テラコッタ,ﾃﾗｺｯﾀ(ﾚｯﾄﾞ系),あり,84000,https://my.ebook5.net/greenpot/catalog/,,,,,,,
グリーンポット,BE-790,ツリーポット 48cm,ー,φ480×H390,37.0,40.0,,テラコッタ,ﾃﾗｺｯﾀ(ﾚｯﾄﾞ系),あり,42000,https://my.ebook5.net/greenpot/catalog/,,,,,,,
グリーンポット,BE-790A,ツリーポット 58cm,ー,φ580×H470,45.0,49.0,,テラコッタ,ﾃﾗｺｯﾀ(ﾚｯﾄﾞ系),あり,64000,https://my.ebook5.net/greenpot/catalog/,,,,,,,
グリーンポット,BH-B214BK,ソウ ラウンド ブラック 14cm,ー,φ140×H100,9.5,13.0,,ポリプロピレン,ブラック,なし,350,https://my.ebook5.net/greenpot/catalog/,,,,,,,
グリーンポット,BH-B214DG,ソウ ラウンド ダークグレー 14cm,ー,φ140×H100,9.5,13.0,,ポリプロピレン,ダークグレー,なし,350,https://my.ebook5.net/greenpot/catalog/,,,,,,,
グリーンポット,BH-B214LG,ソウ ラウンド ライトグレー 14cm,ー,φ140×H100,9.5,13.0,,ポリプロピレン,ライトグレー,なし,350,https://my.ebook5.net/greenpot/catalog/,,,,,,,
グリーンポット,BH-B214WH,ソウ ラウンド ホワイト 14cm,ー,φ140×H100,9.5,13.0,,ポリプロピレン,ホワイト,なし,350,https://my.ebook5.net/greenpot/catalog/,,,,,,,
グリーンポット,BH-B316BK,ソウ ラウンド ブラック 16.5cm,ー,φ165×H120,11.5,15.5,,ポリプロピレン,ブラック,なし,500,https://my.ebook5.net/greenpot/catalog/,,,,,,,
グリーンポット,BH-B316DG,ソウ ラウンド ダークグレー 16.5cm,ー,φ165×H120,11.5,15.5,,ポリプロピレン,ダークグレー,なし,500,https://my.ebook5.net/greenpot/catalog/,,,,,,,
グリーンポット,BH-B316LG,ソウ ラウンド ライトグレー 16.5cm,ー,φ165×H120,11.5,15.5,,ポリプロピレン,ライトグレー,なし,500,https://my.ebook5.net/greenpot/catalog/,,,,,,,
グリーンポット,BH-B316WH,ソウ ラウンド ホワイト 16.5cm,ー,φ165×H120,11.5,15.5,,ポリプロピレン,ホワイト,なし,500,https://my.ebook5.net/greenpot/catalog/,,,,,,,
グリーンポット,BH-B420BK,ソウ ラウンド ブラック 20cm,ー,φ200×H150,14.5,19.0,,ポリプロピレン,ブラック,なし,600,https://my.ebook5.net/greenpot/catalog/,,,,,,,
グリーンポット,BH-B420DG,ソウ ラウンド ダークグレー 20cm,ー,φ200×H150,14.5,19.0,,ポリプロピレン,ダークグレー,なし,600,https://my.ebook5.net/greenpot/catalog/,,,,,,,
グリーンポット,BH-B420LG,ソウ ラウンド ライトグレー 20cm,ー,φ200×H150,14.5,19.0,,ポリプロピレン,ライトグレー,なし,600,https://my.ebook5.net/greenpot/catalog/,,,,,,,
グリーンポット,BH-B420WH,ソウ ラウンド ホワイト 20cm,ー,φ200×H150,14.5,19.0,,ポリプロピレン,ホワイト,なし,600,https://my.ebook5.net/greenpot/catalog/,,,,,,,
グリーンポット,BH-B523BK,ソウ ラウンド ブラック 23cm,ー,φ230×H170,16.5,22.0,,ポリプロピレン,ブラック,なし,1000,https://my.ebook5.net/greenpot/catalog/,,,,,,,
グリーンポット,BH-B523DG,ソウ ラウンド ダークグレー 23cm,ー,φ230×H170,16.5,22.0,,ポリプロピレン,ダークグレー,なし,1000,https://my.ebook5.net/greenpot/catalog/,,,,,,,
グリーンポット,BH-B523LG,ソウ ラウンド ライトグレー 23cm,ー,φ230×H170,16.5,22.0,,ポリプロピレン,ライトグレー,なし,1000,https://my.ebook5.net/greenpot/catalog/,,,,,,,
グリーンポット,BH-B523WH,ソウ ラウンド ホワイト 23cm,ー,φ230×H170,16.5,22.0,,ポリプロピレン,ホワイト,なし,1000,https://my.ebook5.net/greenpot/catalog/,,,,,,,
グリーンポット,BH-B627BK,ソウ ラウンド ブラック 27cm,ー,φ270×H200,19.5,25.8,,ポリプロピレン,ブラック,なし,1800,https://my.ebook5.net/greenpot/catalog/,,,,,,,
グリーンポット,BH-B627DG,ソウ ラウンド ダークグレー 27cm,ー,φ270×H200,19.5,25.8,,ポリプロピレン,ダークグレー,なし,1800,https://my.ebook5.net/greenpot/catalog/,,,,,,,
グリーンポット,BH-B627LG,ソウ ラウンド ライトグレー 27cm,ー,φ270×H200,19.5,25.8,,ポリプロピレン,ライトグレー,なし,1800,https://my.ebook5.net/greenpot/catalog/,,,,,,,
グリーンポット,BH-B627WH,ソウ ラウンド ホワイト 27cm,ー,φ270×H200,19.5,25.8,,ポリプロピレン,ホワイト,なし,1800,https://my.ebook5.net/greenpot/catalog/,,,,,,,
グリーンポット,BH-E112BK,ソウ コニック ブラック 12cm,ー,φ120×H105,10.0,11.2,,ポリプロピレン,ブラック,なし,320,https://my.ebook5.net/greenpot/catalog/,,,,,,,
グリーンポット,BH-E112DG,ソウ コニック ダークグレー 12cm,ー,φ120×H105,10.0,11.2,,ポリプロピレン,ダークググレー,なし,320,https://my.ebook5.net/greenpot/catalog/,,,,,,,
グリーンポット,BH-E112LG,ソウ コニック ライトグレー 12cm,ー,φ120×H105,10.0,11.2,,ポリプロピレン,ライトグレー,なし,320,https://my.ebook5.net/greenpot/catalog/,,,,,,,
グリーンポット,BH-E112WH,ソウ コニック ホワイト 12cm,ー,φ120×H105,10.0,11.2,,ポリプロピレン,ホワイト,なし,320,https://my.ebook5.net/greenpot/catalog/,,,,,,,
グリーンポット,BH-E215BK,ソウ コニック ブラック 15cm,ー,φ150×H125,12.0,14.2,,ポリプロピレン,ブラック,なし,420,https://my.ebook5.net/greenpot/catalog/,,,,,,,
グリーンポット,BH-E215DG,ソウ コニック ダークグレー 15cm,ー,φ150×H125,12.0,14.2,,ポリプロピレン,ダークグレー,なし,420,https://my.ebook5.net/greenpot/catalog/,,,,,,,
グリーンポット,BH-E215LG,ソウ コニック ライトグレー 15cm,ー,φ150×H125,12.0,14.2,,ポリプロピレン,ライトグレー,なし,420,https://my.ebook5.net/greenpot/catalog/,,,,,,,
グリーンポット,BH-E215WH,ソウ コニック ホワイト 15cm,ー,φ150×H125,12.0,14.2,,ポリプロピレン,ホワイト,なし,420,https://my.ebook5.net/greenpot/catalog/,,,,,,,
グリーンポット,BH-E317BK,ソウ コニック ブラック 17cm,ー,φ170×H150,14.5,16.2,,ポリプロピレン,ブラック,なし,620,https://my.ebook5.net/greenpot/catalog/,,,,,,,
グリーンポット,BH-E317DG,ソウ コニック ダークグレー 17cm,ー,φ170×H150,14.5,16.2,,ポリプロピレン,ダークグレー,なし,620,https://my.ebook5.net/greenpot/catalog/,,,,,,,
グリーンポット,BH-E317LG,ソウ コニック ライトグレー 17cm,ー,φ170×H150,14.5,16.2,,ポリプロピレン,ライトグレー,なし,620,https://my.ebook5.net/greenpot/catalog/,,,,,,,
グリーンポット,BH-E317WH,ソウ コニック ホワイト 17cm,ー,φ170×H150,14.5,16.2,,ポリプロピレン,ホワイト,なし,620,https://my.ebook5.net/greenpot/catalog/,,,,,,,
グリーンポット,BH-E420BK,ソウ コニック ブラック 20cm,ー,φ200×H170,16.5,19.0,,ポリプロピレン,ブラック,なし,950,https://my.ebook5.net/greenpot/catalog/,,,,,,,
グリーンポット,BH-E420DG,ソウ コニック ダークグレー 20cm,ー,φ200×H170,16.5,19.0,,ポリプロピレン,ダークグレー,なし,950,https://my.ebook5.net/greenpot/catalog/,,,,,,,
グリーンポット,BH-E420LG,ソウ コニック ライトグレー 20cm,ー,φ200×H170,16.5,19.0,,ポリプロピレン,ライトグレー,なし,950,https://my.ebook5.net/greenpot/catalog/,,,,,,,
グリーンポット,BH-E420WH,ソウ コニック ホワイト 20cm,ー,φ200×H170,16.5,19.0,,ポリプロピレン,ホワイト,なし,950,https://my.ebook5.net/greenpot/catalog/,,,,,,,
グリーンポット,BH-E523BK,ソウ コニック ブラック 23cm,ー,φ230×H195,19.0,22.0,,ポリプロピレン,ブラック,なし,1500,https://my.ebook5.net/greenpot/catalog/,,,,,,,
グリーンポット,BH-E523DG,ソウ コニック ダークグレー 23cm,ー,φ230×H195,19.0,22.0,,ポリプロピレン,ダークグレー,なし,1500,https://my.ebook5.net/greenpot/catalog/,,,,,,,
グリーンポット,BH-E523LG,ソウ コニック ライトグレー 23cm,ー,φ230×H195,19.0,22.0,,ポリプロピレン,ライトグレー,なし,1500,https://my.ebook5.net/greenpot/catalog/,,,,,,,
グリーンポット,BH-E523WH,ソウ コニック ホワイト 23cm,ー,φ230×H195,19.0,22.0,,ポリプロピレン,ホワイト,なし,1500,https://my.ebook5.net/greenpot/catalog/,,,,,,,
グリーンポット,BH-E626BK,ソウ コニック ブラック 26.5cm,ー,φ265×H225,22.0,25.0,,ポリプロピレン,ブラック,なし,1900,https://my.ebook5.net/greenpot/catalog/,,,,,,,
グリーンポット,BH-E626DG,ソウ コニック ダークグレー 26.5cm,ー,φ265×H225,22.0,25.0,,ポリプロピレン,ダークグレー,なし,1900,https://my.ebook5.net/greenpot/catalog/,,,,,,,
グリーンポット,BH-E626LG,ソウ コニック ライトグレー 26.5cm,ー,φ265×H225,22.0,25.0,,ポリプロピレン,ライトグレー,なし,1900,https://my.ebook5.net/greenpot/catalog/,,,,,,,
グリーンポット,BH-E626WH,ソウ コニック ホワイト 26.5cm,ー,φ265×H225,22.0,25.0,,ポリプロピレン,ホワイト,なし,1900,https://my.ebook5.net/greenpot/catalog/,,,,,,,
グリーンポット,BH-O114BK,ソウ トール ブラック 14cm,ー,φ140×H200,19.5,13.0,,ポリプロピレン,ブラック,なし,650,https://my.ebook5.net/greenpot/catalog/,,,,,,,
グリーンポット,BH-O114DG,ソウ トール ダークグレー 14cm,ー,φ140×H200,19.5,13.0,,ポリプロピレン,ダークグレー,なし,650,https://my.ebook5.net/greenpot/catalog/,,,,,,,
グリーンポット,BH-O114LG,ソウ トール ライトグレー 14cm,ー,φ140×H200,19.5,13.0,,ポリプロピレン,ライトグレー,なし,650,https://my.ebook5.net/greenpot/catalog/,,,,,,,
グリーンポット,BH-O114WH,ソウ トール ホワイト 14cm,ー,φ140×H200,19.5,13.0,,ポリプロピレン,ホワイト,なし,650,https://my.ebook5.net/greenpot/catalog/,,,,,,,
グリーンポット,BH-O217BK,ソウ トール ブラック 17cm,ー,φ170×H250,24.5,16.0,,ポリプロピレン,ブラック,なし,1000,https://my.ebook5.net/greenpot/catalog/,,,,,,,
グリーンポット,BH-O217DG,ソウ トール ダークグレー 17cm,ー,φ170×H250,24.5,16.0,,ポリプロピレン,ダークグレー,なし,1000,https://my.ebook5.net/greenpot/catalog/,,,,,,,
グリーンポット,BH-O217LG,ソウ トール ライトグレー 17cm,ー,φ170×H250,24.5,16.0,,ポリプロピレン,ライトグレー,なし,1000,https://my.ebook5.net/greenpot/catalog/,,,,,,,
グリーンポット,BH-O217WH,ソウ トール ホワイト 17cm,ー,φ170×H250,24.5,16.0,,ポリプロピレン,ホワイト,なし,1000,https://my.ebook5.net/greenpot/catalog/,,,,,,,
グリーンポット,BH-P111BK,ソウ ソーサー ブラック 11cm,ー,φ110×H16,1.3,10.5,,ポリプロピレン,ブラック,なし,120,https://my.ebook5.net/greenpot/catalog/,,,,,,,
グリーンポット,BH-P111DG,ソウ ソーサー ダークグレー 11cm,ー,φ110×H16,1.3,10.5,,ポリプロピレン,ダークグレー,なし,120,https://my.ebook5.net/greenpot/catalog/,,,,,,,
グリーンポット,BH-P111LG,ソウ ソーサー ライトグレー 11cm,ー,φ110×H16,1.3,10.5,,ポリプロピレン,ライトグレー,なし,120,https://my.ebook5.net/greenpot/catalog/,,,,,,,
グリーンポット,BH-P111WH,ソウ ソーサー ホワイト 11cm,ー,φ110×H16,1.3,10.5,,ポリプロピレン,ホワイト,なし,120,https://my.ebook5.net/greenpot/catalog/,,,,,,,
グリーンポット,BH-P212BK,ソウ ソーサー ブラック 12.5cm,ー,φ125×H20,1.5,12.0,,ポリプロピレン,ブラック,なし,160,https://my.ebook5.net/greenpot/catalog/,,,,,,,
グリーンポット,BH-P212DG,ソウ ソーサー ダークグレー 12.5cm,ー,φ125×H20,1.5,12.0,,ポリプロピレン,ダークグレー,なし,160,https://my.ebook5.net/greenpot/catalog/,,,,,,,
グリーンポット,BH-P212LG,ソウ ソーサー ライトグレー 12.5cm,ー,φ125×H20,1.5,12.0,,ポリプロピレン,ライトグレー,なし,160,https://my.ebook5.net/greenpot/catalog/,,,,,,,
グリーンポット,BH-P212WH,ソウ ソーサー ホワイト 12.5cm,ー,φ125×H20,1.5,12.0,,ポリプロピレン,ホワイト,なし,160,https://my.ebook5.net/greenpot/catalog/,,,,,,,
グリーンポット,BH-P315BK,ソウ ソーサー ブラック 15cm,ー,φ150×H20,1.5,14.5,,ポリプロピレン,ブラック,なし,220,https://my.ebook5.net/greenpot/catalog/,,,,,,,
グリーンポット,BH-P315DG,ソウ ソーサー ダークグレー 15cm,ー,φ150×H20,1.5,14.5,,ポリプロピレン,ダークグレー,なし,220,https://my.ebook5.net/greenpot/catalog/,,,,,,,
グリーンポット,BH-P315LG,ソウ ソーサー ライトグレー 15cm,ー,φ150×H20,1.5,14.5,,ポリプロピレン,ライトグレー,なし,220,https://my.ebook5.net/greenpot/catalog/,,,,,,,
グリーンポット,BH-P315WH,ソウ ソーサー ホワイト 15cm,ー,φ150×H20,1.5,14.5,,ポリプロピレン,ホワイト,なし,220,https://my.ebook5.net/greenpot/catalog/,,,,,,,
グリーンポット,BH-P417BK,ソウ ソーサー ブラック 17cm,ー,φ170×H25,2.0,16.0,,ポリプロピレン,ブラック,なし,280,https://my.ebook5.net/greenpot/catalog/,,,,,,,
グリーンポット,BH-P417DG,ソウ ソーサー ダークグレー 17cm,ー,φ170×H25,2.0,16.0,,ポリプロピレン,ダークグレー,なし,280,https://my.ebook5.net/greenpot/catalog/,,,,,,,
グリーンポット,BH-P417LG,ソウ ソーサー ライトグレー 17cm,ー,φ170×H25,2.0,16.0,,ポリプロピレン,ライトグレー,なし,280,https://my.ebook5.net/greenpot/catalog/,,,,,,,
グリーンポット,BH-P417WH,ソウ ソーサー ホワイト 17cm,ー,φ170×H25,2.0,16.0,,ポリプロピレン,ホワイト,なし,280,https://my.ebook5.net/greenpot/catalog/,,,,,,,
グリーンポット,BH-P520BK,ソウ ソーサー ブラック 20cm,ー,φ200×H27,2.1,19.0,,ポリプロピレン,ブラック,なし,340,https://my.ebook5.net/greenpot/catalog/,,,,,,,
グリーンポット,BH-P520DG,ソウ ソーサー ダークグレー 20cm,ー,φ200×H27,2.1,19.0,,ポリプロピレン,ダークグレー,なし,340,https://my.ebook5.net/greenpot/catalog/,,,,,,,
グリーンポット,BH-P520LG,ソウ ソーサー ライトグレー 20cm,ー,φ200×H27,2.1,19.0,,ポリプロピレン,ライトグレー,なし,340,https://my.ebook5.net/greenpot/catalog/,,,,,,,
グリーンポット,BH-P520WH,ソウ ソーサー ホワイト 20cm,ー,φ200×H27,2.1,19.0,,ポリプロピレン,ホワイト,なし,340,https://my.ebook5.net/greenpot/catalog/,,,,,,,
グリーンポット,BH-P624BK,ソウ ソーサー ブラック 24cm,ー,φ240×H30,2.5,23.0,,ポリプロピレン,ブラック,なし,430,https://my.ebook5.net/greenpot/catalog/,,,,,,,
グリーンポット,BH-P624DG,ソウ ソーサー ダークグレー 24cm,ー,φ240×H30,2.5,23.0,,ポリプロピレン,ダークグレー,なし,430,https://my.ebook5.net/greenpot/catalog/,,,,,,,
グリーンポット,BH-P624LG,ソウ ソーサー ライトグレー 24cm,ー,φ240×H30,2.5,23.0,,ポリプロピレン,ライトグレー,なし,430,https://my.ebook5.net/greenpot/catalog/,,,,,,,
グリーンポット,BH-P624WH,ソウ ソーサー ホワイト 24cm,ー,φ240×H30,2.5,23.0,,ポリプロピレン,ホワイト,なし,430,https://my.ebook5.net/greenpot/catalog/,,,,,,,
グリーンポット,BH-U113BK,ソウ Uポット ブラック 13cm,ー,φ130×H115,11.0,12.2,,ポリプロピレン,ブラック,なし,400,https://my.ebook5.net/greenpot/catalog/,,,,,,,
グリーンポット,BH-U113DG,ソウ Uポット ダークグレー 13cm,ー,φ130×H115,11.0,12.2,,ポリプロピレン,ダークグレー,なし,400,https://my.ebook5.net/greenpot/catalog/,,,,,,,
グリーンポット,BH-U113LG,ソウ Uポット ライトグレー 13cm,ー,φ130×H115,11.0,12.2,,ポリプロピレン,ライトグレー,なし,400,https://my.ebook5.net/greenpot/catalog/,,,,,,,
グリーンポット,BH-U113WH,ソウ Uポット ホワイト 13cm,ー,φ130×H115,11.0,12.2,,ポリプロピレン,ホワイト,なし,400,https://my.ebook5.net/greenpot/catalog/,,,,,,,
グリーンポット,BH-U216BK,ソウ Uポット ブラック 16cm,ー,φ160×H140,13.5,15.0,,ポリプロピレン,ブラック,なし,550,https://my.ebook5.net/greenpot/catalog/,,,,,,,
グリーンポット,BH-U216DG,ソウ Uポット ダークグレー 16cm,ー,φ160×H140,13.5,15.0,,ポリプロピレン,ダークグレー,なし,550,https://my.ebook5.net/greenpot/catalog/,,,,,,,
グリーンポット,BH-U216LG,ソウ Uポット ライトグレー 16cm,ー,φ160×H140,13.5,15.0,,ポリプロピレン,ライトグレー,なし,550,https://my.ebook5.net/greenpot/catalog/,,,,,,,
グリーンポット,BH-U216WH,ソウ Uポット ホワイト 16cm,ー,φ160×H140,13.5,15.0,,ポリプロピレン,ホワイト,なし,550,https://my.ebook5.net/greenpot/catalog/,,,,,,,
グリーンポット,BH-U319BK,ソウ Uポット ブラック 19cm,ー,φ190×H165,16.0,18.0,,ポリプロピレン,ブラック,なし,850,https://my.ebook5.net/greenpot/catalog/,,,,,,,
グリーンポット,BH-U319DG,ソウ Uポット ダークグレー 19cm,ー,φ190×H165,16.0,18.0,,ポリプロピレン,ダークグレー,なし,850,https://my.ebook5.net/greenpot/catalog/,,,,,,,
グリーンポット,BH-U319LG,ソウ Uポット ライトグレー 19cm,ー,φ190×H165,16.0,18.0,,ポリプロピレン,ライトグレー,なし,850,https://my.ebook5.net/greenpot/catalog/,,,,,,,
グリーンポット,BH-U319WH,ソウ Uポット ホワイト 19cm,ー,φ190×H165,16.0,18.0,,ポリプロピレン,ホワイト,なし,850,https://my.ebook5.net/greenpot/catalog/,,,,,,,
グリーンポット,BH-U425BK,ソウ Uポット ブラック 25cm,ー,φ250×H220,21.4,24.0,,ポリプロピレン,ブラック,なし,1500,https://my.ebook5.net/greenpot/catalog/,,,,,,,
グリーンポット,BH-U425DG,ソウ Uポット ダークグレー 25cm,ー,φ250×H220,21.4,24.0,,ポリプロピレン,ダークグレー,なし,1500,https://my.ebook5.net/greenpot/catalog/,,,,,,,
グリーンポット,BH-U425LG,ソウ Uポット ライトグレー 25cm,ー,φ250×H220,21.4,24.0,,ポリプロピレン,ライトグレー,なし,1500,https://my.ebook5.net/greenpot/catalog/,,,,,,,
グリーンポット,BH-U425WH,ソウ Uポット ホワイト 25cm,ー,φ250×H220,21.4,24.0,,ポリプロピレン,ホワイト,なし,1500,https://my.ebook5.net/greenpot/catalog/,,,,,,,
グリーンポット,BH-W225BK,ソウ ボール ブラック 25cm,ー,φ250×H120,11.5,24.0,,ポリプロピレン,ブラック,なし,1000,https://my.ebook5.net/greenpot/catalog/,,,,,,,
グリーンポット,BH-W225DG,ソウ ボール ダークグレー 25cm,ー,φ250×H120,11.5,24.0,,ポリプロピレン,ダークグレー,なし,1000,https://my.ebook5.net/greenpot/catalog/,,,,,,,
グリーンポット,BH-W225LG,ソウ ボール ライトグレー 25cm,ー,φ250×H120,11.5,24.0,,ポリプロピレン,ライトグレー,なし,1000,https://my.ebook5.net/greenpot/catalog/,,,,,,,
グリーンポット,BH-W225WH,ソウ ボール ホワイト 25cm,ー,φ250×H120,11.5,24.0,,ポリプロピレン,ホワイト,なし,1000,https://my.ebook5.net/greenpot/catalog/,,,,,,,
グリーンポット,BH-W330BK,ソウ ボール ブラック 30cm,ー,φ300×H145,14.0,29.0,,ポリプロピレン,ブラック,なし,1800,https://my.ebook5.net/greenpot/catalog/,,,,,,,
グリーンポット,BH-W330DG,ソウ ボール ダークグレー 30cm,ー,φ300×H145,14.0,29.0,,ポリプロピレン,ダークグレー,なし,1800,https://my.ebook5.net/greenpot/catalog/,,,,,,,
グリーンポット,BH-W330LG,ソウ ボール ライトグレー 30cm,ー,φ300×H145,14.0,29.0,,ポリプロピレン,ライトグレー,なし,1800,https://my.ebook5.net/greenpot/catalog/,,,,,,,
グリーンポット,BH-W330WH,ソウ ボール ホワイト 30cm,ー,φ300×H145,14.0,29.0,,ポリプロピレン,ホワイト,なし,1800,https://my.ebook5.net/greenpot/catalog/,,,,,,,
グリーンポット,CH-0138BK,ライスター ラウンド ブラック 38cm,9号,φ360×H315,29.5,32.0,,釉薬陶器,ブラック,あり,20000,https://my.ebook5.net/greenpot/catalog/,,,,,,,
グリーンポット,CH-0138BU,ライスター ラウンド ブルーライム 38cm,9号,φ360×H315,29.5,32.0,,釉薬陶器,ブルーライム,あり,20000,https://my.ebook5.net/greenpot/catalog/,,,,,,,
グリーンポット,CH-0146BK,ライスター ラウンド ブラック 45cm,10号,φ450×H400,37.5,41.0,,釉薬陶器,ブラック,あり,30000,https://my.ebook5.net/greenpot/catalog/,,,,,,,
グリーンポット,CH-0146BU,ライスター ラウンド ブルーライム 45cm,10号,φ450×H400,37.5,41.0,,釉薬陶器,ブルーライム,あり,30000,https://my.ebook5.net/greenpot/catalog/,,,,,,,
グリーンポット,CH-0255BK,ライスター ジャー ブラック 55cm,ー,φ550×H595,57.5,34.5,,釉薬陶器,ブラック,あり,75000,https://my.ebook5.net/greenpot/catalog/,,,,,,,
グリーンポット,CH-0255BU,ライスター ジャー ブルーライム 55cm,ー,φ550×H595,57.5,34.5,,釉薬陶器,ブルーライム,あり,75000,https://my.ebook5.net/greenpot/catalog/,,,,,,,
グリーンポット,CH-0345BK,ライスター エッグ ブラック 45cm,10号,φ450×H445,42.5,36.0,,釉薬陶器,ブラック,あり,40000,https://my.ebook5.net/greenpot/catalog/,,,,,,,
グリーンポット,CH-0345BU,ライスター エッグ ブルーライム 45cm,10号,φ450×H445,42.5,36.0,,釉薬陶器,ブルーライム,あり,40000,https://my.ebook5.net/greenpot/catalog/,,,,,,,
グリーンポット,CH-0355BK,ライスター エッグ ブラック 55cm,ー,φ550×H550,53.0,40.0,,釉薬陶器,ブラック,あり,65000,https://my.ebook5.net/greenpot/catalog/,,,,,,,
グリーンポット,CH-0355BU,ライスター エッグ ブルーライム 55cm,ー,φ550×H550,53.0,40.0,,釉薬陶器,ブルーライム,あり,65000,https://my.ebook5.net/greenpot/catalog/,,,,,,,
グリーンポット,CH-0465BK,ライスター トール ブラック 65cm,ー,φ650×H1035,101.5,44.0,,釉薬陶器,ブラック,あり,140000,https://my.ebook5.net/greenpot/catalog/,,,,,,,
グリーンポット,CH-0465BU,ライスター トール ブルーライム 65cm,ー,φ650×H1035,101.5,44.0,,釉薬陶器,ブルーライム,あり,140000,https://my.ebook5.net/greenpot/catalog/,,,,,,,
グリーンポット,CL-8410,アクアデュプロ,ー,W100×D105×H170,,,,,,,45000,https://my.ebook5.net/greenpot/catalog/,,,,,,,
グリーンポット,CL-8428,新アクアウノ ビデオ2,ー,W0×D0×H0,,,,,,,25000,https://my.ebook5.net/greenpot/catalog/,,,,,,,
グリーンポット,CL-8690,ロトロール用 フロアスタンド,ー,W0×D0×H155,,,,,,,8000,https://my.ebook5.net/greenpot/catalog/,,,,,,,
グリーンポット,CL-8697,ロトロール EVO 30m,ー,W270×D620×H620,,,,,,,48000,https://my.ebook5.net/greenpot/catalog/,,,,,,,
グリーンポット,CL-8715,インパクト トリポッド キット,ー,W0×D0×H0,,,,,,,23000,https://my.ebook5.net/greenpot/catalog/,,,,,,,
グリーンポット,CL-8934,キャリーカート エコガーデン,ー,W450×D543×H894,,,,,,,15000,https://my.ebook5.net/greenpot/catalog/,,,,,,,
グリーンポット,CL-90357,ドリップチューブ(13/16mm) 50M巻,ー,φ16×H0,,1.3,,,,,16000,https://my.ebook5.net/greenpot/catalog/,,,,,,,
グリーンポット,CL-90366,メインチューブ(13/16mm) 50M巻,ー,W0×D0×H0,,,,,,,14000,https://my.ebook5.net/greenpot/catalog/,,,,,,,
グリーンポット,CL-90370,フィーディングチューブ(4/6mm) 20M巻,ー,W0×D0×H0,,,,,,,4600,https://my.ebook5.net/greenpot/catalog/,,,,,,,
グリーンポット,CL-90920,排水バルブ,ー,W0×D0×H0,,,,,,,1500,https://my.ebook5.net/greenpot/catalog/,,,,,,,
グリーンポット,CL-91002,"マルチタップコネクター(1/2,3/4用)",ー,W0×D0×H0,,,,,,,680,https://my.ebook5.net/greenpot/catalog/,,,,,,,
グリーンポット,CL-91009,オートマティック カップリング 13/16mm用,ー,W0×D0×H0,,,,,,,800,https://my.ebook5.net/greenpot/catalog/,,,,,,,
グリーンポット,CL-91023,BLOCK-SYSTEM ストレート(1入),ー,W0×D0×H0,,,,,,,850,https://my.ebook5.net/greenpot/catalog/,,,,,,,
グリーンポット,CL-91025,BLOCK-SYSTEM エルボ(1入),ー,W0×D0×H0,,,,,,,1100,https://my.ebook5.net/greenpot/catalog/,,,,,,,
グリーンポット,CL-91029,BLOCK-SYSTEM チーズ(1入),ー,W0×D0×H0,,,,,,,1400,https://my.ebook5.net/greenpot/catalog/,,,,,,,
グリーンポット,CL-91071,13/16mm チーズ 2個入,ー,W0×D0×H0,,,,,,,550,https://my.ebook5.net/greenpot/catalog/,,,,,,,
グリーンポット,CL-91076,13/16mm ストレート 4個入,ー,W0×D0×H0,,,,,,,700,https://my.ebook5.net/greenpot/catalog/,,,,,,,
グリーンポット,CL-91081,13/16mm エルボ 2個入,ー,W0×D0×H0,,,,,,,550,https://my.ebook5.net/greenpot/catalog/,,,,,,,
グリーンポット,CL-91086,13/16mm エンドストッパー 4個入,ー,W0×D0×H0,,,,,,,650,https://my.ebook5.net/greenpot/catalog/,,,,,,,
グリーンポット,CL-91090,13/16mm サポートスティック 8個入,ー,W0×D0×H0,,,,,,,1700,https://my.ebook5.net/greenpot/catalog/,,,,,,,
グリーンポット,CL-91096,13/16mm クランプ 10個入,ー,W0×D0×H0,,,,,,,1400,https://my.ebook5.net/greenpot/catalog/,,,,,,,
グリーンポット,CL-91141,4/6mm チーズ 10個入,ー,W0×D0×H0,,,,,,,1100,https://my.ebook5.net/greenpot/catalog/,,,,,,,
グリーンポット,CL-91143,4/6mm エルボ 10個入,ー,W0×D0×H0,,,,,,,1100,https://my.ebook5.net/greenpot/catalog/,,,,,,,
グリーンポット,CL-91145,4/6mm 十字 10個入,ー,W0×D0×H0,,,,,,,1300,https://my.ebook5.net/greenpot/catalog/,,,,,,,
グリーンポット,CL-91155,4/6mm ストレート 10個入,ー,W0×D0×H0,,,,,,,800,https://my.ebook5.net/greenpot/catalog/,,,,,,,
グリーンポット,CL-91170,ホールプラグ 10個入,ー,W0×D0×H0,,,,,,,700,https://my.ebook5.net/greenpot/catalog/,,,,,,,
グリーンポット,CL-91185,ホールパンチ,ー,W0×D0×H0,,,,,,,700,https://my.ebook5.net/greenpot/catalog/,,,,,,,
グリーンポット,CL-91190,4/6mm サポートスティック 15個入,ー,W0×D0×H0,,,,,,,1400,https://my.ebook5.net/greenpot/catalog/,,,,,,,
グリーンポット,CL-91209,調節コック付ドリッパー 10個入,ー,W0×D0×H0,,,,,,,1800,https://my.ebook5.net/greenpot/catalog/,,,,,,,
グリーンポット,CL-91228,新アジャスタブルドリッパー0-40L/H-4/6mm10個入,ー,W0×D0×H0,,,,,,,3000,https://my.ebook5.net/greenpot/catalog/,,,,,,,
グリーンポット,CL-91248,新180°バルブ付マイクロジェットスプレー5個入,ー,W0×D0×H0,,,,,,,2000,https://my.ebook5.net/greenpot/catalog/,,,,,,,
グリーンポット,CL-91249,新360°バルブ付 マイクロジェットスプレー 5個入,ー,W0×D0×H0,,,,,,,3000,https://my.ebook5.net/greenpot/catalog/,,,,,,,
グリーンポット,CL-91250,新360°バルブ付 マイクロスプリンクラー 5個入,ー,W0×D0×H0,,,,,,,2400,https://my.ebook5.net/greenpot/catalog/,,,,,,,
グリーンポット,CL-91254,新90°マイクロジェットスプレー 10個入,ー,W0×D0×H0,,,,,,,1700,https://my.ebook5.net/greenpot/catalog/,,,,,,,
グリーンポット,CL-91255,新180°マイクロジェットスプレー 10個入,ー,W0×D0×H0,,,,,,,1700,https://my.ebook5.net/greenpot/catalog/,,,,,,,
グリーンポット,CL-91256,新360°マイクロジェットスプレー 10個入,ー,W0×D0×H0,,,,,,,1700,https://my.ebook5.net/greenpot/catalog/,,,,,,,
グリーンポット,CL-91257,新長方形マイクロジェットスプレー 10個入,ー,W0×D0×H0,,,,,,,1700,https://my.ebook5.net/greenpot/catalog/,,,,,,,
グリーンポット,CL-91258,新360°マイクロミストスプレー10個入,ー,W0×D0×H0,,,,,,,1700,https://my.ebook5.net/greenpot/catalog/,,,,,,,
グリーンポット,CL-91260,ライザー 30_ 10個入,ー,W0×D0×H0,,,,,,,2300,https://my.ebook5.net/greenpot/catalog/,,,,,,,
グリーンポット,CL-91265,マイクロスプレー用サポートスティック 2個入,ー,W0×D0×H0,,,,,,,2300,https://my.ebook5.net/greenpot/catalog/,,,,,,,
グリーンポット,CL-91270,4/6mm ストレート バルブ付 5個入,ー,W0×D0×H0,,,,,,,1700,https://my.ebook5.net/greenpot/catalog/,,,,,,,
グリーンポット,CL-91280,13/16mm ストレート バルブ付,ー,W0×D0×H0,,,,,,,1100,https://my.ebook5.net/greenpot/catalog/,,,,,,,
グリーンポット,CL-91494,3/4 オートマティックアダプター,ー,W0×D0×H0,,,,,,,900,https://my.ebook5.net/greenpot/catalog/,,,,,,,
グリーンポット,CL-9601,2ウェイアダプター 3/4 メタル,ー,W0×D0×H0,,,,メタル,,,7500,https://my.ebook5.net/greenpot/catalog/,,,,,,,
グリーンポット,CL-9604,タップコネクター 3/4 メタル,ー,W0×D0×H0,,,,メタル,,,1500,https://my.ebook5.net/greenpot/catalog/,,,,,,,
グリーンポット,DF-01B,プラトプラティコ ブラウン,ー,W500×D500×H50,,,,プラスチック,ブラウン　艶無,,2500,https://my.ebook5.net/greenpot/catalog/,,,,,,,
グリーンポット,DF-01G,プラトプラティコ グリーン,ー,W500×D500×H50,,,,プラスチック,グリーン　艶無,,2500,https://my.ebook5.net/greenpot/catalog/,,,,,,,
グリーンポット,EB-04243555GI,パレストロ2 アンティコ 33×H55,ー,W330×D330×H550,,,,テラコッタ,,なし,24000,https://my.ebook5.net/greenpot/catalog/,,,,,,,
グリーンポット,EB-14249525GI,モンテガロ アンティコ 25cm,ー,φ250×H250,24.0,21.0,,テラコッタ,ﾃﾗｺｯﾀ(ｵﾚﾝｼﾞ系),あり,3800,https://my.ebook5.net/greenpot/catalog/,,,,,,,
グリーンポット,EB-14249535GI,モンテガロ アンティコ 35cm,ー,φ350×H350,33.0,29.0,,テラコッタ,ﾃﾗｺｯﾀ(ｵﾚﾝｼﾞ系),あり,7800,https://my.ebook5.net/greenpot/catalog/,,,,,,,
グリーンポット,EB-14249545GI,モンテガロ アンティコ 45cm,ー,φ450×H450,43.0,37.0,,テラコッタ,ﾃﾗｺｯﾀ(ｵﾚﾝｼﾞ系),あり,16000,https://my.ebook5.net/greenpot/catalog/,,,,,,,
グリーンポット,EB-14249555GI,モンテガロ アンティコ 55cm,ー,φ550×H550,53.0,49.0,,テラコッタ,ﾃﾗｺｯﾀ(ｵﾚﾝｼﾞ系),あり,29000,https://my.ebook5.net/greenpot/catalog/,,,,,,,
グリーンポット,EB-14257445GI,ペラノGI 45xH33cm,ー,φ450×H330,21.0,34.0,,テラコッタ,ﾃﾗｺｯﾀ(ﾋﾟﾝｸ系),あり,26000,https://my.ebook5.net/greenpot/catalog/,,,,,,,
グリーンポット,EB-14258453GI,アンドゥーズ アンティコ  45cm,ー,φ450×H530,51.0,38.0,,テラコッタ,ﾃﾗｺｯﾀ(ｵﾚﾝｼﾞ系),あり,29000,https://my.ebook5.net/greenpot/catalog/,,,,,,,
グリーンポット,EB-14258462GI,アンドゥーズ アンティコ 53cm,ー,φ530×H620,60.0,45.0,,テラコッタ,ﾃﾗｺｯﾀ(ｵﾚﾝｼﾞ系),あり,56000,https://my.ebook5.net/greenpot/catalog/,,,,,,,
グリーンポット,EB-14290685GI,オルシナGI 56xH75cm,ー,φ560×H750,42.0,45.0,,テラコッタ,ﾃﾗｺｯﾀ(ﾋﾟﾝｸ系),あり,75000,https://my.ebook5.net/greenpot/catalog/,,,,,,,
グリーンポット,EB-14290865GI,オルシナGI 48xH65cm,ー,φ480×H650,39.5,38.0,,テラコッタ,ﾃﾗｺｯﾀ(ﾋﾟﾝｸ系),あり,40000,https://my.ebook5.net/greenpot/catalog/,,,,,,,
グリーンポット,EB-14290962GI,カノサGI 38x38xH55cm,ー,W380×D380×H550,,,,テラコッタ,ﾃﾗｺｯﾀ(ﾋﾟﾝｸ系),なし,36000,https://my.ebook5.net/greenpot/catalog/,,,,,,,
グリーンポット,EB-18061639,LLブリティッシュ Pキューブ 39×39×H39,10号,W390×D390×H390,37.0,33.0,33.0,グラスファイバー,グレー　　艶無,あり,19000,https://my.ebook5.net/greenpot/catalog/,,,,,,,
グリーンポット,EB-18061647,LLブリティッシュ Pキューブ 47×47×H47,ー,W470×D470×H470,45.0,40.5,40.5,グラスファイバー,グレー　　艶無,あり,33000,https://my.ebook5.net/greenpot/catalog/,,,,,,,
グリーンポット,EB-18061656,LLブリティッシュ Pキューブ 56×56×H56,ー,W560×D560×H560,54.0,49.0,49.0,グラスファイバー,グレー　　艶無,あり,45000,https://my.ebook5.net/greenpot/catalog/,,,,,,,
グリーンポット,EB-18061760,LLブリティッシュ Pプランター 60×25×H25,ー,W600×D250×H250,24.0,54.0,19.0,グラスファイバー,グレー　　艶無,あり,14000,https://my.ebook5.net/greenpot/catalog/,,,,,,,
グリーンポット,EB-18061780,LLブリティッシュ Pプランター 80×33×H33,ー,W800×D330×H330,32.0,74.5,29.0,グラスファイバー,グレー　　艶無,あり,30000,https://my.ebook5.net/greenpot/catalog/,,,,,,,
グリーンポット,EB-18061799,LLブリティッシュ Pプランター 100×41×H41,ー,W1000×D410×H410,40.0,92.0,34.0,グラスファイバー,グレー　　艶無,あり,50000,https://my.ebook5.net/greenpot/catalog/,,,,,,,
グリーンポット,EB-18062720,BLキンロス L60,ー,W600×D200×H200,19.0,54.0,14.0,グラスファイバー,ブラック　艶無,あり,14000,https://my.ebook5.net/greenpot/catalog/,,,,,,,
グリーンポット,EB-18062731,BLキンロス L80,ー,W800×D310×H310,30.5,73.0,24.0,グラスファイバー,ブラック　艶無,あり,35000,https://my.ebook5.net/greenpot/catalog/,,,,,,,
グリーンポット,EB-18062745,BLキンロス L100,ー,W1000×D450×H450,43.0,90.0,35.0,グラスファイバー,ブラック　艶無,あり,56000,https://my.ebook5.net/greenpot/catalog/,,,,,,,
グリーンポット,EB-18063140,BLチェルトンハム 40cm,10号,W400×D400×H400,39.0,33.0,33.0,グラスファイバー,ブラック　艶無,あり,23000,https://my.ebook5.net/greenpot/catalog/,,,,,,,
グリーンポット,EB-18063150,BLチェルトンハム 50cm,ー,W500×D500×H500,49.0,41.0,41.0,グラスファイバー,ブラック　艶無,あり,38000,https://my.ebook5.net/greenpot/catalog/,,,,,,,
グリーンポット,EB-18063160,BLチェルトンハム 60cm,ー,W600×D600×H600,58.0,51.5,51.5,グラスファイバー,ブラック　艶無,あり,52000,https://my.ebook5.net/greenpot/catalog/,,,,,,,
グリーンポット,EB-18063600,BLヘリッチ,ー,W400×D400×H1000,98.0,31.5,31.5,グラスファイバー,ブラック　艶無,あり,48000,https://my.ebook5.net/greenpot/catalog/,,,,,,,
グリーンポット,EB-34251635GI,コーン アンティコ アイアン付  35cm,ー,φ350×H480,35.0,29.0,,テラコッタ,ﾃﾗｺｯﾀ(ｵﾚﾝｼﾞ系),あり,15000,https://my.ebook5.net/greenpot/catalog/,,,,,,,
グリーンポット,EB-34251645GI,コーン アンティコ アイアン付  46cm,ー,φ460×H620,47.0,40.0,,テラコッタ,ﾃﾗｺｯﾀ(ｵﾚﾝｼﾞ系),あり,22000,https://my.ebook5.net/greenpot/catalog/,,,,,,,
グリーンポット,EB-34267010GI,ポットフィート アンティコ,ー,W100×D40×H65,,,,テラコッタ,,なし,380,https://my.ebook5.net/greenpot/catalog/,,,,,,,
グリーンポット,EB-34278033GI,オリーブ ラウンド アンティコ 33cm,ー,φ330×H290,28.0,28.0,,テラコッタ,,あり,5800,https://my.ebook5.net/greenpot/catalog/,,,,,,,
グリーンポット,EB-34278041GI,オリーブ ラウンド アンティコ 41cm,ー,φ410×H370,35.0,34.5,,テラコッタ,,あり,9800,https://my.ebook5.net/greenpot/catalog/,,,,,,,
グリーンポット,EB-34278050GI,オリーブ ラウンド アンティコ 50cm,ー,φ500×H450,43.0,43.0,,テラコッタ,,あり,24000,https://my.ebook5.net/greenpot/catalog/,,,,,,,
グリーンポット,EB-34278130GI,オリーブ スクエアー アンティコ 30cm,ー,W300×D300×H290,27.0,25.5,25.5,テラコッタ,,あり,6500,https://my.ebook5.net/greenpot/catalog/,,,,,,,
グリーンポット,EB-34278137GI,オリーブ スクエアー アンティコ 37cm,ー,W370×D370×H370,35.0,30.5,30.5,テラコッタ,,あり,12000,https://my.ebook5.net/greenpot/catalog/,,,,,,,
グリーンポット,EB-34278145GI,オリーブ スクエアー アンティコ 45cm,ー,W450×D450×H450,43.0,39.0,39.0,テラコッタ,,あり,24000,https://my.ebook5.net/greenpot/catalog/,,,,,,,
グリーンポット,EB-BA0132AB,ブラックス ラウンド アンティークブラック 32cm,８号,φ320×H270,25.5,27.5,,FRP,アンティークブラック,あり,10000,https://my.ebook5.net/greenpot/catalog/,,,,,,,
グリーンポット,EB-BA0132AC,ブラックス ラウンド アンティーククリーム 32cm,８号,φ320×H270,25.5,27.5,,FRP,アンティーククリーム,あり,10000,https://my.ebook5.net/greenpot/catalog/,,,,,,,
グリーンポット,EB-BA0132AG,ブラックス ラウンド アンティークグレー 32cm,８号,φ320×H270,25.5,27.5,,FRP,アンティークグレー,あり,10000,https://my.ebook5.net/greenpot/catalog/,,,,,,,
グリーンポット,EB-BA0145AB,ブラックス ラウンド アンティークブラック 45cm,10号,φ450×H380,36.6,39.7,,FRP,アンティークブラック,あり,23000,https://my.ebook5.net/greenpot/catalog/,,,,,,,
グリーンポット,EB-BA0145AC,ブラックス ラウンド アンティーククリーム 45cm,10号,φ450×H380,36.6,39.7,,FRP,アンティーククリーム,あり,23000,https://my.ebook5.net/greenpot/catalog/,,,,,,,
グリーンポット,EB-BA0145AG,ブラックス ラウンド アンティークグレー 45cm,10号,φ450×H380,36.6,39.7,,FRP,アンティークグレー,あり,23000,https://my.ebook5.net/greenpot/catalog/,,,,,,,
グリーンポット,EB-BA0230AB,ブラックス バレル アンティークブラック 30cm,,φ300×H308,29.6,21.5,,FRP,アンティークブラック,あり,12000,https://my.ebook5.net/greenpot/catalog/,,,,,,,
グリーンポット,EB-BA0230AC,ブラックス バレル アンティーククリーム 30cm,,φ300×H308,29.6,21.5,,FRP,アンティーククリーム,あり,12000,https://my.ebook5.net/greenpot/catalog/,,,,,,,
グリーンポット,EB-BA0230AG,ブラックス バレル アンティークグレー 30cm,,φ300×H308,29.6,21.5,,FRP,アンティークグレー,あり,12000,https://my.ebook5.net/greenpot/catalog/,,,,,,,
グリーンポット,EB-BA0245AB,ブラックス バレル アンティークブラック 45cm,,φ450×H465,44.0,33.0,,FRP,アンティークブラック,あり,29000,https://my.ebook5.net/greenpot/catalog/,,,,,,,
グリーンポット,EB-BA0245AC,ブラックス バレル アンティーククリーム 45cm,,φ450×H465,44.0,33.0,,FRP,アンティーククリーム,あり,29000,https://my.ebook5.net/greenpot/catalog/,,,,,,,
グリーンポット,EB-BA0245AG,ブラックス バレル アンティークグレー 45cm,,φ450×H465,44.0,33.0,,FRP,アンティークグレー,あり,29000,https://my.ebook5.net/greenpot/catalog/,,,,,,,
グリーンポット,EB-BA0337AB,ブラックス バルーン アンティークブラック 37cm,,φ370×H340,32.8,27.6,,FRP,アンティークブラック,あり,14000,https://my.ebook5.net/greenpot/catalog/,,,,,,,
グリーンポット,EB-BA0337AC,ブラックス バルーン アンティーククリーム 37cm,,φ370×H340,32.8,27.6,,FRP,アンティーククリーム,あり,14000,https://my.ebook5.net/greenpot/catalog/,,,,,,,
グリーンポット,EB-BA0337AG,ブラックス バルーン アンティークグレー 37cm,,φ370×H340,32.8,27.6,,FRP,アンティークグレー,あり,14000,https://my.ebook5.net/greenpot/catalog/,,,,,,,
グリーンポット,EB-BB3126BR,バンドール ボール ブロンズ 31cm,7号,φ310×H260,25.0,23.0,,FRP,ブロンズ,あり,10000,https://my.ebook5.net/greenpot/catalog/,,,,,,,
グリーンポット,EB-BB3126CG,バンドール ボール カッパーグリーン 31cm,7号,φ310×H260,25.0,23.0,,FRP,カッパーグリーン,あり,10000,https://my.ebook5.net/greenpot/catalog/,,,,,,,
グリーンポット,EB-BB4235BR,バンドール ボール ブロンズ 42cm,9号,φ420×H350,34.0,33.0,,FRP,ブロンズ,あり,19000,https://my.ebook5.net/greenpot/catalog/,,,,,,,
グリーンポット,EB-BB4235CG,バンドール ボール カッパーグリーン 42cm,9号,φ420×H350,34.0,33.0,,FRP,カッパーグリーン,あり,19000,https://my.ebook5.net/greenpot/catalog/,,,,,,,
グリーンポット,EB-BR3631BR,バンドール ラウンド ブロンズ 36cm,8号,φ360×H310,30.0,30.0,,FRP,ブロンズ,あり,15000,https://my.ebook5.net/greenpot/catalog/,,,,,,,
グリーンポット,EB-BR3631CG,バンドール ラウンド カッパーグリーン 36cm,8号,φ360×H310,30.0,30.0,,FRP,カッパーグリーン,あり,15000,https://my.ebook5.net/greenpot/catalog/,,,,,,,
グリーンポット,EB-BR4538BR,バンドール ラウンド ブロンズ 45cm,10号,φ450×H380,37.0,39.0,,FRP,ブロンズ,あり,23000,https://my.ebook5.net/greenpot/catalog/,,,,,,,
グリーンポット,EB-BR4538CG,バンドール ラウンド カッパーグリーン 45cm,10号,φ450×H380,37.0,39.0,,FRP,カッパーグリーン,あり,23000,https://my.ebook5.net/greenpot/catalog/,,,,,,,
グリーンポット,EB-BR5546BR,バンドール ラウンド ブロンズ 55cm,ー,φ550×H460,44.0,49.0,,FRP,ブロンズ,あり,36000,https://my.ebook5.net/greenpot/catalog/,,,,,,,
グリーンポット,EB-BR5546CG,バンドール ラウンド カッパーグリーン 55cm,ー,φ550×H460,44.0,49.0,,FRP,カッパーグリーン,あり,36000,https://my.ebook5.net/greenpot/catalog/,,,,,,,
グリーンポット,EB-EC3030BK,エンバス シリンダー ブラック 30cm,8号,φ300×H300,27.5,24.5,,グラスファイバー,ブラック　,あり,12000,https://my.ebook5.net/greenpot/catalog/,,,,,,,
グリーンポット,EB-EC3030WH,エンバス シリンダー ホワイト 30cm,8号,φ300×H300,27.5,24.5,,グラスファイバー,ホワイト,あり,12000,https://my.ebook5.net/greenpot/catalog/,,,,,,,
グリーンポット,EB-EC4040BK,エンバス シリンダー ブラック 40cm,10号,φ400×H400,37.5,33.0,,グラスファイバー,ブラック,あり,22000,https://my.ebook5.net/greenpot/catalog/,,,,,,,
グリーンポット,EB-EC4040WH,エンバス シリンダー ホワイト 40cm,10号,φ400×H400,37.5,33.0,,グラスファイバー,ホワイト,あり,22000,https://my.ebook5.net/greenpot/catalog/,,,,,,,
グリーンポット,EB-EC5050BK,エンバス シリンダー ブラック 50cm,ー,φ500×H500,47.0,42.0,,グラスファイバー,ブラック,あり,36000,https://my.ebook5.net/greenpot/catalog/,,,,,,,
グリーンポット,EB-EC5050WH,エンバス シリンダー ホワイト 50cm,ー,φ500×H500,47.0,42.0,,グラスファイバー,ホワイト,あり,36000,https://my.ebook5.net/greenpot/catalog/,,,,,,,
グリーンポット,EB-ES4040BK,エンバス キューブ ブラック 40cm,10号,W400×D400×H402,38.0,33.1,33.1,グラスファイバー,ブラック,あり,27000,https://my.ebook5.net/greenpot/catalog/,,,,,,,
グリーンポット,EB-ES4040WH,エンバス キューブ ホワイト 40cm,10号,W400×D400×H402,38.0,33.1,33.1,グラスファイバー,ホワイト,あり,27000,https://my.ebook5.net/greenpot/catalog/,,,,,,,
グリーンポット,EB-ES5050BK,エンバス キューブ ブラック 50cm,ー,W500×D500×H500,48.3,41.8,41.8,グラスファイバー,ブラック,あり,44000,https://my.ebook5.net/greenpot/catalog/,,,,,,,
グリーンポット,EB-ES5050WH,エンバス キューブ ホワイト 50cm,ー,W500×D500×H500,48.3,41.8,41.8,グラスファイバー,ホワイト,あり,44000,https://my.ebook5.net/greenpot/catalog/,,,,,,,
グリーンポット,EB-GC6041GY,グラナイト ローシリンダー 60cm,ー,φ600×H410,40.0,53.0,,グラスファイバー,,あり,48000,https://my.ebook5.net/greenpot/catalog/,,,,,,,
グリーンポット,EB-GC8061GY,グラナイト ローシリンダー 80cm,ー,φ800×H610,59.0,71.0,,グラスファイバー,,あり,110000,https://my.ebook5.net/greenpot/catalog/,,,,,,,
グリーンポット,EB-GE3631GY,グラナイト エッグ 36cm,8号,φ360×H320,30.5,31.0,,FRP,,あり,13000,https://my.ebook5.net/greenpot/catalog/,,,,,,,
グリーンポット,EB-GE4538GY,グラナイト エッグ 45cm,10号,φ450×H390,37.0,38.5,,グラスファイバー,,あり,23000,https://my.ebook5.net/greenpot/catalog/,,,,,,,
グリーンポット,EB-GE5546GY,グラナイト エッグ 55cm,ー,φ550×H470,45.0,46.5,,グラスファイバー,,あり,36000,https://my.ebook5.net/greenpot/catalog/,,,,,,,
グリーンポット,EB-LB3332AB,リーヴァ バルーン アンティークブラック 33cm,8号,φ330×H320,31.0,26.0,,FRP,アンティークブラック,あり,14000,https://my.ebook5.net/greenpot/catalog/,,,,,,,
グリーンポット,EB-LB3332AW,リーヴァ バルーン アンティークホワイト 33cm,8号,φ330×H320,31.0,26.0,,FRP,アンティークホワイト,あり,14000,https://my.ebook5.net/greenpot/catalog/,,,,,,,
グリーンポット,EB-LB3332TA,リーヴァ バルーン テラアンティーク 33cm,8号,φ330×H320,31.0,26.0,,FRP,テラアンティーク,あり,14000,https://my.ebook5.net/greenpot/catalog/,,,,,,,
グリーンポット,EB-LB4444AB,リーヴァ バルーン アンティークブラック 44cm,10号,φ440×H440,43.0,35.0,,FRP,アンティークブラック,あり,28000,https://my.ebook5.net/greenpot/catalog/,,,,,,,
グリーンポット,EB-LB4444AW,リーヴァ バルーン アンティークホワイト 44cm,10号,φ440×H440,43.0,35.0,,FRP,アンティークホワイト,あり,28000,https://my.ebook5.net/greenpot/catalog/,,,,,,,
グリーンポット,EB-LB4444TA,リーヴァ バルーン テラアンティーク 44cm,10号,φ440×H440,43.0,35.0,,FRP,テラアンティーク,あり,28000,https://my.ebook5.net/greenpot/catalog/,,,,,,,
グリーンポット,EB-LL3325AB,リーヴァ ローバルーン アンティークブラック 33cm,7号,φ330×H255,24.0,26.0,,FRP,アンティークブラック,あり,12000,https://my.ebook5.net/greenpot/catalog/,,,,,,,
グリーンポット,EB-LL3325AW,リーヴァ ローバルーン アンティークホワイト 33cm,7号,φ330×H255,24.0,26.0,,FRP,アンティークホワイト,あり,12000,https://my.ebook5.net/greenpot/catalog/,,,,,,,
グリーンポット,EB-LL3325TA,リーヴァ ローバルーン テラアンティーク 33cm,7号,φ330×H255,24.0,26.0,,FRP,テラアンティーク,あり,12000,https://my.ebook5.net/greenpot/catalog/,,,,,,,
グリーンポット,EB-LL4433AB,リーヴァ ローバルーン アンティークブラック 44cm,9号,φ440×H330,32.0,35.0,,FRP,アンティークブラック,あり,22000,https://my.ebook5.net/greenpot/catalog/,,,,,,,
グリーンポット,EB-LL4433AW,リーヴァ ローバルーン アンティークホワイト 44cm,9号,φ440×H330,32.0,35.0,,FRP,アンティークホワイト,あり,22000,https://my.ebook5.net/greenpot/catalog/,,,,,,,
グリーンポット,EB-LL4433TA,リーヴァ ローバルーン テラアンティーク 44cm,9号,φ440×H330,32.0,35.0,,FRP,テラアンティーク,あり,22000,https://my.ebook5.net/greenpot/catalog/,,,,,,,
グリーンポット,EB-MB1270AW,モードライト ボウル AW 120cm,ー,φ1200×H690,66.5,106.0,,グラスファイバー,,あり,260000,https://my.ebook5.net/greenpot/catalog/,,,,,,,
グリーンポット,EB-MB1270LG,モードライト ボウル LG 120cm,ー,φ1200×H690,66.5,106.0,,グラスファイバー,,あり,260000,https://my.ebook5.net/greenpot/catalog/,,,,,,,
グリーンポット,EB-MB3428AW,モードライト バレルAW 34cm,8号,φ340×H280,26.5,28.0,,グラスファイバー,,あり,12000,https://my.ebook5.net/greenpot/catalog/,,,,,,,
グリーンポット,EB-MB3428LG,モードライト バレル 34cm,8号,φ340×H280,26.5,28.0,,グラスファイバー,,あり,12000,https://my.ebook5.net/greenpot/catalog/,,,,,,,
グリーンポット,EB-MB4436AW,モードライト バレルAW 44cm,10号,φ440×H360,34.5,36.0,,グラスファイバー,,あり,22000,https://my.ebook5.net/greenpot/catalog/,,,,,,,
グリーンポット,EB-MB4436LG,モードライト バレル 44cm,10号,φ440×H360,34.5,36.0,,グラスファイバー,,あり,22000,https://my.ebook5.net/greenpot/catalog/,,,,,,,
グリーンポット,EB-MB9045AW,モードライト ボウル AW 90cm,ー,φ900×H436,42.5,75.5,,グラスファイバー,,あり,92000,https://my.ebook5.net/greenpot/catalog/,,,,,,,
グリーンポット,EB-MB9045LG,モードライト ボウル LG 90cm,ー,φ900×H436,42.5,75.5,,グラスファイバー,,あり,92000,https://my.ebook5.net/greenpot/catalog/,,,,,,,
グリーンポット,EB-MC3535LG,モードライト キューブ 35cm,8号,W350×D350×H350,34.0,29.5,29.5,グラスファイバー,,あり,15000,https://my.ebook5.net/greenpot/catalog/,,,,,,,
グリーンポット,EB-MC4545LG,モードライト キューブ 45cm,10号,W450×D450×H450,44.0,39.0,39.0,グラスファイバー,,あり,31000,https://my.ebook5.net/greenpot/catalog/,,,,,,,
グリーンポット,EB-MC5555LG,モードライト キューブ 55cm,ー,W550×D550×H550,54.0,46.5,46.5,グラスファイバー,,あり,47000,https://my.ebook5.net/greenpot/catalog/,,,,,,,
グリーンポット,EB-MC8080LG,モードライト キューブ 80cm,ー,W800×D800×H800,79.0,64.0,64.0,グラスファイバー,,あり,170000,https://my.ebook5.net/greenpot/catalog/,,,,,,,
グリーンポット,EB-MH3570AW,モードライト ハイキューブAW H70cm,ー,W350×D350×H700,68.5,29.0,29.0,グラスファイバー,,あり,38000,https://my.ebook5.net/greenpot/catalog/,,,,,,,
グリーンポット,EB-MH3570LG,モードライト ハイキューブ H70cm,ー,W350×D350×H700,68.5,29.0,29.0,グラスファイバー,,あり,38000,https://my.ebook5.net/greenpot/catalog/,,,,,,,
グリーンポット,EB-MH7070AW,モードライト ハイボックスAW H70cm,ー,W700×D350×H700,68.5,64.0,28.5,グラスファイバー,,あり,64000,https://my.ebook5.net/greenpot/catalog/,,,,,,,
グリーンポット,EB-MH7070LG,モードライト ハイボックス H70cm,ー,W700×D350×H700,68.5,64.0,28.5,グラスファイバー,,あり,64000,https://my.ebook5.net/greenpot/catalog/,,,,,,,
グリーンポット,EB-ML0060LG,モードライト ローキューブ 100cm,ー,W1000×D1000×H600,59.0,85.5,85.5,グラスファイバー,,あり,190000,https://my.ebook5.net/greenpot/catalog/,,,,,,,
グリーンポット,EB-ML6040LG,モードライト ローキューブ 60cm,ー,W600×D600×H425,39.5,48.0,48.0,グラスファイバー,,あり,52000,https://my.ebook5.net/greenpot/catalog/,,,,,,,
グリーンポット,EB-ML6041AW,モードライト ローキューブAW 60cm,ー,W600×D600×H425,39.5,48.0,48.0,グラスファイバー,,あり,52000,https://my.ebook5.net/greenpot/catalog/,,,,,,,
グリーンポット,EB-MO0110AW,モードライト ローボウル AW 100cm,ー,φ990×H285,27.5,87.0,,FRP,,あり,63000,https://my.ebook5.net/greenpot/catalog/,,,,,,,
グリーンポット,EB-MO0110LG,モードライト ローボウル LG 100cm,ー,φ990×H285,27.5,87.0,,FRP,,あり,63000,https://my.ebook5.net/greenpot/catalog/,,,,,,,
グリーンポット,EB-MO0155AW,モードライト ローボウル AW 55cm,ー,φ550×H165,15.5,50.0,,FRP,,あり,14000,https://my.ebook5.net/greenpot/catalog/,,,,,,,
グリーンポット,EB-MO0155LG,モードライト ローボウル LG 55cm,ー,φ550×H165,15.5,50.0,,FRP,,あり,14000,https://my.ebook5.net/greenpot/catalog/,,,,,,,
グリーンポット,EB-MO0170AW,モードライト ローボウル AW 70cm,ー,φ700×H205,19.5,64.0,,FRP,,あり,30000,https://my.ebook5.net/greenpot/catalog/,,,,,,,
グリーンポット,EB-MO0170LG,モードライト ローボウル LG 70cm,ー,φ700×H205,19.5,64.0,,FRP,,あり,30000,https://my.ebook5.net/greenpot/catalog/,,,,,,,
グリーンポット,EB-MP1560AW,モードライト プランター AW 150cm,ー,W1500×D600×H610,59.0,138.0,48.0,グラスファイバー,,あり,180000,https://my.ebook5.net/greenpot/catalog/,,,,,,,
グリーンポット,EB-MP1560LG,モードライト プランター LG 150cm,ー,W1500×D600×H610,59.0,138.0,48.0,グラスファイバー,,あり,180000,https://my.ebook5.net/greenpot/catalog/,,,,,,,
グリーンポット,EB-MP8031LG,モードライト プランター 80cm,ー,W800×D310×H310,30.0,73.0,24.0,グラスファイバー,,あり,33000,https://my.ebook5.net/greenpot/catalog/,,,,,,,
グリーンポット,EB-MP9945AW,モードライト プランター AW 100cm,ー,W1000×D450×H450,42.8,91.5,36.8,グラスファイバー,,あり,58000,https://my.ebook5.net/greenpot/catalog/,,,,,,,
グリーンポット,EB-MP9945LG,モードライト プランター LG 100cm,ー,W1000×D450×H450,42.8,91.5,36.8,グラスファイバー,,あり,58000,https://my.ebook5.net/greenpot/catalog/,,,,,,,
グリーンポット,EB-MR4538LG,モードライト ラウンド 45cm,10号,φ450×H380,37.0,38.5,,グラスファイバー,,あり,20000,https://my.ebook5.net/greenpot/catalog/,,,,,,,
グリーンポット,EB-MR5546LG,モードライト ラウンド 55cm,ー,φ550×H460,45.0,46.0,,グラスファイバー,,あり,35000,https://my.ebook5.net/greenpot/catalog/,,,,,,,
グリーンポット,EB-MR8066LG,モードライト ラウンド 80cm,ー,φ800×H660,65.0,71.0,,グラスファイバー,,あり,90000,https://my.ebook5.net/greenpot/catalog/,,,,,,,
グリーンポット,EB-MW1165AW,モードライト ワイドエッグAW 110cm,ー,φ1090×H660,65.0,96.0,,グラスファイバー,,あり,150000,https://my.ebook5.net/greenpot/catalog/,,,,,,,
グリーンポット,EB-MW1165LG,モードライト ワイドエッグ 110cm,ー,φ1090×H660,65.0,96.0,,グラスファイバー,,あり,150000,https://my.ebook5.net/greenpot/catalog/,,,,,,,
グリーンポット,EB-MY6041AW,モードライト ローシリンダーAW 60cm,ー,φ600×H410,40.0,53.0,,グラスファイバー,,あり,45000,https://my.ebook5.net/greenpot/catalog/,,,,,,,
グリーンポット,EB-MY6041LG,モードライト ローシリンダー 60cm,ー,φ600×H410,40.0,53.0,,グラスファイバー,,あり,45000,https://my.ebook5.net/greenpot/catalog/,,,,,,,
グリーンポット,EB-MY8061AW,モードライト ローシリンダーAW 80cm,ー,φ800×H610,59.0,71.0,,グラスファイバー,,あり,105000,https://my.ebook5.net/greenpot/catalog/,,,,,,,
グリーンポット,EB-MY8061LG,モードライト ローシリンダー 80cm,ー,φ800×H610,59.0,71.0,,グラスファイバー,,あり,105000,https://my.ebook5.net/greenpot/catalog/,,,,,,,
グリーンポット,EB-OC0195LG,オクタジオ ワイド ライトグレー 95cm,ー,φ955×H600,59.0,68.0,,FRP,,あり,180000,https://my.ebook5.net/greenpot/catalog/,,,,,,,
グリーンポット,EB-OC0195MA,オクタジオ ワイド マキアート 95cm,ー,φ955×H600,59.0,68.0,,FRP,,あり,180000,https://my.ebook5.net/greenpot/catalog/,,,,,,,
グリーンポット,EB-OC0247LG,オクタジオ ミドル ライトグレー 47cm,10号,φ480×H520,49.0,34.0,,FRP,,あり,36000,https://my.ebook5.net/greenpot/catalog/,,,,,,,
グリーンポット,EB-OC0247MA,オクタジオ ミドル マキアート 47cm,10号,φ480×H520,49.0,34.0,,FRP,,あり,36000,https://my.ebook5.net/greenpot/catalog/,,,,,,,
グリーンポット,EB-OC0346LG,オクタジオ ローコア ライトグレー 46cm,10号,φ460×H400,38.5,34.0,,FRP,,あり,29000,https://my.ebook5.net/greenpot/catalog/,,,,,,,
グリーンポット,EB-OC0346MA,オクタジオ ローコア マキアート 46cm,10号,φ460×H400,38.5,34.0,,FRP,,あり,29000,https://my.ebook5.net/greenpot/catalog/,,,,,,,
グリーンポット,EB-OC0437LG,オクタジオ ハイコア ライトグレー 37cm,8号,φ370×H320,31.0,27.0,,FRP,,あり,16000,https://my.ebook5.net/greenpot/catalog/,,,,,,,
グリーンポット,EB-OC0437MA,オクタジオ ハイコア マキアート 37cm,8号,φ370×H320,31.0,27.0,,FRP,,あり,16000,https://my.ebook5.net/greenpot/catalog/,,,,,,,
グリーンポット,EB-PFL1002BK,ポットフィート ライト ブラック 10x2cm,ー,W100×D100×H20,,,,グラスファイバー,ブラック　艶無,なし,1000,https://my.ebook5.net/greenpot/catalog/,,,,,,,
グリーンポット,EB-PFL1002GY,ポットフィート ライト グレー 10x2cm,ー,W100×D100×H20,,,,FRP,グレー　　艶無,なし,1000,https://my.ebook5.net/greenpot/catalog/,,,,,,,
グリーンポット,EB-PFL1002LE,ポットフィート ライト リード 10x2cm,ー,W100×D100×H20,,,,グラスファイバー,グレー　　艶無,なし,1000,https://my.ebook5.net/greenpot/catalog/,,,,,,,
グリーンポット,EB-PFT1003BK,ポットフィート テラコッタ ブラック 10x3cm,ー,W100×D100×H20,,,,テラコッタ+塗装,ブラック　艶無,なし,450,https://my.ebook5.net/greenpot/catalog/,,,,,,,
グリーンポット,EB-PFT1003GY,ポットフィート テラコッタ グレー 10x3cm,ー,W100×D100×H20,,,,テラコッタ+塗装,グレー　　艶無,なし,450,https://my.ebook5.net/greenpot/catalog/,,,,,,,
グリーンポット,EB-PFT1003LE,ポットフィート テラコッタ リード 10x3cm,ー,W100×D100×H20,,,,テラコッタ+塗装,グレー　　艶無,なし,450,https://my.ebook5.net/greenpot/catalog/,,,,,,,
グリーンポット,EB-PL239031BM,ビアス アルトエッグ ブラック 31x36.5cm,8号,φ310×H365,35.5,27.5,,ポリストーン,ブラック　艶無,あり,9800,https://my.ebook5.net/greenpot/catalog/,,,,,,,
グリーンポット,EB-PL239031IV,ビアス アルトエッグ アイボリー31x36.5cm,8号,φ310×H365,35.5,27.5,,ポリストーン,アイボリー,あり,9800,https://my.ebook5.net/greenpot/catalog/,,,,,,,
グリーンポット,EB-PL239043BM,ビアス アルトエッグ ブラック 43x50cm,10号,φ430×H500,49.0,38.5,,ポリストーン,ブラック,あり,19800,https://my.ebook5.net/greenpot/catalog/,,,,,,,
グリーンポット,EB-PL239043IV,ビアス アルトエッグ アイボリー 43x50cm,10号,φ430×H500,49.0,38.5,,ポリストーン,アイボリー,あり,19800,https://my.ebook5.net/greenpot/catalog/,,,,,,,
グリーンポット,EB-PL240031BM,ビアス ソリッド ブラック 31x29cm,8号,φ310×H290,28.0,27.5,,ポリストーン,ブラック,あり,8800,https://my.ebook5.net/greenpot/catalog/,,,,,,,
グリーンポット,EB-PL240031IV,ビアス ソリッド アイボリー 31X29cm,8号,φ310×H290,28.0,27.5,,ポリストーン,アイボリー,あり,8800,https://my.ebook5.net/greenpot/catalog/,,,,,,,
グリーンポット,EB-PL240043BM,ビアス ソリッド ブラック 43x40cm,10号,φ430×H400,39.0,39.5,,ポリストーン,ブラック,あり,17000,https://my.ebook5.net/greenpot/catalog/,,,,,,,
グリーンポット,EB-PL240043IV,ビアス ソリッド アイボリー 43x40cm,10号,φ430×H400,39.0,39.5,,ポリストーン,アイボリー,あり,17000,https://my.ebook5.net/greenpot/catalog/,,,,,,,
グリーンポット,EB-PL241080BM,ビアス リムス ブラック 80X69cm,ー,φ800×H690,68.0,70.0,,ポリストーン,ブラック,あり,42000,https://my.ebook5.net/greenpot/catalog/,,,,,,,
グリーンポット,EB-PL241080IV,ビアス リムス アイボリー 80x69cm,ー,φ800×H690,68.0,70.0,,ポリストーン,アイボリー,あり,42000,https://my.ebook5.net/greenpot/catalog/,,,,,,,
グリーンポット,EB-PL244027BM,ビアス ソーサー ラウンド ブラック 27cm,ー,φ255×H50,4.5,23.0,,ポリストーン,ブラック,なし,2500,https://my.ebook5.net/greenpot/catalog/,,,,,,,
グリーンポット,EB-PL244027IV,ビアス ソーサー ラウンド アイボリー 27cm,ー,φ255×H50,4.5,23.0,,ポリストーン,アイボリー,なし,2500,https://my.ebook5.net/greenpot/catalog/,,,,,,,
グリーンポット,EB-PL244034BM,ビアス ソーサー ラウンド ブラック 34cm,ー,φ340×H50,4.5,32.0,,ポリストーン,ブラック,なし,3500,https://my.ebook5.net/greenpot/catalog/,,,,,,,
グリーンポット,EB-PL244034IV,ビアス ソーサー ラウンド アイボリー 34cm,ー,φ340×H50,4.5,32.0,,ポリストーン,アイボリー,なし,3500,https://my.ebook5.net/greenpot/catalog/,,,,,,,
グリーンポット,EB-PL872030BM,リガンデ キューブ ブラック 30cm,8号,W300×D300×H300,29.0,25.0,25.0,ポリストーン,ブラック,あり,13000,https://my.ebook5.net/greenpot/catalog/,,,,,,,
グリーンポット,EB-PL872030IV,リガンデ キューブ アイボリー 30cm,8号,W300×D300×H300,29.0,25.0,25.0,ポリストーン,アイボリー,あり,13000,https://my.ebook5.net/greenpot/catalog/,,,,,,,
グリーンポット,EB-PL872040BM,リガンデ キューブ ブラック 40cm,10号,W400×D400×H400,38.0,32.5,32.5,ポリストーン,ブラック,あり,19000,https://my.ebook5.net/greenpot/catalog/,,,,,,,
グリーンポット,EB-PL872040IV,リガンデ キューブ アイボリー 40cm,10号,W400×D400×H400,38.0,32.5,32.5,ポリストーン,アイボリー,あり,19000,https://my.ebook5.net/greenpot/catalog/,,,,,,,
グリーンポット,EB-PL872050BM,リガンデ キューブ ブラック 50cm,ー,W500×D500×H500,48.0,42.0,42.0,ポリストーン,ブラック,あり,33000,https://my.ebook5.net/greenpot/catalog/,,,,,,,
グリーンポット,EB-PL872050IV,リガンデ キューブ アイボリー 50cm,ー,W500×D500×H500,48.0,42.0,42.0,ポリストーン,アイボリー,あり,33000,https://my.ebook5.net/greenpot/catalog/,,,,,,,
グリーンポット,EB-PL872060BM,リガンデ キューブ ブラック 60cm,ー,W600×D600×H600,58.0,52.0,52.0,ポリストーン,ブラック,あり,48000,https://my.ebook5.net/greenpot/catalog/,,,,,,,
グリーンポット,EB-PL872060IV,リガンデ キューブ アイボリー 60cm,ー,W600×D600×H600,58.0,52.0,52.0,ポリストーン,アイボリー,あり,48000,https://my.ebook5.net/greenpot/catalog/,,,,,,,
グリーンポット,EB-PL873020BM,リガンデ プランター ブラック 60cm,ー,W600×D200×H200,18.0,53.5,13.5,ポリストーン,ブラック,あり,12000,https://my.ebook5.net/greenpot/catalog/,,,,,,,
グリーンポット,EB-PL873020IV,リガンデ プランター アイボリー 60cm,ー,W600×D200×H200,18.0,53.5,13.5,ポリストーン,アイボリー,あり,12000,https://my.ebook5.net/greenpot/catalog/,,,,,,,
グリーンポット,EB-PL873031BM,リガンデ プランター ブラック 80cm,ー,W800×D310×H310,29.0,71.5,22.0,ポリストーン,ブラック,あり,30000,https://my.ebook5.net/greenpot/catalog/,,,,,,,
グリーンポット,EB-PL873031IV,リガンデ プランター アイボリー 80cm,ー,W800×D310×H310,29.0,71.5,22.0,ポリストーン,アイボリー,あり,30000,https://my.ebook5.net/greenpot/catalog/,,,,,,,
グリーンポット,EB-PL873045BM,リガンデ プランター ブラック 100cm,ー,W1000×D450×H450,43.0,90.0,36.0,ポリストーン,ブラック,あり,52000,https://my.ebook5.net/greenpot/catalog/,,,,,,,
グリーンポット,EB-PL873045IV,リガンデ プランター アイボリー 100cm,ー,W1000×D450×H450,43.0,90.0,36.0,ポリストーン,アイボリー,あり,52000,https://my.ebook5.net/greenpot/catalog/,,,,,,,
グリーンポット,EB-PT0135BK,プラスター バルーン ブラック 35cm,8号,φ350×H350,34.0,27.0,,FRP,ブラック,あり,15000,https://my.ebook5.net/greenpot/catalog/,,,,,,,
グリーンポット,EB-PT0135WH,プラスター バルーン ホワイト 35cm,8号,φ350×H350,34.0,27.0,,FRP,ホワイト,あり,15000,https://my.ebook5.net/greenpot/catalog/,,,,,,,
グリーンポット,EB-PT0142BK,プラスター バルーン ブラック 42cm,10号,φ420×H420,41.0,33.0,,FRP,ブラック,あり,20000,https://my.ebook5.net/greenpot/catalog/,,,,,,,
グリーンポット,EB-PT0142WH,プラスター バルーン ホワイト 42cm,10号,φ420×H420,41.0,33.0,,FRP,ホワイト,あり,20000,https://my.ebook5.net/greenpot/catalog/,,,,,,,
グリーンポット,EB-PT0245BK,プラスター Uポット ブラック 45cm,10号,φ450×H370,36.0,37.0,,FRP,ブラック,あり,24000,https://my.ebook5.net/greenpot/catalog/,,,,,,,
グリーンポット,EB-PT0245WH,プラスター Uポット ホワイト 45cm,10号,φ450×H370,36.0,37.0,,FRP,ホワイト,あり,24000,https://my.ebook5.net/greenpot/catalog/,,,,,,,
グリーンポット,EB-PT0255BK,プラスター Uポット ブラック 55cm,ー,φ550×H450,43.0,46.5,,FRP,ブラック,あり,35000,https://my.ebook5.net/greenpot/catalog/,,,,,,,
グリーンポット,EB-PT0255WH,プラスター Uポット ホワイト 55cm,ー,φ550×H450,43.0,46.5,,FRP,ホワイト,あり,35000,https://my.ebook5.net/greenpot/catalog/,,,,,,,
グリーンポット,EB-PT0272BK,プラスター Uポット ブラック 72cm,ー,φ720×H560,54.0,60.0,,FRP,ブラック,あり,98000,https://my.ebook5.net/greenpot/catalog/,,,,,,,
グリーンポット,EB-PT0272WH,プラスター Uポット ホワイト 72cm,ー,φ720×H560,54.0,60.0,,FRP,ホワイト,あり,98000,https://my.ebook5.net/greenpot/catalog/,,,,,,,
グリーンポット,EB-PT0290BK,プラスター Uポット ブラック 90cm,ー,φ900×H700,67.0,75.0,,FRP,ブラック,あり,150000,https://my.ebook5.net/greenpot/catalog/,,,,,,,
グリーンポット,EB-PT0290WH,プラスター Uポット ホワイト 90cm,ー,φ900×H700,67.0,75.0,,FRP,ホワイト,あり,150000,https://my.ebook5.net/greenpot/catalog/,,,,,,,
グリーンポット,EB-PT0312BK,プラスター ボウル ブラック 120cm,ー,φ1200×H690,66.5,106.0,,FRP,ブラック,あり,260000,https://my.ebook5.net/greenpot/catalog/,,,,,,,
グリーンポット,EB-PT0312WH,プラスター ボウル ホワイト 120cm,ー,φ1200×H690,66.5,106.0,,FRP,ホワイト,あり,260000,https://my.ebook5.net/greenpot/catalog/,,,,,,,
グリーンポット,EB-PT0390BK,プラスター ボウル ブラック 90cm,ー,φ900×H440,42.0,76.0,,FRP,ブラック,あり,95000,https://my.ebook5.net/greenpot/catalog/,,,,,,,
グリーンポット,EB-PT0390WH,プラスター ボウル ホワイト 90cm,ー,φ900×H440,42.0,76.0,,FRP,ホワイト,あり,95000,https://my.ebook5.net/greenpot/catalog/,,,,,,,
グリーンポット,EB-RI3331AW,リッジ アンティークホワイト 33㎝,8号,φ330×H310,30.0,28.0,,グラスファイバー,ホワイト　艶無,あり,13000,https://my.ebook5.net/greenpot/catalog/,,,,,,,
グリーンポット,EB-RI3331NC,リッジ ナチュラルコンクリート 33㎝,8号,φ330×H310,30.0,28.0,,グラスファイバー,グレー　　艶無,あり,13000,https://my.ebook5.net/greenpot/catalog/,,,,,,,
グリーンポット,EB-RI3331RU,リッジ ラスティアイアン 33㎝,8号,φ330×H310,30.0,28.0,,グラスファイバー,ブラウン　艶無,あり,13000,https://my.ebook5.net/greenpot/catalog/,,,,,,,
グリーンポット,EB-RI4740AW,リッジ アンティークホワイト 47㎝,10号,φ470×H400,39.0,42.0,,グラスファイバー,ホワイト　艶無,あり,23000,https://my.ebook5.net/greenpot/catalog/,,,,,,,
グリーンポット,EB-RI4740NC,リッジ ナチュラルコンクリート 47㎝,10号,φ470×H400,39.0,42.0,,グラスファイバー,グレー　　艶無,あり,23000,https://my.ebook5.net/greenpot/catalog/,,,,,,,
グリーンポット,EB-RI4740RU,リッジ ラスティアイアン 47㎝,10号,φ470×H400,39.0,42.0,,グラスファイバー,ブラウン　艶無,あり,23000,https://my.ebook5.net/greenpot/catalog/,,,,,,,
グリーンポット,EB-RJ3635AB,ルノ ジャー アンティークブラック 36cm,8号,φ367×H352,33.7,25.5,,FRP,アンティークブラック,あり,15000,https://my.ebook5.net/greenpot/catalog/,,,,,,,
グリーンポット,EB-RJ3635AW,ルノ ジャー アンティークホワイト 36cm,8号,φ367×H352,33.7,25.5,,FRP,アンティークホワイト,あり,15000,https://my.ebook5.net/greenpot/catalog/,,,,,,,
グリーンポット,EB-RJ3635CP,ルノ ジャー カプチーノ 36cm,8号,φ367×H352,33.7,25.5,,FRP,カプチーノ,あり,15000,https://my.ebook5.net/greenpot/catalog/,,,,,,,
グリーンポット,EB-RJ4846AB,ルノ ジャー アンティークブラック 48cm,10号,φ480×H462,44.7,34.0,,FRP,アンティークブラック,あり,28000,https://my.ebook5.net/greenpot/catalog/,,,,,,,
グリーンポット,EB-RJ4846AW,ルノ ジャー アンティークホワイト 48cm,10号,φ480×H462,44.7,34.0,,FRP,アンティークホワイト,あり,28000,https://my.ebook5.net/greenpot/catalog/,,,,,,,
グリーンポット,EB-RJ4846CP,ルノ ジャー カプチーノ 48cm,10号,φ480×H462,44.7,34.0,,FRP,カプチーノ,あり,28000,https://my.ebook5.net/greenpot/catalog/,,,,,,,
グリーンポット,EB-RS4435AB,ルノ シャロージャー アンティークブラック 44cm,9号,φ445×H352,33.7,29.0,,FRP,アンティークブラック,あり,22000,https://my.ebook5.net/greenpot/catalog/,,,,,,,
グリーンポット,EB-RS4435AW,ルノ シャロージャー アンティークホワイト 44cm,9号,φ445×H352,33.7,29.0,,FRP,アンティークホワイト,あり,22000,https://my.ebook5.net/greenpot/catalog/,,,,,,,
グリーンポット,EB-RS4435CP,ルノ シャロージャー カプチーノ 44cm,9号,φ445×H352,33.7,29.0,,FRP,カプチーノ,あり,22000,https://my.ebook5.net/greenpot/catalog/,,,,,,,
グリーンポット,EB-RT4862AB,ルノ トールジャー アンティークブラック 48cm,10号,φ480×H622,60.7,34.0,,FRP,アンティークブラック,あり,36000,https://my.ebook5.net/greenpot/catalog/,,,,,,,
グリーンポット,EB-RT4862AW,ルノ トールジャー アンティークホワイト 48cm,10号,φ480×H622,60.7,34.0,,FRP,アンティークホワイト,あり,36000,https://my.ebook5.net/greenpot/catalog/,,,,,,,
グリーンポット,EB-RT4862CP,ルノ トールジャー カプチーノ 48cm,10号,φ480×H622,60.7,34.0,,FRP,カプチーノ,あり,36000,https://my.ebook5.net/greenpot/catalog/,,,,,,,
グリーンポット,EB-SL225030BLW,フォリオ エッグ ブラックウォシュ 30x28cm,ー,φ300×H280,26.0,26.5,,軽量コンクリート,ブラックウォッシュ,あり,5800,https://my.ebook5.net/greenpot/catalog/,,,,,,,
グリーンポット,EB-SL225030CR,フォリオ エッグ クリーム 30x28cm,ー,φ300×H280,26.0,26.5,,軽量コンクリート,クリーム,あり,5800,https://my.ebook5.net/greenpot/catalog/,,,,,,,
グリーンポット,EB-SL226031BLW,フォリオ アルトエッグ ブラックウォシュ 31x36.5cm,8号,φ310×H365,35.0,27.0,,軽量コンクリート,ブラックウォッシュ,あり,8800,https://my.ebook5.net/greenpot/catalog/,,,,,,,
グリーンポット,EB-SL226031CR,フォリオ アルトエッグ クリーム 31x36.5cm,8号,φ310×H365,35.0,27.0,,軽量コンクリート,クリーム,あり,8800,https://my.ebook5.net/greenpot/catalog/,,,,,,,
グリーンポット,EB-SL226043BLW,フォリオ アルトエッグ ブラックウォシュ 43x50cm,10号,φ430×H500,48.0,38.5,,軽量コンクリート,ブラックウォッシュ,あり,18000,https://my.ebook5.net/greenpot/catalog/,,,,,,,
グリーンポット,EB-SL226043CR,フォリオ アルトエッグ クリーム 43x50cm,10号,φ430×H500,48.0,38.5,,軽量コンクリート,クリーム,あり,18000,https://my.ebook5.net/greenpot/catalog/,,,,,,,
グリーンポット,EB-SO0133CO,ソマリ ヘキサゴン コットテラ 33cm,７号,φ330×H345,33.0,25.0,,FRP,コットテラ,あり,14500,https://my.ebook5.net/greenpot/catalog/,,,,,,,
グリーンポット,EB-SO0133ES,ソマリ ヘキサゴン エスプレッソ 33cm,７号,φ330×H345,33.0,25.0,,FRP,エスプレッソ,あり,14500,https://my.ebook5.net/greenpot/catalog/,,,,,,,
グリーンポット,EB-SO0133GE,ソマリ ヘキサゴン グレージュ 33cm,７号,φ330×H345,33.0,25.0,,FRP,グレージュ,あり,14500,https://my.ebook5.net/greenpot/catalog/,,,,,,,
グリーンポット,EB-SO0133YE,ソマリ ヘキサゴン イエロー 33cm,７号,φ330×H345,33.0,25.0,,FRP,イエロー,あり,14500,https://my.ebook5.net/greenpot/catalog/,,,,,,,
グリーンポット,EB-SO0143CO,ソマリ ヘキサゴン コットテラ 43.5cm,10号,φ435×H450,43.0,33.0,,FRP,コットテラ,あり,27500,https://my.ebook5.net/greenpot/catalog/,,,,,,,
グリーンポット,EB-SO0143ES,ソマリ ヘキサゴン エスプレッソ 43.5cm,10号,φ435×H450,43.0,33.0,,FRP,エスプレッソ,あり,27500,https://my.ebook5.net/greenpot/catalog/,,,,,,,
グリーンポット,EB-SO0143GE,ソマリ ヘキサゴン グレージュ 43.5cm,10号,φ435×H450,43.0,33.0,,FRP,グレージュ,あり,27500,https://my.ebook5.net/greenpot/catalog/,,,,,,,
グリーンポット,EB-SO0143YE,ソマリ ヘキサゴン イエロー 43.5cm,10号,φ435×H450,43.0,33.0,,FRP,イエロー,あり,27500,https://my.ebook5.net/greenpot/catalog/,,,,,,,
グリーンポット,EB-T225023A,ルーガ アンティコ エッグ 23x22cm,ー,φ230×H220,21.0,19.0,,テラコッタ,,あり,3200,https://my.ebook5.net/greenpot/catalog/,,,,,,,
グリーンポット,EB-T225030A,ルーガ アンティコ エッグ 30x28,ー,φ300×H280,27.0,27.0,,テラコッタ,,あり,5200,https://my.ebook5.net/greenpot/catalog/,,,,,,,
グリーンポット,EB-T226031A,ルーガ アンティコ アルトエッグ 31x36cm,8号,φ310×H360,35.0,27.0,,テラコッタ,,あり,8000,https://my.ebook5.net/greenpot/catalog/,,,,,,,
グリーンポット,EB-T226043A,ルーガ アンティコ アルトエッグ 43x50cm,10号,φ430×H500,49.0,39.5,,テラコッタ,,あり,18000,https://my.ebook5.net/greenpot/catalog/,,,,,,,
グリーンポット,EB-T227031A,ルーガ アンティコ ソリッド 31x29cm,8号,φ310×H290,28.0,26.0,,テラコッタ,,あり,6000,https://my.ebook5.net/greenpot/catalog/,,,,,,,
グリーンポット,EB-T227043A,ルーガ アンティコ ソリッド 43x40cm,10号,φ430×H400,39.0,38.5,,テラコッタ,,あり,14000,https://my.ebook5.net/greenpot/catalog/,,,,,,,
グリーンポット,EB-TB3030AB,テラニアス バルーン アンティークブラウン 30cm,7号,φ300×H300,29.0,23.0,,グラスファイバー,ブラウン　艶無,あり,8500,https://my.ebook5.net/greenpot/catalog/,,,,,,,
グリーンポット,EB-TB3030AW,テラニアス バルーン アンティークホワイト 30cm,7号,φ300×H300,29.0,23.0,,グラスファイバー,ホワイト　艶無,あり,8500,https://my.ebook5.net/greenpot/catalog/,,,,,,,
グリーンポット,EB-TB3535AB,テラニアス バルーン アンティークブラウン 35cm,8号,φ350×H350,34.0,27.0,,FRP,ブラウン　艶無,あり,13000,https://my.ebook5.net/greenpot/catalog/,,,,,,,
グリーンポット,EB-TB3535AW,テラニアス バルーン アンティークホワイト 35cm,8号,φ350×H350,34.0,27.0,,FRP,ホワイト　艶無,あり,13000,https://my.ebook5.net/greenpot/catalog/,,,,,,,
グリーンポット,EB-TB4242AB,テラニアス バルーン アンティークブラウン 42cm,10号,φ420×H420,41.0,33.0,,グラスファイバー,ブラウン　艶無,あり,17500,https://my.ebook5.net/greenpot/catalog/,,,,,,,
グリーンポット,EB-TB4242AW,テラニアス バルーン アンティークホワイト 42cm,10号,φ420×H420,41.0,33.0,,グラスファイバー,ホワイト　艶無,あり,17500,https://my.ebook5.net/greenpot/catalog/,,,,,,,
グリーンポット,EB-TB5555AB,テラニアス バルーン アンティークブラウン 55cm,ー,φ550×H550,53.0,44.0,,グラスファイバー,ブラウン　艶無,あり,36000,https://my.ebook5.net/greenpot/catalog/,,,,,,,
グリーンポット,EB-TB5555AW,テラニアス バルーン アンティークホワイト 55cm,ー,φ550×H550,53.0,44.0,,グラスファイバー,ホワイト　艶無,あり,36000,https://my.ebook5.net/greenpot/catalog/,,,,,,,
グリーンポット,EB-TC3033,テラサモ コニック 30cm,8号,φ320×H340,33.0,27.0,,テラコッタ,,あり,8200,https://my.ebook5.net/greenpot/catalog/,,,,,,,
グリーンポット,EB-TC4043,テラサモ コニック 40cm,10号,φ400×H430,42.0,35.0,,テラコッタ,,あり,17000,https://my.ebook5.net/greenpot/catalog/,,,,,,,
グリーンポット,EB-TC5054,テラサモ コニック 50cm,ー,φ500×H540,53.0,45.0,,テラコッタ,,あり,34000,https://my.ebook5.net/greenpot/catalog/,,,,,,,
グリーンポット,EB-TL4234AB,テラニアス ローバルーン アンティークブラウン 42cm,10号,φ420×H340,33.0,32.5,,グラスファイバー,ブラウン　艶無,あり,15200,https://my.ebook5.net/greenpot/catalog/,,,,,,,
グリーンポット,EB-TL4234AW,テラニアス ローバルーン アンティークホワイト 42cm,10号,φ420×H340,33.0,32.5,,グラスファイバー,ホワイト　艶無,あり,15200,https://my.ebook5.net/greenpot/catalog/,,,,,,,
グリーンポット,EB-TL5545AB,テラニアス ローバルーン アンティークブラウン 55cm,ー,φ550×H450,44.0,42.5,,グラスファイバー,ブラウン　艶無,あり,33000,https://my.ebook5.net/greenpot/catalog/,,,,,,,
グリーンポット,EB-TL5545AW,テラニアス ローバルーン アンティークホワイト 55cm,ー,φ550×H450,44.0,42.5,,グラスファイバー,ホワイト　艶無,あり,33000,https://my.ebook5.net/greenpot/catalog/,,,,,,,
グリーンポット,EB-TS2725,テラサモ スラント 27cm,,φ270×H260,25.0,21.5,,テラコッタ,,あり,8000,https://my.ebook5.net/greenpot/catalog/,,,,,,,
グリーンポット,EB-TS3121,テラサモ ロースラント 31cm,ー,φ310×H220,20.0,28.0,,テラコッタ,,あり,7200,https://my.ebook5.net/greenpot/catalog/,,,,,,,
グリーンポット,EB-TS4037,テラサモ スラント 40cm,10号,φ400×H380,37.0,32.0,,テラコッタ,,あり,17000,https://my.ebook5.net/greenpot/catalog/,,,,,,,
グリーンポット,EB-TS4228,テラサモ ロースラント 42cm,ー,φ420×H290,27.0,36.0,,テラコッタ,,あり,14000,https://my.ebook5.net/greenpot/catalog/,,,,,,,
グリーンポット,EB-TS5537,テラサモ ロースラント 55cm,ー,φ550×H380,35.0,47.0,,テラコッタ,,あり,28000,https://my.ebook5.net/greenpot/catalog/,,,,,,,
グリーンポット,EB-TS5550,テラサモ スラント 55cm,ー,φ550×H500,47.0,45.0,,テラコッタ,,あり,35000,https://my.ebook5.net/greenpot/catalog/,,,,,,,
グリーンポット,EB-VL3232BK,ラヴァライト Uポット ブラック 32cm,8号,φ320×H320,31.0,27.0,,グラスファイバー,ブラック,あり,11000,https://my.ebook5.net/greenpot/catalog/,,,,,,,
グリーンポット,EB-VL3232CR,ラヴァライト Uポット クリーム 32cm,8号,φ320×H320,31.0,27.0,,グラスファイバー,クリーム,あり,11000,https://my.ebook5.net/greenpot/catalog/,,,,,,,
グリーンポット,EB-VL3232GY,ラヴァライト Uポット グレー 32cm,8号,φ320×H320,31.0,27.0,,グラスファイバー,グレー,あり,11000,https://my.ebook5.net/greenpot/catalog/,,,,,,,
グリーンポット,EB-VL3245BK,ラヴァライト トールラウンド ブラック 32cm,8号,φ320×H450,44.0,26.0,,グラスファイバー,ブラック,あり,16000,https://my.ebook5.net/greenpot/catalog/,,,,,,,
グリーンポット,EB-VL3245CR,ラヴァライト トールラウンド クリーム 32cm,8号,φ320×H450,44.0,26.0,,グラスファイバー,クリーム,あり,16000,https://my.ebook5.net/greenpot/catalog/,,,,,,,
グリーンポット,EB-VL3245GY,ラヴァライト トールラウンド グレー 32cm,8号,φ320×H450,44.0,26.0,,グラスファイバー,グレー,あり,16000,https://my.ebook5.net/greenpot/catalog/,,,,,,,
グリーンポット,EB-VL4141BK,ラヴァライト Uポット ブラック 41cm,10号,φ410×H410,40.0,36.0,,グラスファイバー,ブラック,あり,22000,https://my.ebook5.net/greenpot/catalog/,,,,,,,
グリーンポット,EB-VL4141CR,ラヴァライト Uポット クリーム 41cm,10号,φ410×H410,40.0,36.0,,グラスファイバー,クリーム,あり,22000,https://my.ebook5.net/greenpot/catalog/,,,,,,,
グリーンポット,EB-VL4141GY,ラヴァライト Uポット グレー 41cm,10号,φ410×H410,40.0,36.0,,グラスファイバー,グレー,あり,22000,https://my.ebook5.net/greenpot/catalog/,,,,,,,
グリーンポット,EB-VO3329BK,ボルカーノ ラウンド Fブラック 33cm,8号,φ330×H290,28.0,28.0,,釉薬陶器,Ｆブラック,あり,10000,https://my.ebook5.net/greenpot/catalog/,,,,,,,
グリーンポット,EB-VO3329CR,ボルカーノ ラウンド クリーム 33cm,ー,φ330×H290,28.0,28.0,,釉薬陶器,クリーム,あり,10000,https://my.ebook5.net/greenpot/catalog/,,,,,,,
グリーンポット,EB-VO3341BK,ボルカーノ トールラウンド Fブラック 33cm,8号,φ330×H410,40.0,28.5,,釉薬陶器,Ｆブラック,あり,17000,https://my.ebook5.net/greenpot/catalog/,,,,,,,
グリーンポット,EB-VO3341CR,ボルカーノ トールラウンド クリーム 33cm,ー,φ330×H410,40.0,28.5,,釉薬陶器,クリーム,あり,17000,https://my.ebook5.net/greenpot/catalog/,,,,,,,
グリーンポット,EB-VO3935BK,ボルカーノラウンド Fブラック 39cm,9号,φ390×H350,32.0,32.0,,釉薬陶器,Ｆブラック,あり,16000,https://my.ebook5.net/greenpot/catalog/,,,,,,,
グリーンポット,EB-VO3935CR,ボルカーノ ラウンド クリーム 39cm,ー,φ390×H350,32.0,32.0,,釉薬陶器,クリーム,あり,16000,https://my.ebook5.net/greenpot/catalog/,,,,,,,
グリーンポット,EB-VO4354BK,ボルカーノ トールラウンド Fブラック 43cm,10号,φ430×H540,52.0,36.5,,釉薬陶器,Ｆブラック,あり,29000,https://my.ebook5.net/greenpot/catalog/,,,,,,,
グリーンポット,EB-VO4354CR,ボルカーノ トールラウンド クリーム 43cm,ー,φ430×H540,52.0,36.5,,釉薬陶器,クリーム,あり,29000,https://my.ebook5.net/greenpot/catalog/,,,,,,,
グリーンポット,EB-VO4640BK,ボルカーノ ラウンド Fブラック 46cm,10号,φ460×H400,37.0,40.0,,釉薬陶器,Ｆブラック,あり,24000,https://my.ebook5.net/greenpot/catalog/,,,,,,,
グリーンポット,EB-VO4640CR,ボルカーノ ラウンドクリーム 46cm,ー,φ460×H400,37.0,40.0,,釉薬陶器,クリーム,あり,24000,https://my.ebook5.net/greenpot/catalog/,,,,,,,
グリーンポット,EG-001-110,人工芝モンテカルロ1mX10mXH3.2cm,ー,W1000×D10000×H32,,,,芝：ポリエチレン　生地：ポリプロピレン,,不明,150000,https://my.ebook5.net/greenpot/catalog/,,,,,,,
グリーンポット,EG-002-110,人工芝ロンドン1mx10mXH3.0cm,ー,W1000×D10000×H30,,,,芝：ポリエチレン　生地：ポリプロピレン,,不明,150000,https://my.ebook5.net/greenpot/catalog/,,,,,,,
グリーンポット,ET-AD20BK,ポットコースター ブラック 20cm,ー,W0×D0×H0,,,,,ブラック,あり,380,https://my.ebook5.net/greenpot/catalog/,,,,,,,
グリーンポット,ET-AD20GN,ポットコースター グリーン 20cm,ー,W0×D0×H0,,,,,グリーン,あり,380,https://my.ebook5.net/greenpot/catalog/,,,,,,,
グリーンポット,ET-AD30BK,ポットコースター ブラック 30cm,ー,W0×D0×H0,,,,,ブラック,あり,680,https://my.ebook5.net/greenpot/catalog/,,,,,,,
グリーンポット,ET-AD30GN,ポットコースター グリーン 30cm,ー,W0×D0×H0,,,,,グリーン,あり,680,https://my.ebook5.net/greenpot/catalog/,,,,,,,
グリーンポット,ET-AD40BK,ポットコースター ブラック 40cm,ー,W0×D0×H0,,,,,ブラック,あり,980,https://my.ebook5.net/greenpot/catalog/,,,,,,,
グリーンポット,ET-AD40GN,ポットコースター グリーン 40cm,ー,W0×D0×H0,,,,,グリーン,あり,980,https://my.ebook5.net/greenpot/catalog/,,,,,,,
グリーンポット,GA-0140GY,バスク キューブ 40cm グレー,10号,W395×D395×H400,39.0,34.5,34.5,ファイバークレイ,グレー　　艶無,あり,12000,https://my.ebook5.net/greenpot/catalog/,,,,,,,
グリーンポット,GA-0140WH,バスク キューブ 40cm ホワイト,10号,W395×D395×H400,39.0,34.5,34.5,ファイバークレイ,ホワイト　艶無,あり,12000,https://my.ebook5.net/greenpot/catalog/,,,,,,,
グリーンポット,GA-0150GY,バスク キューブ 50cm グレー,ー,W500×D500×H510,50.0,44.0,44.0,ファイバークレイ,グレー　　艶無,あり,19000,https://my.ebook5.net/greenpot/catalog/,,,,,,,
グリーンポット,GA-0150WH,バスク キューブ 50cm ホワイト,ー,W500×D500×H510,50.0,44.0,44.0,ファイバークレイ,ホワイト　艶無,あり,19000,https://my.ebook5.net/greenpot/catalog/,,,,,,,
グリーンポット,GA-0160GY,バスク キューブ 60cm グレー,ー,W600×D600×H600,59.0,54.0,54.0,ファイバークレイ,グレー　　艶無,あり,29000,https://my.ebook5.net/greenpot/catalog/,,,,,,,
グリーンポット,GA-0160WH,バスク キューブ 60cm ホワイト,ー,W600×D600×H600,59.0,54.0,54.0,ファイバークレイ,ホワイト　艶無,あり,29000,https://my.ebook5.net/greenpot/catalog/,,,,,,,
グリーンポット,GA-0260GY,バスク プランター 60cm グレー,ー,W590×D300×H305,30.0,53.5,24.5,ファイバークレイ,グレー　　艶無,あり,13000,https://my.ebook5.net/greenpot/catalog/,,,,,,,
グリーンポット,GA-0260WH,バスク プランター 60cm ホワイト,ー,W590×D300×H305,30.0,53.5,24.5,ファイバークレイ,ホワイト　艶無,あり,13000,https://my.ebook5.net/greenpot/catalog/,,,,,,,
グリーンポット,GA-0280GY,バスク プランター 80cm グレー,ー,W790×D375×H375,36.5,72.5,31.0,ファイバークレイ,グレー　　艶無,あり,24000,https://my.ebook5.net/greenpot/catalog/,,,,,,,
グリーンポット,GA-0280WH,バスク プランター 80cm ホワイト,ー,W790×D375×H375,36.5,72.5,31.0,ファイバークレイ,ホワイト　艶無,あり,24000,https://my.ebook5.net/greenpot/catalog/,,,,,,,
グリーンポット,GA-0299GY,バスク プランター 100cm グレー,ー,W990×D460×H460,45.0,91.0,38.5,ファイバークレイ,グレー　　艶無,あり,36000,https://my.ebook5.net/greenpot/catalog/,,,,,,,
グリーンポット,GA-0299WH,バスク プランター 100cm ホワイト,ー,W990×D460×H460,45.0,91.0,38.5,ファイバークレイ,ホワイト　艶無,あり,36000,https://my.ebook5.net/greenpot/catalog/,,,,,,,
グリーンポット,GA-0343GY,バスク ラウンド 43cm グレー,10号,φ430×H410,40.0,38.0,,ファイバークレイ,グレー　　艶無,あり,12000,https://my.ebook5.net/greenpot/catalog/,,,,,,,
グリーンポット,GA-0343WH,バスク ラウンド 43cm ホワイト,10号,φ430×H410,40.0,38.0,,ファイバークレイ,ホワイト　艶無,あり,12000,https://my.ebook5.net/greenpot/catalog/,,,,,,,
グリーンポット,GA-0351GY,バスク ラウンド 51cm グレー,ー,φ510×H500,49.0,46.0,,ファイバークレイ,グレー　　艶無,あり,19000,https://my.ebook5.net/greenpot/catalog/,,,,,,,
グリーンポット,GA-0351WH,バスク ラウンド 51cm ホワイト,ー,φ510×H500,49.0,46.0,,ファイバークレイ,ホワイト　艶無,あり,19000,https://my.ebook5.net/greenpot/catalog/,,,,,,,
グリーンポット,GA-0537GY,バスク ミドル 37cm グレー,8号,φ370×H460,45.0,32.5,,ファイバークレイ,グレー　　艶無,あり,13000,https://my.ebook5.net/greenpot/catalog/,,,,,,,
グリーンポット,GA-0537WH,バスク ミドル 37cm ホワイト,8号,φ370×H460,45.0,32.5,,ファイバークレイ,ホワイト　艶無,あり,13000,https://my.ebook5.net/greenpot/catalog/,,,,,,,
グリーンポット,GA-0544GY,バスク ミドル 44cm グレー,10号,φ440×H550,54.0,39.0,,ファイバークレイ,グレー　　艶無,あり,20000,https://my.ebook5.net/greenpot/catalog/,,,,,,,
グリーンポット,GA-0544WH,バスク ミドル 44cm ホワイト,10号,φ440×H550,54.0,39.0,,ファイバークレイ,ホワイト　艶無,あり,20000,https://my.ebook5.net/greenpot/catalog/,,,,,,,
グリーンポット,GA-1832BR,ファントム Uポット ブラウン 32cm,8号,φ320×H320,30.5,28.0,,ファイバークレイ,ブラウン　艶有,あり,8000,https://my.ebook5.net/greenpot/catalog/,,,,,,,
グリーンポット,GA-1832GY,ファントム Uポット グレー 32cm,8号,φ320×H320,30.5,28.0,,ファイバークレイ,グレー　　艶有,あり,8000,https://my.ebook5.net/greenpot/catalog/,,,,,,,
グリーンポット,GA-1840BR,ファントム Uポット ブラウン 40cm,10号,φ400×H420,40.0,36.0,,ファイバークレイ,ブラウン　艶有,あり,14000,https://my.ebook5.net/greenpot/catalog/,,,,,,,
グリーンポット,GA-1840GY,ファントム Uポット グレー 40cm,10号,φ400×H420,40.0,36.0,,ファイバークレイ,グレー　　艶有,あり,14000,https://my.ebook5.net/greenpot/catalog/,,,,,,,
グリーンポット,GA-2035BR,ファントム ラウンド ブラウン 35cm,8号,φ350×H330,31.0,30.0,,ファイバークレイ,ブラウン　艶有,あり,7500,https://my.ebook5.net/greenpot/catalog/,,,,,,,
グリーンポット,GA-2035GY,ファントム ラウンド グレー 35cm,8号,φ350×H330,31.0,30.0,,ファイバークレイ,グレー　　艶有,あり,7500,https://my.ebook5.net/greenpot/catalog/,,,,,,,
グリーンポット,GA-2042BR,ファントム ラウンド ブラウン 42cm,10号,φ420×H400,38.0,37.0,,ファイバークレイ,ブラウン　艶有,あり,13000,https://my.ebook5.net/greenpot/catalog/,,,,,,,
グリーンポット,GA-2042GY,ファントム ラウンド グレー 42cm,10号,φ420×H400,38.0,37.0,,ファイバークレイ,グレー　　艶有,あり,13000,https://my.ebook5.net/greenpot/catalog/,,,,,,,
グリーンポット,GA-2135BK,エイリアス ラウンド ブラック 35cm,8号,φ350×H345,32.5,30.0,,ファイバークレイ,ブラック　艶無,あり,8500,https://my.ebook5.net/greenpot/catalog/,,,,,,,
グリーンポット,GA-2135WG,エイリアス ラウンド Wグレー 35cm,8号,φ350×H345,32.5,30.0,,ファイバークレイ,ホワイト　艶無,あり,8500,https://my.ebook5.net/greenpot/catalog/,,,,,,,
グリーンポット,GA-2143BK,エイリアス ラウンド ブラック 43cm,10号,φ430×H430,41.0,38.0,,ファイバークレイ,ブラック　艶無,あり,13000,https://my.ebook5.net/greenpot/catalog/,,,,,,,
グリーンポット,GA-2143WG,エイリアス ラウンド Wグレー 43cm,10号,φ430×H430,41.0,38.0,,ファイバークレイ,ホワイト　艶無,あり,13000,https://my.ebook5.net/greenpot/catalog/,,,,,,,
グリーンポット,GA-2240BK,エイリアス キューブ ブラック 40cm,10号,W400×D400×H410,39.5,35.0,35.0,ファイバークレイ,ブラック　艶無,あり,13000,https://my.ebook5.net/greenpot/catalog/,,,,,,,
グリーンポット,GA-2240WG,エイリアス キューブ Wグレー 40cm,10号,W400×D400×H410,39.5,35.0,35.0,ファイバークレイ,ホワイト　艶無,あり,13000,https://my.ebook5.net/greenpot/catalog/,,,,,,,
グリーンポット,GA-2250BK,エイリアス キューブ ブラック 50cm,ー,W500×D500×H510,49.0,44.5,44.5,ファイバークレイ,ブラック　艶無,あり,19000,https://my.ebook5.net/greenpot/catalog/,,,,,,,
グリーンポット,GA-2250WG,エイリアス キューブ Wグレー 50cm,ー,W500×D500×H510,49.0,44.5,44.5,ファイバークレイ,ホワイト　艶無,あり,19000,https://my.ebook5.net/greenpot/catalog/,,,,,,,
グリーンポット,GA-2430BK,エイリアス シリンダー ブラック 30cm,8号,φ300×H325,31.0,26.0,,ファイバークレイ,ブラック　艶無,あり,7500,https://my.ebook5.net/greenpot/catalog/,,,,,,,
グリーンポット,GA-2430WG,エイリアス シリンダー Wグレー 30cm,8号,φ300×H325,31.0,26.0,,ファイバークレイ,ホワイト　艶無,あり,7500,https://my.ebook5.net/greenpot/catalog/,,,,,,,
グリーンポット,GA-2440BK,エイリアス シリンダー ブラック 40cm,10号,φ400×H435,42.0,35.0,,ファイバークレイ,ブラック　艶無,あり,13000,https://my.ebook5.net/greenpot/catalog/,,,,,,,
グリーンポット,GA-2440WG,エイリアス シリンダー Wグレー 40cm,10号,φ400×H435,42.0,35.0,,ファイバークレイ,ホワイト　艶無,あり,13000,https://my.ebook5.net/greenpot/catalog/,,,,,,,
グリーンポット,GA-2828BK,バーウッド ラウンド ブラック 28cm,７号,φ285×H273,26.3,24.5,,ファイバークレイ,ブラック,あり,6800,https://my.ebook5.net/greenpot/catalog/,,,,,,,
グリーンポット,GA-2828GY,バーウッド ラウンド グレー 28cm,７号,φ285×H273,26.3,24.5,,ファイバークレイ,グレー,あり,6800,https://my.ebook5.net/greenpot/catalog/,,,,,,,
グリーンポット,GA-2835BK,バーウッド ラウンド ブラック 35cm,8号,φ355×H345,33.0,31.5,,ファイバークレイ,ブラック,あり,9800,https://my.ebook5.net/greenpot/catalog/,,,,,,,
グリーンポット,GA-2835GY,バーウッド ラウンド グレー 35cm,8号,φ355×H345,33.0,31.5,,ファイバークレイ,グレー,あり,9800,https://my.ebook5.net/greenpot/catalog/,,,,,,,
グリーンポット,GA-2843BK,バーウッド ラウンド ブラック 40cm,10号,φ435×H410,39.5,38.8,,ファイバークレイ,ブラック,あり,15000,https://my.ebook5.net/greenpot/catalog/,,,,,,,
グリーンポット,GA-2843GY,バーウッド ラウンド グレー 40cm,10号,φ435×H410,39.5,38.8,,ファイバークレイ,グレー,あり,15000,https://my.ebook5.net/greenpot/catalog/,,,,,,,
グリーンポット,GA-2932BK,バーウッド シャロー ブラック 32cm,,φ320×H230,21.5,23.5,,ファイバークレイ,ブラック,あり,7500,https://my.ebook5.net/greenpot/catalog/,,,,,,,
グリーンポット,GA-2932GY,バーウッド シャロー グレー 32cm,ー,φ320×H230,21.5,23.5,,ファイバークレイ,グレー,あり,7500,https://my.ebook5.net/greenpot/catalog/,,,,,,,
グリーンポット,GA-3031BK,バーウッド キューブ ブラック 31cm,8号,W315×D315×H315,30.0,26.5,26.5,ファイバークレイ,ブラック,あり,9800,https://my.ebook5.net/greenpot/catalog/,,,,,,,
グリーンポット,GA-3031GY,バーウッド キューブ グレー 31cm,8号,W315×D315×H315,30.0,26.5,26.5,ファイバークレイ,グレー,あり,9800,https://my.ebook5.net/greenpot/catalog/,,,,,,,
グリーンポット,GA-3040BK,バーウッド キューブ ブラック 40cm,10号,W400×D400×H405,39.0,34.0,34.0,ファイバークレイ,ブラック,あり,16000,https://my.ebook5.net/greenpot/catalog/,,,,,,,
グリーンポット,GA-3040GY,バーウッド キューブ グレー 40cm,10号,W400×D400×H405,39.0,34.0,34.0,ファイバークレイ,グレー,あり,16000,https://my.ebook5.net/greenpot/catalog/,,,,,,,
グリーンポット,GA-3135BK,グレイニー エッグ ブラック 35cm,8号,φ353×H355,34.5,27.5,,ファイバークレイ,ブラック,あり,10000,https://my.ebook5.net/greenpot/catalog/,,,,,,,
グリーンポット,GA-3135GY,グレイニー エッグ グレー 35cm,8号,φ353×H355,34.5,27.5,,ファイバークレイ,グレー,あり,10000,https://my.ebook5.net/greenpot/catalog/,,,,,,,
グリーンポット,GA-3135WH,グレイニー エッグ ホワイト 35cm,8号,φ353×H355,34.5,27.5,,ファイバークレイ,ホワイト,あり,10000,https://my.ebook5.net/greenpot/catalog/,,,,,,,
グリーンポット,GA-3143BK,グレイニー エッグ ブラック 43cm,10号,φ440×H435,42.3,34.4,,ファイバークレイ,ブラック,あり,15000,https://my.ebook5.net/greenpot/catalog/,,,,,,,
グリーンポット,GA-3143GY,グレイニー エッグ グレー 43cm,10号,φ440×H435,42.3,34.4,,ファイバークレイ,グレー,あり,15000,https://my.ebook5.net/greenpot/catalog/,,,,,,,
グリーンポット,GA-3143WH,グレイニー エッグ ホワイト 43cm,10号,φ440×H435,42.3,34.4,,ファイバークレイ,ホワイト,あり,15000,https://my.ebook5.net/greenpot/catalog/,,,,,,,
グリーンポット,GA-3230BK,グレイニー シリンダー ブラック 30cm,8号,φ310×H330,32.0,27.5,,ファイバークレイ,ブラック,あり,8700,https://my.ebook5.net/greenpot/catalog/,,,,,,,
グリーンポット,GA-3230GY,グレイニー シリンダー グレー 30cm,8号,φ310×H330,32.0,27.5,,ファイバークレイ,グレー,あり,8700,https://my.ebook5.net/greenpot/catalog/,,,,,,,
グリーンポット,GA-3230WH,グレイニー シリンダー ホワイト 30cm,8号,φ310×H330,32.0,27.5,,ファイバークレイ,ホワイト,あり,8700,https://my.ebook5.net/greenpot/catalog/,,,,,,,
グリーンポット,GA-3240BK,グレイニー シリンダー ブラック 40cm,10号,φ410×H440,43.0,36.5,,ファイバークレイ,ブラック,あり,15000,https://my.ebook5.net/greenpot/catalog/,,,,,,,
グリーンポット,GA-3240GY,グレイニー シリンダー グレー 40cm,10号,φ410×H440,43.0,36.5,,ファイバークレイ,グレー,あり,15000,https://my.ebook5.net/greenpot/catalog/,,,,,,,
グリーンポット,GA-3240WH,グレイニー シリンダー ホワイト 40cm,10号,φ410×H440,43.0,36.5,,ファイバークレイ,ホワイト,あり,15000,https://my.ebook5.net/greenpot/catalog/,,,,,,,
グリーンポット,GA-3324GY,バウム ジャー グレー 24cm,ー,φ245×H225,21.5,20.0,,ファイバークレイ,グレー,あり,5200,https://my.ebook5.net/greenpot/catalog/,,,,,,,
グリーンポット,GA-3324WH,バウム ジャー ホワイト 24cm,ー,φ245×H225,21.5,20.0,,ファイバークレイ,ホワイト,あり,5200,https://my.ebook5.net/greenpot/catalog/,,,,,,,
グリーンポット,GA-3332GY,バウム ジャー グレー 32cm,8号,φ325×H300,29.0,27.0,,ファイバークレイ,グレー,あり,9500,https://my.ebook5.net/greenpot/catalog/,,,,,,,
グリーンポット,GA-3332WH,バウム ジャー ホワイト 32cm,8号,φ325×H300,29.0,27.0,,ファイバークレイ,ホワイト,あり,9500,https://my.ebook5.net/greenpot/catalog/,,,,,,,
グリーンポット,GA-3423BR,ホルム ナロー ブラウン 23cm,ー,φ230×H220,21.0,20.0,,ファイバークレイ,ブラウン,あり,5200,https://my.ebook5.net/greenpot/catalog/,,,,,,,
グリーンポット,GA-3423GY,ホルム ナロー グレー 23cm,ー,φ230×H220,21.0,20.0,,ファイバークレイ,グレー,あり,5200,https://my.ebook5.net/greenpot/catalog/,,,,,,,
グリーンポット,GA-3423WH,ホルム ナロー ホワイト 23cm,ー,φ230×H220,21.0,20.0,,ファイバークレイ,ホワイト,あり,5200,https://my.ebook5.net/greenpot/catalog/,,,,,,,
グリーンポット,GA-3433BR,ホルム ナロー ブラウン 33cm,8号,φ335×H300,29.0,29.0,,ファイバークレイ,ブラウン,あり,9500,https://my.ebook5.net/greenpot/catalog/,,,,,,,
グリーンポット,GA-3433GY,ホルム ナロー グレー 33cm,8号,φ335×H300,29.0,29.0,,ファイバークレイ,グレー,あり,9500,https://my.ebook5.net/greenpot/catalog/,,,,,,,
グリーンポット,GA-3433WH,ホルム ナロー ホワイト 33cm,8号,φ335×H300,29.0,29.0,,ファイバークレイ,ホワイト,あり,9500,https://my.ebook5.net/greenpot/catalog/,,,,,,,
グリーンポット,GA-3442BR,ホルム ナロー ブラウン 42cm,10号,φ425×H370,36.0,37.0,,ファイバークレイ,ブラウン,あり,15000,https://my.ebook5.net/greenpot/catalog/,,,,,,,
グリーンポット,GA-3442GY,ホルム ナロー グレー 42cm,10号,φ425×H370,36.0,37.0,,ファイバークレイ,グレー,あり,15000,https://my.ebook5.net/greenpot/catalog/,,,,,,,
グリーンポット,GA-3442WH,ホルム ナロー ホワイト 42cm,10号,φ425×H370,36.0,37.0,,ファイバークレイ,ホワイト,あり,15000,https://my.ebook5.net/greenpot/catalog/,,,,,,,
グリーンポット,GA-3530GY,バウム ラウンド グレー 30cm ,8号,φ320×H320,31.0,27.0,,ファイバークレイ,グレー,あり,9500,https://my.ebook5.net/greenpot/catalog/,,,,,,,
グリーンポット,GA-3530WH,バウム ラウンド ホワイト 30cm ,8号,φ320×H320,31.0,27.0,,ファイバークレイ,ホワイト,あり,9500,https://my.ebook5.net/greenpot/catalog/,,,,,,,
グリーンポット,GA-3537GY,バウム ラウンド グレー 37cm ,10号,φ410×H375,36.5,34.0,,ファイバークレイ,グレー,あり,14000,https://my.ebook5.net/greenpot/catalog/,,,,,,,
グリーンポット,GA-3537WH,バウム ラウンド ホワイト 37cm ,10号,φ410×H375,36.5,34.0,,ファイバークレイ,ホワイト,あり,14000,https://my.ebook5.net/greenpot/catalog/,,,,,,,
グリーンポット,HH-RS0133CR,レジスト コニック クリーム 33cm,ー,φ330×H260,24.5,30.0,,テラコッタ,グリーム,あり,5800,https://my.ebook5.net/greenpot/catalog/,,,,,,,
グリーンポット,HH-RS0133DB,レジスト コニック ダークブラウン 33cm,ー,φ330×H260,24.5,30.0,,テラコッタ,ダークブラウン,あり,5800,https://my.ebook5.net/greenpot/catalog/,,,,,,,
グリーンポット,HH-RS0133RD,レジスト コニック レッド 33cm,ー,φ330×H260,24.5,30.0,,テラコッタ,レッド,あり,5800,https://my.ebook5.net/greenpot/catalog/,,,,,,,
グリーンポット,HH-RS0141CR,レジスト コニック クリーム 41cm,9号,φ410×H320,30.2,37.5,,テラコッタ,クリーム,あり,11000,https://my.ebook5.net/greenpot/catalog/,,,,,,,
グリーンポット,HH-RS0141DB,レジスト コニック ダークブラウン 41cm,9号,φ410×H320,30.2,37.5,,テラコッタ,ダークブラウン,あり,11000,https://my.ebook5.net/greenpot/catalog/,,,,,,,
グリーンポット,HH-RS0141RD,レジスト コニック レッド 41cm,9号,φ410×H320,30.2,37.5,,テラコッタ,レッド,あり,11000,https://my.ebook5.net/greenpot/catalog/,,,,,,,
グリーンポット,HH-RS0150CR,レジスト コニック クリーム 50cm,10号,φ500×H400,38.2,46.5,,テラコッタ,クリーム,あり,23000,https://my.ebook5.net/greenpot/catalog/,,,,,,,
グリーンポット,HH-RS0150DB,レジスト コニック ダークブラウン 50cm,10号,φ500×H400,38.2,46.5,,テラコッタ,ダークブラウン,あり,23000,https://my.ebook5.net/greenpot/catalog/,,,,,,,
グリーンポット,HH-RS0150RD,レジスト コニック レッド 50cm,10号,φ500×H400,38.2,46.5,,テラコッタ,レッド,あり,23000,https://my.ebook5.net/greenpot/catalog/,,,,,,,
グリーンポット,HH-RS0242CR,レジスト バルーン クリーム 42cm,ー,φ435×H308,29.0,36.5,,テラコッタ,クリーム,あり,13000,https://my.ebook5.net/greenpot/catalog/,,,,,,,
グリーンポット,HH-RS0242DB,レジスト バルーン ダークブラウン 42cm,ー,φ435×H308,29.0,36.5,,テラコッタ,ダークブラウン,あり,13000,https://my.ebook5.net/greenpot/catalog/,,,,,,,
グリーンポット,HH-RS0242RD,レジスト バルーン レッド 42cm,ー,φ435×H308,29.0,36.5,,テラコッタ,レッド,あり,13000,https://my.ebook5.net/greenpot/catalog/,,,,,,,
グリーンポット,HH-RS0255CR,レジスト バルーン クリーム 55cm,ー,φ520×H383,36.5,48.0,,テラコッタ,クリーム,あり,22000,https://my.ebook5.net/greenpot/catalog/,,,,,,,
グリーンポット,HH-RS0255DB,レジスト バルーン ダークブラウン 55cm,ー,φ520×H383,36.5,48.0,,テラコッタ,ダークブラウン,あり,22000,https://my.ebook5.net/greenpot/catalog/,,,,,,,
グリーンポット,HH-RS0255RD,レジスト バルーン レッド 55cm,ー,φ520×H383,36.5,48.0,,テラコッタ,レッド,あり,22000,https://my.ebook5.net/greenpot/catalog/,,,,,,,
グリーンポット,HH-RS0345CR,レジスト ラウンド クリーム 45cm,10号,φ450×H410,38.5,41.5,,テラコッタ,クリーム,あり,19000,https://my.ebook5.net/greenpot/catalog/,,,,,,,
グリーンポット,HH-RS0345DB,レジスト ラウンド ダークブラウン 45cm,10号,φ450×H410,38.5,41.5,,テラコッタ,ダークブラウン,あり,19000,https://my.ebook5.net/greenpot/catalog/,,,,,,,
グリーンポット,HH-RS0345RD,レジスト ラウンド レッド 45cm,10号,φ450×H410,38.5,41.5,,テラコッタ,レッド,あり,19000,https://my.ebook5.net/greenpot/catalog/,,,,,,,
グリーンポット,HH-RS0355CR,レジスト ラウンド クリーム 55cm,ー,φ560×H515,48.7,50.0,,テラコッタ,クリーム,あり,29000,https://my.ebook5.net/greenpot/catalog/,,,,,,,
グリーンポット,HH-RS0355DB,レジスト ラウンド ダークブラウン 55cm,ー,φ560×H515,48.7,50.0,,テラコッタ,ダークブラウン,あり,29000,https://my.ebook5.net/greenpot/catalog/,,,,,,,
グリーンポット,HH-RS0355RD,レジスト ラウンド レッド 55cm,ー,φ560×H515,48.7,50.0,,テラコッタ,レッド,あり,29000,https://my.ebook5.net/greenpot/catalog/,,,,,,,
グリーンポット,PQ-BS20,ブラックソーサー 20cm,ー,φ210×H35,3.2,20.0,,プラスチック,ブラック,なし,170,https://my.ebook5.net/greenpot/catalog/,,,,,,,
グリーンポット,PQ-BS25,ブラックソーサー 25cm,ー,φ260×H40,3.7,25.0,,プラスチック,ブラック,なし,300,https://my.ebook5.net/greenpot/catalog/,,,,,,,
グリーンポット,PQ-BS30,ブラックソーサー 30cm,ー,φ310×H45,4.2,30.0,,プラスチック,ブラック,なし,480,https://my.ebook5.net/greenpot/catalog/,,,,,,,
グリーンポット,PQ-BS35,ブラックソーサー 35cm,ー,φ360×H50,4.5,35.0,,プラスチック,ブラック,なし,630,https://my.ebook5.net/greenpot/catalog/,,,,,,,
グリーンポット,PQ-BS40,ブラックソーサー 40cm,ー,φ415×H55,5.0,40.0,,プラスチック,ブラック,なし,880,https://my.ebook5.net/greenpot/catalog/,,,,,,,
グリーンポット,PQ-BS45,ブラックソーサー 45cm,ー,φ467×H55,5.0,45.0,,プラスチック,ブラック,なし,1400,https://my.ebook5.net/greenpot/catalog/,,,,,,,
グリーンポット,PQ-BS50,ブラックソーサー 50cm,ー,φ518×H55,5.0,49.0,,プラスチック,ブラック,なし,1700,https://my.ebook5.net/greenpot/catalog/,,,,,,,
グリーンポット,PQ-ER50,ナーセリーポット エルコール 50cm,ー,φ500×H390,,46.0,,プラスチック,ブラック,あり,2800,https://my.ebook5.net/greenpot/catalog/,,,,,,,
グリーンポット,PQ-ER55,ナーセリーポット エルコール 55cm,ー,φ550×H450,,50.0,,プラスチック,ブラック,あり,4800,https://my.ebook5.net/greenpot/catalog/,,,,,,,
グリーンポット,PQ-ER60,ナーセリーポット エルコール 60cm,ー,φ600×H460,,57.0,,プラスチック,ブラック,あり,5800,https://my.ebook5.net/greenpot/catalog/,,,,,,,
グリーンポット,PQ-HD110,ナーセリーポット ジャンボ 110cm,ー,φ1100×H680,,100.0,,プラスチック,ブラック,あり,26000,https://my.ebook5.net/greenpot/catalog/,,,,,,,
グリーンポット,PQ-HD120,ナーセリーポット ジャンボ 120cm,ー,φ1200×H780,,110.0,,プラスチック,ブラック,あり,32000,https://my.ebook5.net/greenpot/catalog/,,,,,,,
グリーンポット,PQ-HD140,ナーセリーポット ジャンボ 140cm,ー,φ1400×H900,,130.0,,プラスチック,ブラック,あり,54000,https://my.ebook5.net/greenpot/catalog/,,,,,,,
グリーンポット,PQ-HD155,ナーセリーポット ジャンボ 155cm,ー,φ1550×H1000,,145.0,,プラスチック,ブラック,あり,130000,https://my.ebook5.net/greenpot/catalog/,,,,,,,
グリーンポット,PQ-HD95,ナーセリーポット ジャンボ 95cm,ー,φ950×H550,,90.0,,プラスチック,ブラック,あり,16000,https://my.ebook5.net/greenpot/catalog/,,,,,,,
グリーンポット,PQ-NH40,ナーセリーポット ハンドル付キ 外寸40x33cm,ー,φ400×H330,,37.0,,プラスチック,ブラック,あり,1600,https://my.ebook5.net/greenpot/catalog/,,,,,,,
グリーンポット,PQ-NH45,ナーセリーポット ハンドル付キ 外寸45x37cm,ー,φ450×H370,36.5,40.0,,プラスチック,ブラック,あり,1900,https://my.ebook5.net/greenpot/catalog/,,,,,,,
グリーンポット,PQ-NH50,ナーセリーポット ハンドル付キ 外寸50x41cm,ー,φ500×H410,40.0,45.0,,プラスチック,ブラック,あり,2900,https://my.ebook5.net/greenpot/catalog/,,,,,,,
グリーンポット,PQ-NH60,ナーセリーポット ハンドル付キ 外寸60x48cm,ー,φ600×H480,47.0,55.0,,プラスチック,ブラック,あり,4600,https://my.ebook5.net/greenpot/catalog/,,,,,,,
グリーンポット,PQ-NH70,ナーセリーポット ハンドル付キ 外寸70x51cm,ー,φ700×H510,50.0,65.0,,プラスチック,ブラック,あり,6500,https://my.ebook5.net/greenpot/catalog/,,,,,,,
グリーンポット,PQ-NH80,ナーセリーポット ハンドル付キ 外寸80x51cm,ー,φ800×H510,49.0,75.0,,プラスチック,ブラック,あり,9800,https://my.ebook5.net/greenpot/catalog/,,,,,,,
グリーンポット,PQ-NL15,ナーセリーポット ロータイプ 内寸15cm,ー,φ160×H140,13.5,15.0,,プラスチック,ブラック,あり,180,https://my.ebook5.net/greenpot/catalog/,,,,,,,
グリーンポット,PQ-NL18,ナーセリーポット ロータイプ 内寸18cm,ー,φ190×H160,15.0,18.0,,プラスチック,ブラック,あり,220,https://my.ebook5.net/greenpot/catalog/,,,,,,,
グリーンポット,PQ-NL20,ナーセリーポット ロータイプ 内寸20cm,ー,φ220×H160,15.5,20.0,,プラスチック,ブラック,あり,320,https://my.ebook5.net/greenpot/catalog/,,,,,,,
グリーンポット,PQ-NL22,ナーセリーポット ロータイプ 内寸22cm,ー,φ240×H180,17.0,22.0,,プラスチック,ブラック,あり,380,https://my.ebook5.net/greenpot/catalog/,,,,,,,
グリーンポット,PQ-NL24,ナーセリーポット ロータイプ 内寸24cm,ー,φ260×H200,19.0,24.0,,プラスチック,ブラック,あり,440,https://my.ebook5.net/greenpot/catalog/,,,,,,,
グリーンポット,PQ-NL26,ナーセリーポット ロータイプ 内寸26cm,ー,φ280×H220,21.0,26.0,,プラスチック,ブラック,あり,570,https://my.ebook5.net/greenpot/catalog/,,,,,,,
グリーンポット,PQ-NL28,ナーセリーポット ロータイプ 内寸28cm,ー,φ300×H240,23.0,28.0,,プラスチック,ブラック,あり,680,https://my.ebook5.net/greenpot/catalog/,,,,,,,
グリーンポット,PQ-NL30,ナーセリーポット ロータイプ 内寸30cm,ー,φ330×H260,25.0,30.0,,プラスチック,ブラック,あり,850,https://my.ebook5.net/greenpot/catalog/,,,,,,,
グリーンポット,PQ-NP18,ナーセリーポット 内寸18cm,ー,φ190×H180,17.5,18.0,,プラスチック,ブラック,あり,270,https://my.ebook5.net/greenpot/catalog/,,,,,,,
グリーンポット,PQ-NP24,ナーセリーポット 内寸24cm,ー,φ260×H240,23.0,24.0,,プラスチック,ブラック,あり,470,https://my.ebook5.net/greenpot/catalog/,,,,,,,
グリーンポット,PQ-NP30,ナーセリーポット 内寸30cm,ー,φ320×H300,29.0,30.0,,プラスチック,ブラック,あり,900,https://my.ebook5.net/greenpot/catalog/,,,,,,,
グリーンポット,PQ-NP35,ナーセリーポット 内寸35cm,ー,φ380×H370,35.5,35.0,,プラスチック,ブラック,あり,2000,https://my.ebook5.net/greenpot/catalog/,,,,,,,
グリーンポット,RS-0132BR,ループ ラウンド ブラウン 32cm,8号,φ305×H300,29.0,28.5,,釉薬陶器,ブラウン,あり,14000,https://my.ebook5.net/greenpot/catalog/,,,,,,,
グリーンポット,RS-0132CP,ループ ラウンド カッパー 32cm,8号,φ305×H300,29.0,28.5,,釉薬陶器,カッパー,あり,14000,https://my.ebook5.net/greenpot/catalog/,,,,,,,
グリーンポット,RS-0132CR,ループ ラウンド クリーム 32cm,8号,φ305×H300,29.0,28.5,,釉薬陶器,クリーム,あり,14000,https://my.ebook5.net/greenpot/catalog/,,,,,,,
グリーンポット,RS-0132TQ,ループ ラウンド ターコイズ 32cm,8号,φ305×H300,29.0,28.5,,釉薬陶器,ターコイズ,あり,14000,https://my.ebook5.net/greenpot/catalog/,,,,,,,
グリーンポット,RS-0140BR,ループ ラウンド ブラウン 40cm,10号,φ380×H385,37.5,34.0,,釉薬陶器,ブラウン,あり,25000,https://my.ebook5.net/greenpot/catalog/,,,,,,,
グリーンポット,RS-0140CP,ループ ラウンド カッパー 40cm,10号,φ380×H385,37.5,34.0,,釉薬陶器,カッパー,あり,25000,https://my.ebook5.net/greenpot/catalog/,,,,,,,
グリーンポット,RS-0140CR,ループ ラウンド クリーム 40cm,10号,φ380×H385,37.5,34.0,,釉薬陶器,クリーム,あり,25000,https://my.ebook5.net/greenpot/catalog/,,,,,,,
グリーンポット,RS-0140TQ,ループ ラウンド ターコイズ 40cm,10号,φ380×H385,37.5,34.0,,釉薬陶器,ターコイズ,あり,25000,https://my.ebook5.net/greenpot/catalog/,,,,,,,
グリーンポット,RS-JB3232OR,ジャヤ バルーン オレンジ 32cm,8号,φ320×H340,33.0,26.0,,陶器+塗装,オレンジ,あり,9000,https://my.ebook5.net/greenpot/catalog/,,,,,,,
グリーンポット,RS-JB3232RD,ジャヤ バルーン レッド 32cm,8号,φ320×H340,33.0,26.0,,陶器+塗装,レッド,あり,9000,https://my.ebook5.net/greenpot/catalog/,,,,,,,
グリーンポット,RS-JB3232WH,ジャヤ バルーン ホワイト 32cm,8号,φ320×H340,33.0,26.0,,陶器+塗装,ホワイト,あり,9000,https://my.ebook5.net/greenpot/catalog/,,,,,,,
グリーンポット,RS-JC3232OR,ジャヤ シリンダー オレンジ 32cm,8号,φ310×H320,31.0,28.0,,陶器+塗装,オレンジ,あり,9000,https://my.ebook5.net/greenpot/catalog/,,,,,,,
グリーンポット,RS-JC3232RD,ジャヤ シリンダー レッド 32cm,8号,φ310×H320,31.0,28.0,,陶器+塗装,レッド,あり,9000,https://my.ebook5.net/greenpot/catalog/,,,,,,,
グリーンポット,RS-JC3232WH,ジャヤ シリンダー ホワイト 32cm,8号,φ310×H320,31.0,28.0,,陶器+塗装,ホワイト,あり,9000,https://my.ebook5.net/greenpot/catalog/,,,,,,,
グリーンポット,RS-JC3840OR,ジャヤ シリンダー オレンジ 38cm,10号,φ380×H400,38.0,35.0,,陶器+塗装,オレンジ,あり,17000,https://my.ebook5.net/greenpot/catalog/,,,,,,,
グリーンポット,RS-JC3840RD,ジャヤ シリンダー レッド 38cm,10号,φ380×H400,38.0,35.0,,陶器+塗装,レッド,あり,17000,https://my.ebook5.net/greenpot/catalog/,,,,,,,
グリーンポット,RS-JC3840WH,ジャヤ シリンダー ホワイト 38cm,10号,φ380×H400,38.0,35.0,,陶器+塗装,ホワイト,あり,17000,https://my.ebook5.net/greenpot/catalog/,,,,,,,
グリーンポット,RS-JS2214OR,ジャヤ シャロー オレンジ 22cm,ー,φ220×H140,12.0,20.0,,陶器+塗装,オレンジ,あり,3500,https://my.ebook5.net/greenpot/catalog/,,,,,,,
グリーンポット,RS-JS2214RD,ジャヤ シャロー レッド 22cm,ー,φ220×H140,12.0,20.0,,陶器+塗装,レッド,あり,3500,https://my.ebook5.net/greenpot/catalog/,,,,,,,
グリーンポット,RS-JS2214WH,ジャヤ シャロー ホワイト 22cm,ー,φ220×H140,12.0,20.0,,陶器+塗装,ホワイト,あり,3500,https://my.ebook5.net/greenpot/catalog/,,,,,,,
グリーンポット,RS-JS2617OR,ジャヤ シャロー オレンジ 26cm,ー,φ260×H160,14.0,23.0,,陶器+塗装,オレンジ,あり,4500,https://my.ebook5.net/greenpot/catalog/,,,,,,,
グリーンポット,RS-JS2617RD,ジャヤ シャロー レッド 26cm,ー,φ260×H160,14.0,23.0,,陶器+塗装,レッド,あり,4500,https://my.ebook5.net/greenpot/catalog/,,,,,,,
グリーンポット,RS-JS2617WH,ジャヤ シャロー ホワイト 26cm,ー,φ260×H160,14.0,23.0,,陶器+塗装,ホワイト,あり,4500,https://my.ebook5.net/greenpot/catalog/,,,,,,,
グリーンポット,TP-33700004237,リサイクルストーン ホワイト 小粒,ー,W0×D0×H0,,,,プラスチックその他,ホワイト,なし,1400,https://my.ebook5.net/greenpot/catalog/,,,,,,,
グリーンポット,TP-33700004238,リサイクルストーン ブラック 小粒,ー,W0×D0×H0,,,,プラスチックその他,ブラック,なし,1400,https://my.ebook5.net/greenpot/catalog/,,,,,,,
グリーンポット,TP-33704008237,リサイクルストーン ホワイト 大粒,ー,W0×D0×H0,,,,プラスチックその他,ホワイト,なし,6000,https://my.ebook5.net/greenpot/catalog/,,,,,,,
グリーンポット,TP-33704008238,リサイクルストーン ブラック 大粒,ー,W0×D0×H0,,,,プラスチックその他,ブラック,なし,6000,https://my.ebook5.net/greenpot/catalog/,,,,,,,
グリーンポット,TP-TM40GR,ボルドー グレー 40cm,10号,φ400×H350,34.0,34.0,,プラスチック,グレー　　艶無,あり,9000,https://my.ebook5.net/greenpot/catalog/,,,,,,,
グリーンポット,TP-TM40TC,ボルドー テラコッタ40cm,10号,φ400×H350,34.0,34.0,,プラスチック,オレンジ　艶無,あり,9000,https://my.ebook5.net/greenpot/catalog/,,,,,,,
グリーンポット,TP-TM50GR,ボルドー グレー 50cm,ー,φ500×H430,42.0,44.0,,プラスチック,グレー　　艶無,あり,14000,https://my.ebook5.net/greenpot/catalog/,,,,,,,
グリーンポット,TP-TM50TC,ボルドー テラコッタ 50cm,ー,φ500×H430,42.0,44.0,,プラスチック,オレンジ　艶無,あり,14000,https://my.ebook5.net/greenpot/catalog/,,,,,,,
グリーンポット,TP-TM60GR,ボルドー グレー 60cm,ー,φ600×H530,51.0,54.0,,プラスチック,グレー　　艶無,あり,25000,https://my.ebook5.net/greenpot/catalog/,,,,,,,
グリーンポット,TP-TM60TC,ボルドー テラコッタ 60cm,ー,φ600×H530,51.0,54.0,,プラスチック,オレンジ　艶無,あり,25000,https://my.ebook5.net/greenpot/catalog/,,,,,,,
グリーンポット,TP-TM85GR,ボルドー グレー 85cm,ー,φ850×H700,68.0,79.0,,プラスチック,グレー　　艶無,あり,70000,https://my.ebook5.net/greenpot/catalog/,,,,,,,
グリーンポット,TP-TM85TC,ボルドー テラコッタ 85cm,ー,φ850×H700,68.0,79.0,,プラスチック,オレンジ　艶無,あり,70000,https://my.ebook5.net/greenpot/catalog/,,,,,,,
グリーンポット,VB-1602BK,マルチソーサー ブラック 16cm,ー,φ160×H22,1.6,15.5,,プラスチック,ブラック,なし,350,https://my.ebook5.net/greenpot/catalog/,,,,,,,
グリーンポット,VB-1602BR,マルチソーサー ブラウン 16cm,ー,φ160×H22,1.6,15.5,,プラスチック,ブラウン,なし,350,https://my.ebook5.net/greenpot/catalog/,,,,,,,
グリーンポット,VB-1602LG,マルチソーサー グレー 16cm,ー,φ160×H22,1.6,15.5,,プラスチック,グレー,なし,350,https://my.ebook5.net/greenpot/catalog/,,,,,,,
グリーンポット,VB-1602WH,マルチソーサー ホワイト 16cm,ー,φ160×H22,1.6,15.5,,プラスチック,ホワイト,なし,350,https://my.ebook5.net/greenpot/catalog/,,,,,,,
グリーンポット,VB-2103BK,マルチソーサー ブラック 21cm,ー,φ210×H25,1.6,20.2,,プラスチック,ブラック,なし,500,https://my.ebook5.net/greenpot/catalog/,,,,,,,
グリーンポット,VB-2103BR,マルチソーサー ブラウン 21cm,ー,φ210×H25,1.6,20.2,,プラスチック,ブラウン,なし,500,https://my.ebook5.net/greenpot/catalog/,,,,,,,
グリーンポット,VB-2103LG,マルチソーサー グレー 21cm,ー,φ210×H25,1.6,20.2,,プラスチック,グレー,なし,500,https://my.ebook5.net/greenpot/catalog/,,,,,,,
グリーンポット,VB-2103WH,マルチソーサー ホワイト 21cm,ー,φ210×H25,1.6,20.2,,プラスチック,ホワイト,なし,500,https://my.ebook5.net/greenpot/catalog/,,,,,,,
グリーンポット,VB-2603BK,マルチソーサー ブラック 26cm,ー,φ260×H30,2.4,25.2,,プラスチック,ブラック,なし,780,https://my.ebook5.net/greenpot/catalog/,,,,,,,
グリーンポット,VB-2603BR,マルチソーサー ブラウン 26cm,ー,φ260×H30,2.4,25.2,,プラスチック,ブラウン,なし,780,https://my.ebook5.net/greenpot/catalog/,,,,,,,
グリーンポット,VB-2603LG,マルチソーサー グレー 26cm,ー,φ260×H30,2.4,25.2,,プラスチック,グレー,なし,780,https://my.ebook5.net/greenpot/catalog/,,,,,,,
グリーンポット,VB-2603WH,マルチソーサー ホワイト 26cm,ー,φ260×H30,2.4,25.2,,プラスチック,ホワイト,なし,780,https://my.ebook5.net/greenpot/catalog/,,,,,,,
グリーンポット,VB-3504BK,マルチソーサー ブラック 36cm,ー,φ360×H34,2.8,35.0,,プラスチック,ブラック,なし,1800,https://my.ebook5.net/greenpot/catalog/,,,,,,,
グリーンポット,VB-3504BR,マルチソーサー ブラウン 36cm,ー,φ360×H34,2.8,35.0,,プラスチック,ブラウン,なし,1800,https://my.ebook5.net/greenpot/catalog/,,,,,,,
グリーンポット,VB-3504LG,マルチソーサー グレー 36cm,ー,φ360×H34,2.8,35.0,,プラスチック,グレー,なし,1800,https://my.ebook5.net/greenpot/catalog/,,,,,,,
グリーンポット,VB-3504WH,マルチソーサー ホワイト 36cm,ー,φ360×H34,2.8,35.0,,プラスチック,ホワイト,なし,1800,https://my.ebook5.net/greenpot/catalog/,,,,,,,
グリーンポット,VL-302665,モンデリック ボールバスケット 26xH24,ー,φ260×H240,19.0,16.0,,ラタン（籐）,,なし,3800,https://my.ebook5.net/greenpot/catalog/,,,,,,,
グリーンポット,VL-302666,モンデリック ボールバスケット 38xH33,8号,φ380×H330,30.0,28.0,,ラタン（籐）,,なし,8400,https://my.ebook5.net/greenpot/catalog/,,,,,,,
グリーンポット,VL-302667,モンデリック ボールバスケット 58xH43,10号,φ580×H430,41.0,40.0,,ラタン（籐）,,なし,17000,https://my.ebook5.net/greenpot/catalog/,,,,,,,
グリーンポット,VL-305577,ラティ シリンダー 50cm,ー,φ500×H555,47.3,40.0,,チーク,,なし,58000,https://my.ebook5.net/greenpot/catalog/,,,,,,,
グリーンポット,VL-305578,ラティ キューブ 50cm,ー,W500×D500×H555,47.0,40.0,40.0,チーク,,なし,58000,https://my.ebook5.net/greenpot/catalog/,,,,,,,
グリーンポット,VL-800043,モンデリック レクタングルプランター 60x21xH20,ー,W600×D210×H200,18.0,54.0,17.0,ラタン（籐）,,なし,5500,https://my.ebook5.net/greenpot/catalog/,,,,,,,
グリーンポット,VL-800044,モンデリック レクタングルプランター 40x23xH20,ー,W400×D230×H200,18.0,34.0,17.0,ラタン（籐）,,なし,4200,https://my.ebook5.net/greenpot/catalog/,,,,,,,
グリーンポット,VL-900388,モンデリック ハンドルバスケット 30xH23,ー,φ300×H230,22.0,23.0,,ラタン（籐）,,なし,3000,https://my.ebook5.net/greenpot/catalog/,,,,,,,
グリーンポット,VL-900562,モンデリック ハンギング Ф30,ー,φ300×H150,12.5,25.0,,ラタン（籐）,,なし,3800,https://my.ebook5.net/greenpot/catalog/,,,,,,,
グリーンポット,VL-901117,モンデリック ハンドルバスケット  25xH19,ー,φ250×H190,16.5,20.0,,ラタン（籐）,,なし,2500,https://my.ebook5.net/greenpot/catalog/,,,,,,,
グリーンポット,VL-901181,モンデリック ローハンドルバスケット 35xH15,ー,φ350×H150,13.0,29.0,,ラタン（籐）,,なし,2800,https://my.ebook5.net/greenpot/catalog/,,,,,,,
グリーンポット,VL-901325,モンデリック ラタン 34xH30,8号,φ340×H300,28.0,26.0,,ラタン（籐）,,なし,7000,https://my.ebook5.net/greenpot/catalog/,,,,,,,
グリーンポット,VL-901326,モンデリック ラタン 37xH36,9号,φ370×H360,34.0,28.0,,ラタン（籐）,,なし,11000,https://my.ebook5.net/greenpot/catalog/,,,,,,,
グリーンポット,VL-901328,モンデリック ラタン 45xH43,10号,φ450×H430,41.0,36.0,,ラタン（籐）,,なし,16000,https://my.ebook5.net/greenpot/catalog/,,,,,,,
グリーンポット,VL-901511,モンデリック ローハンドルバスケット 26xH12,ー,φ260×H120,10.0,21.0,,ラタン（籐）,,なし,2000,https://my.ebook5.net/greenpot/catalog/,,,,,,,
グリーンポット,YE-0126GY,ムーバーソーサー グレー 26cm,ー,φ260×H65,1.0,24.5,,,グレー,なし,1600,https://my.ebook5.net/greenpot/catalog/,,,,,,,
グリーンポット,YE-0126WH,ムーバーソーサー ホワイト 26cm,ー,φ260×H65,1.0,24.5,,,ホワイト,なし,1600,https://my.ebook5.net/greenpot/catalog/,,,,,,,
グリーンポット,YE-0133GY,ムーバーソーサー グレー 30cm,ー,φ300×H65,1.0,28.5,,,グレー,なし,1800,https://my.ebook5.net/greenpot/catalog/,,,,,,,
グリーンポット,YE-0133WH,ムーバーソーサー ホワイト 30cm,ー,φ300×H65,1.0,28.5,,,ホワイト,なし,1800,https://my.ebook5.net/greenpot/catalog/,,,,,,,
グリーンポット,YE-0135GY,ムーバーソーサー グレー 35cm,ー,φ345×H65,1.0,33.0,,,グレー,なし,2200,https://my.ebook5.net/greenpot/catalog/,,,,,,,
グリーンポット,YE-0135WH,ムーバーソーサー ホワイト 35cm,ー,φ345×H65,1.0,33.0,,,ホワイト,なし,2200,https://my.ebook5.net/greenpot/catalog/,,,,,,,
グリーンポット,YE-0139GY,ムーバーソーサー グレー 39.5cm,ー,φ395×H65,1.0,37.5,,,グレー,なし,2800,https://my.ebook5.net/greenpot/catalog/,,,,,,,
グリーンポット,YE-0139WH,ムーバーソーサー ホワイト 39.5cm,ー,φ395×H65,1.0,37.5,,,ホワイト,なし,2800,https://my.ebook5.net/greenpot/catalog/,,,,,,,
グリーンポット,YE-0144GY,ムーバーソーサー グレー 44cm,ー,φ435×H70,1.0,41.5,,,グレー,なし,3800,https://my.ebook5.net/greenpot/catalog/,,,,,,,
グリーンポット,YE-0144WH,ムーバーソーサー ホワイト 44cm,ー,φ435×H70,1.0,41.5,,,ホワイト,なし,3800,https://my.ebook5.net/greenpot/catalog/,,,,,,,
ホワイエ,7700054GY,MHｽﾀｯｸｸﾞﾚｲNEW 尺,10号/懸崖鉢,φ36×H38,38,33,38,チップウッド,,なし,4400,https://www.foyer-shop.com/view/item/000000009505,,,,,,,
ホワイエ,7700054BR,MHｽﾀｯｸﾌﾞﾗｳﾝNEW 尺,10号/懸崖鉢,φ36×H38,38,33,38,チップウッド,,なし,4400,https://www.foyer-shop.com/view/item/000000009506,,,,,,,
ホワイエ,7700053GY,MHｽﾀｯｸｸﾞﾚｲNEW 8号,8号,φ30×H32,32,28,32,チップウッド,,なし,2760,https://www.foyer-shop.com/view/item/000000009509,,,,,,,
ホワイエ,7700053BR,MHｽﾀｯｸﾌﾞﾗｳﾝNEW 8号,8号,φ30×H32,32,28,32,チップウッド,,なし,2760,https://www.foyer-shop.com/view/item/000000009510,,,,,,,
ホワイエ,5A00007,BBﾎｸﾞﾗﾅﾁｭﾗﾙ8号 φ32xH30,8号,φ32×H30,30,30,29,ﾎｸﾞﾗ,,なし,3200,https://www.foyer-shop.com/view/item/000000012052,,,,,,,
ホワイエ,3U00084,AMﾅﾁｭﾗﾙｳｯﾄﾞｷｭｰﾌﾞBOX 33xH31,8号/懸崖鉢,W33×D33×H31｜口径W30×D30｜,31,29,30,マンゴーウッド,,なし,13000,https://www.foyer-shop.com/view/item/000000010646,,,,,,,
ホワイエ,3U00052GL,AM10ﾍﾞｰｽGL φ36xH37,10号/※懸崖鉢は入りません,φ36×H37｜口径φ34｜,37,34,36,アルミ,,なし,27800,https://www.foyer-shop.com/view/item/000000008047,,,,,,,
ホワイエ,3U00052BK,AM10ﾍﾞｰｽBK φ36xH37,10号/※懸崖鉢は入りません,φ36×H37｜口径φ34｜,37,34,36,アルミ,,なし,27800,https://www.foyer-shop.com/view/item/000000004656,,,,,,,
ホワイエ,3U00051GL,AM8ﾍﾞｰｽGL φ30xH31,9号,φ30×H31｜口径φ28｜,31,28,30,アルミ,,なし,21000,https://www.foyer-shop.com/view/item/000000008046,,,,,,,
ホワイエ,3U00051BK,AM8ﾍﾞｰｽBK φ30xH31,9号,φ30×H31｜口径φ28｜,31,28,30,アルミ,,なし,21000,https://www.foyer-shop.com/view/item/000000004655,,,,,,,
ホワイエ,3A00171CBK,FRｵｰﾌﾞﾛｯｸﾎﾟｯﾄ ｾﾒﾝﾄBKφ44.5xH41,10号/懸崖鉢,φ44.5×T42×H41｜口径φ37.5｜Bφ26,41,37.5,40,ポリエチレン,,なし,14400,https://www.foyer-shop.com/view/item/000000015108,,,,,,,
ホワイエ,3A00170CBK,FRｵｰﾌﾞﾛｯｸﾎﾟｯﾄ ｾﾒﾝﾄBKφ37xH34,10号/懸崖鉢,φ37×T35×H34｜口径φ31｜Bφ22,34,31,33,ポリエチレン,,なし,9800,https://www.foyer-shop.com/view/item/000000015109,,,,,,,
ホワイエ,3A00169CBK,FRｵｰﾌﾞﾛｯｸﾎﾟｯﾄ ｾﾒﾝﾄBKφ30.5xH28,8号/懸崖鉢,φ30.5×T29×H28｜口径φ25｜Bφ18,28,25,27,ポリエチレン,,なし,6600,https://www.foyer-shop.com/view/item/000000015110,,,,,,,
ホワイエ,3A00166CWH,FRｴｯｸﾞﾎﾞﾄﾑﾎﾟｯﾄ ｾﾒﾝﾄWHφ44.5xH39,10号/懸崖鉢,φ44.5×T39×H39｜口径φ34.5,39,34.5,39,ポリエチレン,,なし,14400,https://www.foyer-shop.com/view/item/000000015104,,,,,,,
ホワイエ,3A00166CBK,FRｴｯｸﾞﾎﾞﾄﾑﾎﾟｯﾄ ｾﾒﾝﾄBKφ44.5xH39,10号/懸崖鉢,φ44.5×T39×H39｜口径φ34.5,39,34.5,39,ポリエチレン,,なし,14400,https://www.foyer-shop.com/view/item/000000015100,,,,,,,
ホワイエ,3A00165CWH,FRｴｯｸﾞﾎﾞﾄﾑﾎﾟｯﾄ ｾﾒﾝﾄWHφ34xH30,8号/懸崖鉢,φ34×T30×H30｜口径φ25.5,30,25.5,29,ポリエチレン,,なし,8400,https://www.foyer-shop.com/view/item/000000015105,,,,,,,
ホワイエ,3A00165CBK,FRｴｯｸﾞﾎﾞﾄﾑﾎﾟｯﾄ ｾﾒﾝﾄBKφ34xH30,8号/懸崖鉢,φ34×T30×H30｜口径φ25.5,30,25.5,29,ポリエチレン,,なし,8400,https://www.foyer-shop.com/view/item/000000015101,,,,,,,
ホワイエ,3A00162VBK,FR円錐ﾎﾟｯﾄ ﾎﾞﾙｹｰﾉBKφ42.5xH45,10号/懸崖鉢,φ42×H45｜口径φ40.5,45,40.5,42,FRP,,なし,11400,https://www.foyer-shop.com/view/item/000000015097,,,,,,,
ホワイエ,3A00161VBK,FR円錐ﾎﾟｯﾄ ﾎﾞﾙｹｰﾉBKφ35xH37,9号,φ35×H37｜口径φ31.5,37,31.5,35,FRP,,なし,7900,https://www.foyer-shop.com/view/item/000000015098,,,,,,,
ホワイエ,3A00160VBK,FR円錐ﾎﾟｯﾄ ﾎﾞﾙｹｰﾉBKφ28xH29,8号/懸崖鉢,φ28×H29｜口径φ25.5,29,25.5,27,FRP,,なし,4900,https://www.foyer-shop.com/view/item/000000015099,,,,,,,
ホワイエ,3A00159TRA,FRｴｽﾃｰﾄﾘﾑﾎﾟｯﾄ ﾄｽｶｰﾅﾃﾗｺｯﾀφ40xH41.5,10号/懸崖鉢,φ40×H41.5｜口径φ37.5｜Bφ27,41.5,37.5,40,FRP,,なし,13600,https://www.foyer-shop.com/view/item/000000015095,,,,,,,
ホワイエ,3A00159CLY,FRｴｽﾃｰﾄﾘﾑﾎﾟｯﾄ ﾋﾞﾝﾃｰｼﾞｸﾚｲφ40xH41.5,10号/懸崖鉢,φ40×H41.5｜口径φ37.5｜Bφ27,41.5,37.5,40,FRP,,なし,13600,https://www.foyer-shop.com/view/item/000000015093,,,,,,,
ホワイエ,3A00158TRA,FRｴｽﾃｰﾄﾘﾑﾎﾟｯﾄ ﾄｽｶｰﾅﾃﾗｺｯﾀφ35xH35,10号/懸崖鉢,φ35×H35｜口径φ33｜Bφ24,35,33,33,FRP,,なし,8600,https://www.foyer-shop.com/view/item/000000015096,,,,,,,
ホワイエ,3A00158CLY,FRｴｽﾃｰﾄﾘﾑﾎﾟｯﾄ ﾋﾞﾝﾃｰｼﾞｸﾚｲφ35xH35,10号/懸崖鉢,φ35×H35｜口径φ33｜Bφ24,35,33,33,FRP,,なし,8600,https://www.foyer-shop.com/view/item/000000015094,,,,,,,
ホワイエ,3A00155BWD,FRﾊﾞﾚﾙﾎﾟｯﾄ ﾌﾞﾗｯｼｭﾄﾞｳｯﾄﾞM φ38.5xH42.5,8号/懸崖鉢,φ38.5×T32.5×H42.5｜口径φ27,42.5,27,42,ポリエチレン,,なし,13000,https://www.foyer-shop.com/view/item/000000014559,,,,,,,
ホワイエ,3A00153OLG,FRﾌﾚｱﾘﾑﾎ ｵﾘｰﾌﾞｸﾞﾘｰﾝM φ39.5xH35.5,10号/※懸崖鉢は入りません,φ39.5×H35.5｜口径φ36.5｜B24,35.5,36.5,35,FRP,,なし,10600,https://www.foyer-shop.com/view/item/000000014555,,,,,,,
ホワイエ,3A00153CGY,FRﾌﾚｱﾘﾑﾎ ﾁｬｺｰﾙｸﾞﾚｰM φ39.5xH35.5,10号/※懸崖鉢は入りません,φ39.5×H35.5｜口径φ36.5｜B24,35.5,36.5,35,FRP,,なし,10600,https://www.foyer-shop.com/view/item/000000014557,,,,,,,
ホワイエ,3A00152OLG,FRﾌﾚｱﾘﾑﾎ ｵﾘｰﾌﾞｸﾞﾘｰﾝS φ35xH30.5,8号/懸崖鉢,φ35×H30.5｜口径φ32.5｜B21.5,30.5,32.5,30,FRP,,なし,7800,https://www.foyer-shop.com/view/item/000000014556,,,,,,,
ホワイエ,3A00152CGY,FRﾌﾚｱﾘﾑﾎ ﾁｬｺｰﾙｸﾞﾚｰS φ35xH30.5,8号/懸崖鉢,φ35×H30.5｜口径φ32.5｜B21.5,30.5,32.5,30,FRP,,なし,7800,https://www.foyer-shop.com/view/item/000000014558,,,,,,,
ホワイエ,3A00147WH,FRｱｰﾙﾎﾟｯﾄｵﾌﾎﾜｲﾄL φ44xH43,10号/懸崖鉢,φ44×H43｜口径φ37,43,37,40,ポリエチレン,,なし,14000,https://www.foyer-shop.com/view/item/000000013522,,,,,,,
ホワイエ,3A00147BK,FRｱｰﾙﾎﾟｯﾄﾌﾞﾗｯｸL φ44xH43,10号/懸崖鉢,φ44×H43｜口径φ37,43,37,40,ポリエチレン,,なし,14000,https://www.foyer-shop.com/view/item/000000013525,,,,,,,
ホワイエ,3A00146WH,FRｱｰﾙﾎﾟｯﾄｵﾌﾎﾜｲﾄM φ36xH35,９号,φ36×H35｜口径φ30,35,30,33,ポリエチレン,,なし,10400,https://www.foyer-shop.com/view/item/000000013523,,,,,,,
ホワイエ,3A00146BK,FRｱｰﾙﾎﾟｯﾄﾌﾞﾗｯｸM φ36xH35,９号,φ36×H35｜口径φ30,35,30,33,ポリエチレン,,なし,10400,https://www.foyer-shop.com/view/item/000000013526,,,,,,,
ホワイエ,3A00145WH,FRｱｰﾙﾎﾟｯﾄｵﾌﾎﾜｲﾄS φ29.5xH28,8号/懸崖鉢,φ29.5×H28｜口径φ25,28,24,27,ポリエチレン,,なし,6800,https://www.foyer-shop.com/view/item/000000013524,,,,,,,
ホワイエ,3A00145BK,FRｱｰﾙﾎﾟｯﾄﾌﾞﾗｯｸS φ29.5xH28,8号/懸崖鉢,φ29.5×H28｜口径φ25,28,24,27,ポリエチレン,,なし,6800,https://www.foyer-shop.com/view/item/000000013527,,,,,,,
ホワイエ,3A00144PM,FRﾌﾗｽﾎﾟｯﾄ ﾊﾟﾃｨｰﾅﾒﾀﾙφ44xH39.5,10号/懸崖鉢,φ44×H39.5｜φ34,39.5,34,38.5,FRP,,なし,14300,https://www.foyer-shop.com/view/item/000000012826,,,,,,,
ホワイエ,3A00144AP,FRﾌﾗｽﾎﾟｯﾄ ｱﾝﾃｨｰｸﾋﾟｭｰﾀｰφ44xH39.5,10号/懸崖鉢,φ44×H39.5｜φ34,39.5,34,38.5,FRP,,なし,14300,https://www.foyer-shop.com/view/item/000000012825,,,,,,,
ホワイエ,3A00143PM,FRﾌﾗｽﾎﾟｯﾄ ﾊﾟﾃｨｰﾅﾒﾀﾙφ33.5xH30.5,8号/※懸崖鉢は入りません,φ33.5×H30.5｜φ25,30.5,25,30,FRP,,なし,9800,https://www.foyer-shop.com/view/item/000000012824,,,,,,,
ホワイエ,3A00143AP,FRﾌﾗｽﾎﾟｯﾄ ｱﾝﾃｨｰｸﾋﾟｭｰﾀｰφ33.5xH30.5,8号/※懸崖鉢は入りません,φ33.5×H30.5｜φ25,30.5,25,30,FRP,,なし,9800,https://www.foyer-shop.com/view/item/000000012823,,,,,,,
ホワイエ,3A00141GY,FR盤ｽﾄｰﾝｸﾞﾚｰφ45xH30,8号/懸崖鉢,φ45×H30,30,42.5,28,FRP,,なし,11600,https://www.foyer-shop.com/view/item/000000011583,,,,,,,
ホワイエ,3A00141BK,FR盤ｽﾄｰﾝﾌﾞﾗｯｸφ45xH30,8号/懸崖鉢,φ45×H30,30,42.5,28,FRP,,なし,11600,https://www.foyer-shop.com/view/item/000000011582,,,,,,,
ホワイエ,3A00137BK,FRﾗｳﾝﾄﾞﾌﾟﾗﾝﾀｰﾌﾞﾗｯｸｽﾄｰﾝM φ35xH42.5,10号/懸崖鉢,φ35×H42.5,42.5,33,40,ポリエチレン,,なし,10600,https://www.foyer-shop.com/view/item/000000009936,,,,,,,
ホワイエ,3A00136BK,FRﾗｳﾝﾄﾞﾌﾟﾗﾝﾀｰﾌﾞﾗｯｸｽﾄｰﾝS φ28xH34.5,8号/懸崖鉢,φ28×H34.5,34.5,27,33,ポリエチレン,,なし,7200,https://www.foyer-shop.com/view/item/000000009937,,,,,,,
ホワイエ,3A00135BK,FR円柱ﾌﾞﾗｯｸｽﾄｰﾝLL φ43xH43.5,10号/懸崖鉢,φ43×H43.5,43.5,41.5,42,FRP,,なし,13800,https://www.foyer-shop.com/view/item/000000009938,,,,,,,
ホワイエ,3A00134WST,FR円柱ﾎﾜｲﾄｽﾄｰﾝL φ35xH35.5,10号/懸崖鉢,φ35×H35.5,35.5,33.5,34,FRP,,なし,11600,https://www.foyer-shop.com/view/item/000000009939,,,,,,,
ホワイエ,3A00134SL,FR円柱ﾌﾞﾗｯｼｭﾄﾞｽﾁｰﾙL φ35xH35.5,10号/懸崖鉢,φ35×H35.5,35.5,33.5,34,FRP,,なし,10200,https://www.foyer-shop.com/view/item/000000009942,,,,,,,
ホワイエ,3A00134BWD,FR円柱ﾌﾞﾗｯｼｭﾄﾞｳｯﾄﾞL φ35xH35.5,10号/懸崖鉢,φ35×H35.5,35.5,33.5,34,FRP,,なし,10600,https://www.foyer-shop.com/view/item/000000014553,,,,,,,
ホワイエ,3A00134BK,FR円柱ﾌﾞﾗｯｸｽﾄｰﾝL φ35xH35.5,10号/懸崖鉢,φ35×H35.5,35.5,33.5,34,FRP,,なし,10200,https://www.foyer-shop.com/view/item/000000009943,,,,,,,
ホワイエ,3A00133WST,FR円柱ﾎﾜｲﾄｽﾄｰﾝM φ28xH28,8号/懸崖鉢,φ28×H28,28,26.5,27,FRP,,なし,7200,https://www.foyer-shop.com/view/item/000000009944,,,,,,,
ホワイエ,3A00133SL,FR円柱ﾌﾞﾗｯｼｭﾄﾞｽﾁｰﾙM φ28xH28,8号/懸崖鉢,φ28×H28,28,26.5,27,FRP,,なし,6400,https://www.foyer-shop.com/view/item/000000009963,,,,,,,
ホワイエ,3A00133BWD,FR円柱ﾌﾞﾗｯｼｭﾄﾞｳｯﾄﾞM φ28xH28,8号/懸崖鉢,φ28×H28,28,26.5,27,FRP,,なし,6800,https://www.foyer-shop.com/view/item/000000014554,,,,,,,
ホワイエ,3A00133BK,FR円柱ﾌﾞﾗｯｸｽﾄｰﾝM φ28xH28,8号/懸崖鉢,φ28×H28,28,26.5,27,FRP,,なし,6400,https://www.foyer-shop.com/view/item/000000009964,,,,,,,
ホワイエ,3A00129WH,FRﾉﾙﾃﾞｨｯｸﾎﾟｯﾄﾎﾜｲﾄL φ44xH44.5,10号/11号,φ44×H44.5｜口径φ38.5,44.5,38.5,44,ポリエチレン,,なし,15000,https://www.foyer-shop.com/view/item/000000009967,,,,,,,
ホワイエ,3A00129GY,FRﾉﾙﾃﾞｨｯｸﾎﾟｯﾄｸﾞﾚｰL φ44xH44.5,10号/11号,φ44×H44.5｜口径φ38.5,44.5,38.5,44,ポリエチレン,,なし,15000,https://www.foyer-shop.com/view/item/000000009968,,,,,,,
ホワイエ,3A00129BR,FRﾉﾙﾃﾞｨｯｸﾎﾟｯﾄｼﾀﾞｰﾌﾞﾗｳﾝL φ44xH44.5,10号/11号,φ44×H44.5｜口径φ38.5,44.5,38.5,44,ポリエチレン,,なし,15000,https://www.foyer-shop.com/view/item/000000009969,,,,,,,
ホワイエ,3A00129BK,FRﾉﾙﾃﾞｨｯｸﾎﾟｯﾄﾌﾞﾗｯｸL φ44xH44.5,10号/11号,φ44×H44.5｜口径φ38.5,44.5,38.5,44,ポリエチレン,,なし,15000,https://www.foyer-shop.com/view/item/000000009970,,,,,,,
ホワイエ,3A00128WH,FRﾉﾙﾃﾞｨｯｸﾎﾟｯﾄﾎﾜｲﾄM φ37xH37.5,10号,φ37×H37.5｜口径φ32,37.5,32,37,ポリエチレン,,なし,10600,https://www.foyer-shop.com/view/item/000000009971,,,,,,,
ホワイエ,3A00128GY,FRﾉﾙﾃﾞｨｯｸﾎﾟｯﾄｸﾞﾚｰM φ37xH37.5,10号,φ37×H37.5｜口径φ32,37.5,32,37,ポリエチレン,,なし,10600,https://www.foyer-shop.com/view/item/000000009972,,,,,,,
ホワイエ,3A00128BR,FRﾉﾙﾃﾞｨｯｸﾎﾟｯﾄｼﾀﾞｰﾌﾞﾗｳﾝM φ37xH37.5,10号,φ37×H37.5｜口径φ32,37.5,32,37,ポリエチレン,,なし,10600,https://www.foyer-shop.com/view/item/000000009973,,,,,,,
ホワイエ,3A00128BK,FRﾉﾙﾃﾞｨｯｸﾎﾟｯﾄﾌﾞﾗｯｸM φ37xH37.5,10号,φ37×H37.5｜口径φ32,37.5,32,37,ポリエチレン,,なし,10600,https://www.foyer-shop.com/view/item/000000009974,,,,,,,
ホワイエ,3A00127WH,FRﾉﾙﾃﾞｨｯｸﾎﾟｯﾄﾎﾜｲﾄS φ31xH31.5,8号/懸崖鉢,φ31×H31.5｜口径φ26.5,31.5,26.5,31,ポリエチレン,,なし,7200,https://www.foyer-shop.com/view/item/000000009975,,,,,,,
ホワイエ,3A00127GY,FRﾉﾙﾃﾞｨｯｸﾎﾟｯﾄｸﾞﾚｰS φ31xH31.5,8号/懸崖鉢,φ31×H31.5｜口径φ26.5,31.5,26.5,31,ポリエチレン,,なし,7200,https://www.foyer-shop.com/view/item/000000009976,,,,,,,
ホワイエ,3A00127BK,FRﾉﾙﾃﾞｨｯｸﾎﾟｯﾄﾌﾞﾗｯｸS φ31xH31.5,8号/懸崖鉢,φ31×H31.5｜口径φ26.5,31.5,26.5,31,ポリエチレン,,なし,7200,https://www.foyer-shop.com/view/item/000000009978,,,,,,,
ホワイエ,3A00116BK,FR円錐ﾛﾝｸﾞ ｺﾙﾁﾅﾌﾞﾗｯｸM φ32xH58,9号,φ32×H58｜口径φ31,58,29.5,54,FRP,,なし,11600,https://www.foyer-shop.com/view/item/000000009167,,,,,,,
ホワイエ,3A00116,FR円錐ﾛﾝｸﾞ ｺﾙﾁﾅﾌﾞﾗｯｸM φ32xH59,9号,φ32×H58｜口径φ31,58,29.5,54,FRP,,なし,11600,https://www.foyer-shop.com/view/item/000000004467,,,,,,,
ホワイエ,3A00106BK,FRﾗｲﾄﾎﾟｯﾄﾋﾞﾝﾃｰｼﾞﾌﾞﾗｯｸ φ40xH37,10号※懸崖鉢は入りません,φ40×H37｜口径φ31.5,37,30,33,ポリエチレン,,なし,11900,https://www.foyer-shop.com/view/item/000000013160,,,,,,,
ホワイエ,3A00106,FRﾗｲﾄﾎﾟｯﾄｸﾞﾚｰ φ40xH37,10号※懸崖鉢は入りません,φ40×H37｜口径φ31.5,37,30,33,ポリエチレン,,なし,11900,https://www.foyer-shop.com/view/item/000000004094,,,,,,,
ホワイエ,3A00100,FR円錐ﾛﾝｸﾞﾎﾜｲﾄｽﾄｰﾝM φ43.5xH60.5,10号/懸崖鉢,φ43.5×H60.5｜口径φ40.5,60.5,40.5,59,FRP,,なし,17600,https://www.foyer-shop.com/view/item/000000004818,,,,,,,
ホワイエ,3A00099,FR円錐ﾛﾝｸﾞﾎﾜｲﾄｽﾄｰﾝS φ36xH50,10号/懸崖鉢,φ36×H50｜口径φ33.5,50,33.5,49,FRP,,なし,10200,https://www.foyer-shop.com/view/item/000000001741,,,,,,,
ホワイエ,3A00091,FR円錐ﾎﾟｯﾄﾎﾜｲﾄｽﾄｰﾝL φ42xH45,10号/懸崖鉢,φ42×H45｜口径φ40.5,45,40.5,42,FRP,,なし,10600,https://www.foyer-shop.com/view/item/000000001738,,,,,,,
ホワイエ,3A00090,FR円錐ﾎﾟｯﾄﾎﾜｲﾄｽﾄｰﾝM φ35xH37,10号/懸崖鉢,φ35×H37｜口径φ31.5,37,31.5,36,FRP,,なし,7300,https://www.foyer-shop.com/view/item/000000001737,,,,,,,
ホワイエ,3A00089,FR円錐ﾎﾟｯﾄﾎﾜｲﾄｽﾄｰﾝS φ28xH29,8号/懸崖鉢,φ28×H29｜口径φ25.5,29,25.5,28,FRP,,なし,4400,https://www.foyer-shop.com/view/item/000000009984,,,,,,,
ホワイエ,3A00088,FR円錐ﾎﾟｯﾄｻﾝﾀﾞﾙｳｯﾄﾞL φ42xH45,10号/懸崖鉢,φ42×H45｜口径φ40.5,45,40.5,42,FRP,,なし,10600,https://www.foyer-shop.com/view/item/000000001735,,,,,,,
ホワイエ,3A00087,FR円錐ﾎﾟｯﾄｻﾝﾀﾞﾙｳｯﾄﾞM φ35xH37,10号※懸崖鉢は入りません,φ35×H37｜口径φ31.5,37,31.5,36,FRP,,なし,7300,https://www.foyer-shop.com/view/item/000000001734,,,,,,,
ホワイエ,3A00086,FR円錐ﾎﾟｯﾄｻﾝﾀﾞﾙｳｯﾄﾞS φ28xH29,8号/懸崖鉢,φ28×H29｜口径φ25.5,29,25.5,28,FRP,,なし,4400,https://www.foyer-shop.com/view/item/000000009986,,,,,,,
ホワイエ,3A00023BK,FRﾎﾟｯﾃﾘｰﾌﾞﾗｯｸﾛｯｸM φ42xH44.5,10号/懸崖鉢,φ42×H44.5｜口径φ37,44.5,37,42,FRP,,なし,17200,https://www.foyer-shop.com/view/item/000000012024,,,,,,,
ホワイエ,3A00023,FRﾎﾟｯﾃﾘｰﾎﾜｲﾄｽﾄｰﾝM φ42xH44.5,10号/懸崖鉢,φ42×H44.5｜口径φ37,44.5,37,42,FRP,,なし,17200,https://www.foyer-shop.com/view/item/000000009988,,,,,,,
ホワイエ,3A00022,FRﾎﾟｯﾃﾘｰﾎﾜｲﾄｽﾄｰﾝS φ36xH36.5,10号※懸崖鉢は入りません,φ36×H36.5｜口径φ30,36.5,30,35,FRP,,なし,11800,https://www.foyer-shop.com/view/item/000000009989,,,,,,,
ホワイエ,3A00005,FR円柱ﾗｽﾃｨｯｸｸﾞﾚｰL φ35xH35.5,10号/懸崖鉢,φ35×H35.5,35.5,33.5,34,FRP,,なし,10600,https://www.foyer-shop.com/view/item/000000009992,,,,,,,
ホワイエ,3A00004,FR円柱ﾗｽﾃｨｯｸｸﾞﾚｰM φ28xH28,8号/懸崖鉢,φ28×H28,28,26.5,27,FRP,,なし,6800,https://www.foyer-shop.com/view/item/000000009993,,,,,,,
ホワイエ,3600013GL,FLﾘﾌﾟﾙﾎﾟｯﾄGL φ27xH30,8号/懸崖鉢,φ27×H30,30,26.5,30,アイアン,,なし,14000,https://www.foyer-shop.com/view/item/000000014884,,,,,,,
ホワイエ,3600013BK,FLﾘﾌﾟﾙﾎﾟｯﾄBK φ27xH30,8号/懸崖鉢,φ27×H30,30,26.5,30,アイアン,,なし,14000,https://www.foyer-shop.com/view/item/000000014885,,,,,,,
ホワイエ,7700157,MHﾚｻﾞｰﾎﾟｯﾄ10号 ｱｯｼｭｸﾞﾚｰ,10号,φ35×H37,37,35,37,フェイクレザー,,なし,2700,https://www.foyer-shop.com/view/item/000000011220,,,,,,,
ホワイエ,7700156,MHﾚｻﾞｰﾎﾟｯﾄ8号 ｱｯｼｭｸﾞﾚｰ,8号,φ30×H31,31,30,31,フェイクレザー,,なし,2200,https://www.foyer-shop.com/view/item/000000011219,,,,,,,
ホワイエ,7700149,MHﾓｸﾞﾗｽﾎﾟｯﾄ 8号 ,8号,φ31×H32,32,29,31,シーグラス,,なし,3400,https://www.foyer-shop.com/view/item/000000011184,,,,,,,
ホワイエ,7700144,MHﾎｸﾞﾎﾟｯﾄ 8号 ,8号,φ30×H33,33,29,33,シーグラス,,なし,2100,https://www.foyer-shop.com/view/item/000000011181,,,,,,,
ホワイエ,7700128,MHﾚｻﾞｰﾎﾟｯﾄ10号用,10号,φ35×H37,37,35,37,フェイクレザー,,なし,2700,https://www.foyer-shop.com/view/item/000000009414,,,,,,,
ホワイエ,7700127,MHﾚｻﾞｰﾎﾟｯﾄ8号用,8号,φ30×H31,31,30,31,フェイクレザー,,なし,2200,https://www.foyer-shop.com/view/item/000000009416,,,,,,,
ホワイエ,7700119,MHｼﾞｭｰﾄ麻ﾎﾟｯﾄ10号用,10号,φ34×H37.5,37.5,34,37.5,ジュート麻,,なし,1790,https://www.foyer-shop.com/view/item/000000009430,,,,,,,
ホワイエ,7300021,NBﾙｰﾑﾍﾟｰﾊﾟｰﾎﾟｯﾄｶｰｷﾌﾞﾗｳﾝ10号,10号,φ35×H37.5,37.5,35,37.5,クラフトペーパー,,なし,1680,https://www.foyer-shop.com/view/item/000000013293,,,,,,,
ホワイエ,7300020,NBﾙｰﾑﾍﾟｰﾊﾟｰﾎﾟｯﾄｶｰｷﾌﾞﾗｳﾝ8号,8号,φ30×H31,31,30,31,クラフトペーパー,,なし,1280,https://www.foyer-shop.com/view/item/000000013292,,,,,,,
丸又平野陶器店,AM01-45CM GL,8号用,セメント,45(27)×H36,,27.,,,,,18000,,,,,,,,
丸又平野陶器店,AM01-45CM WH,8号用,セメント,45(27)×H36,,27.,,,,,18000,,,,,,,,
丸又平野陶器店,AM55L　BL,10号用,セメント,47（41）×45(39)×H45,,41.,,,,,18000,,,,,,,,
丸又平野陶器店,AM55L　GL,10号用,セメント,47（41）×45(39)×H45,,41.,,,,,18000,,,,,,,,
丸又平野陶器店,AM55M　BL,8号用,セメント,37（32）×34(29)×H35,,32.,,,,,10000,,,,,,,,
丸又平野陶器店,AM55M　GL,8号用,セメント,37（32）×34(29)×H35,,32.,,,,,10000,,,,,,,,
丸又平野陶器店,AQ001L　BR,10号用,陶器,45（34）×H40,,34.,,,,,15000,,,,,,,,
丸又平野陶器店,AQ001M　BR,7号用,陶器,32（24）×H30,,24.,,,,,8000,,,,,,,,
丸又平野陶器店,AQ002L　BR,10号用,陶器,45（38）×H50,,38.,,,,,19000,,,,,,,,
丸又平野陶器店,AQ002M　BR,8号用,陶器,36（29）×H40,,29.,,,,,10000,,,,,,,,
丸又平野陶器店,AQ003L　BR,10号用,陶器,41（36）×H52,,36.,,,,,17000,,,,,,,,
丸又平野陶器店,AQ003M　BR,8号用,陶器,32（27）×H45,,27.,,,,,10000,,,,,,,,
丸又平野陶器店,AQ004L　BR,10号用,陶器,41（37）×H40,,37.,,,,,15000,,,,,,,,
丸又平野陶器店,AQ004M　BR,8号用,陶器,32（27）×H34,,27.,,,,,8000,,,,,,,,
丸又平野陶器店,AQ005L CB,10号用,陶器,42（37）×H40,,37.,,,,,14000,,,,,,,,
丸又平野陶器店,AQ005L GL,10号用,陶器,42（37）×H40,,37.,,,,,14000,,,,,,,,
丸又平野陶器店,AQ005M CB,8号用,陶器,32（27）×H30,,27.,,,,,7000,,,,,,,,
丸又平野陶器店,AQ005M GL,8号用,陶器,32（27）×H30,,27.,,,,,7000,,,,,,,,
丸又平野陶器店,AT012-35CM　,8号用,陶器,36(30)×H30,,30.,,,,,10000,,,,,,,,
丸又平野陶器店,AT012-45CM,10号用,陶器,45（39）×H39,,39.,,,,,19000,,,,,,,,
丸又平野陶器店,AT012-55CM,12号用,陶器,56（46）×H48,,46.,,,,,38000,,,,,,,,
丸又平野陶器店,AT015-40CM ,10号用,陶器,39（33）×H47,,33.,,,,,18000,,,,,,,,
丸又平野陶器店,AT015-50CM,12号用,陶器,50（43）×H58,,43.,,,,,32000,,,,,,,,
丸又平野陶器店,AT017-35CM,8号用,陶器,34（27）×H28,,27.,,,,,10000,,,,,,,,
丸又平野陶器店,AT017-45CM,10号用,陶器,46（38）×H38,,38.,,,,,20000,,,,,,,,
丸又平野陶器店,BP01-49CM BE,12号用,バンブー・セメント,49（45）×H43,,45.,,,,,22000,,,,,,,,
丸又平野陶器店,BP01-49CM GL,12号用,バンブー・セメント,49（45）×H43,,45.,,,,,22000,,,,,,,,
丸又平野陶器店,BP08-32CM BE,8号用,バンブー・セメント,32（28）×H40,,28.,,,,,14000,,,,,,,,
丸又平野陶器店,BP08-32CM GL,8号用,バンブー・セメント,32（28）×H40,,28.,,,,,14000,,,,,,,,
丸又平野陶器店,BP08-40CM BE,10号用,バンブー・セメント,39（35）×H54,,35.,,,,,20000,,,,,,,,
丸又平野陶器店,BP08-40CM GL,10号用,バンブー・セメント,39（35）×H54,,35.,,,,,20000,,,,,,,,
丸又平野陶器店,CE01L　BL,10号用,陶器,38(32)×38（32）×H40,,32.,,,,,11000,,,,,,,,
丸又平野陶器店,CE01L　WH,10号用,陶器,38(32)×38（32）×H40,,32.,,,,,11000,,,,,,,,
丸又平野陶器店,CE01M　BL,8号用,陶器,31（27）×31（27）×H36,,27.,,,,,6000,,,,,,,,
丸又平野陶器店,CE01M　WH,8号用,陶器,31（27）×31（27）×H36,,27.,,,,,6000,,,,,,,,
丸又平野陶器店,CE01S　BL,6号用,陶器,26（21）×26（21）×H34,,21.,,,,,4000,,,,,,,,
丸又平野陶器店,CE01S　WH,6号用,陶器,26（21）×26（21）×H34,,21.,,,,,4000,,,,,,,,
丸又平野陶器店,CE02L　BL,10号用,陶器,40（34）×H40,,34.,,,,,10000,,,,,,,,
丸又平野陶器店,CE02L　WH,10号用,陶器,40（34）×H40,,34.,,,,,10000,,,,,,,,
丸又平野陶器店,CE02M　BL,8号用,陶器,33（27）×H36,,27.,,,,,4500,,,,,,,,
丸又平野陶器店,CE02M　WH,8号用,陶器,33（27）×H36,,27.,,,,,4500,,,,,,,,
丸又平野陶器店,CE03M　WH,8号用,陶器,31（26）×31（26）×H59,,26.,,,,,13000,,,,,,,,
丸又平野陶器店,CE03S　BL,6号用,陶器,24（20）×24（20）×H49,,20.,,,,,7000,,,,,,,,
丸又平野陶器店,CE03S　WH,6号用,陶器,24（20）×24（20）×H49,,20.,,,,,7000,,,,,,,,
丸又平野陶器店,CE04M　WH,8号用,陶器,31（26）×H59,,26.,,,,,11000,,,,,,,,
丸又平野陶器店,CE04S　WH,6号用,陶器,25（20）×H49,,20.,,,,,6600,,,,,,,,
丸又平野陶器店,CH01-40CM　BR,8号用,ファイバー・セメント,38（27）×H36.5,,27.,,,,,9000,,,,,,,,
丸又平野陶器店,CH01-45CM　BR,10号用,ファイバー・セメント,45（33）×H43,,33.,,,,,14000,,,,,,,,
丸又平野陶器店,CH02-34CM GL,8号用,ファイバー・セメント,34（27）×H33,,27.,,,,,7000,,,,,,,,
丸又平野陶器店,CH02-34CM WH,8号用,ファイバー・セメント,34（27）×H33,,27.,,,,,7000,,,,,,,,
丸又平野陶器店,CH02-34CM WOOD,8号用,ファイバー・セメント,34（27）×H33,,27.,,,,,8000,,,,,,,,
丸又平野陶器店,CH02-44CM GL,10号用,ファイバー・セメント,44（36）×H40,,36.,,,,,12000,,,,,,,,
丸又平野陶器店,CH02-44CM WH,10号用,ファイバー・セメント,44（36）×H40,,36.,,,,,12000,,,,,,,,
丸又平野陶器店,CH02-44CM WOOD,10号用,ファイバー・セメント,44（36）×H40,,36.,,,,,13000,,,,,,,,
丸又平野陶器店,CH03-30CM GL,8号用,ファイバー・セメント,30（27）×H33,,27.,,,,,6000,,,,,,,,
丸又平野陶器店,CH03-30CM WH,8号用,ファイバー・セメント,30（27）×H33,,27.,,,,,6000,,,,,,,,
丸又平野陶器店,CH03-30CM WOOD,8号用,ファイバー・セメント,30（27）×H33,,27.,,,,,7000,,,,,,,,
丸又平野陶器店,CH03-37CM GL,10号用,ファイバー・セメント,37（33）×H40,,33.,,,,,11000,,,,,,,,
丸又平野陶器店,CH03-37CM WH,10号用,ファイバー・セメント,37（33）×H40,,33.,,,,,11000,,,,,,,,
丸又平野陶器店,CH03-37CM WOOD,10号用,ファイバー・セメント,37（33）×H40,,33.,,,,,12000,,,,,,,,
丸又平野陶器店,CH04-35CM DW,8号用,ファイバー・セメント,32（26）×H38,,26.,,,,,9000,,,,,,,,
丸又平野陶器店,CH04-45CM DW,10号用,ファイバー・セメント,45（35）×H50,,35.,,,,,15000,,,,,,,,
丸又平野陶器店,CP001L　GL　,10号用,ファイバー・セメント,41(33)×H49,,33.,,,,,20000,,,,,,,,
丸又平野陶器店,CP001L　WH,10号用,ファイバー・セメント,41(33)×H49,,33.,,,,,20000,,,,,,,,
丸又平野陶器店,CP001M GL,8号用,ファイバー・セメント,32(25)×H37,,25.,,,,,8000,,,,,,,,
丸又平野陶器店,CP001M WH,8号用,ファイバー・セメント,32(25)×H37,,25.,,,,,8000,,,,,,,,
丸又平野陶器店,CP002L GL,10号用,ファイバー・セメント,41(33)×H38,,33.,,,,,16000,,,,,,,,
丸又平野陶器店,CP002L WH,10号用,ファイバー・セメント,41(33)×H38,,33.,,,,,16000,,,,,,,,
丸又平野陶器店,CP002M GL,8号用,ファイバー・セメント,32(25)×H30,,25.,,,,,7000,,,,,,,,
丸又平野陶器店,CP002M WH,8号用,ファイバー・セメント,32(25)×H30,,25.,,,,,7000,,,,,,,,
丸又平野陶器店,CP003L　GL　,10号用,ファイバー・セメント,42(36)×H38,,36.,,,,,16000,,,,,,,,
丸又平野陶器店,CP003L　WH,10号用,ファイバー・セメント,42(36)×H38,,36.,,,,,16000,,,,,,,,
丸又平野陶器店,CP003M GL,8号用,ファイバー・セメント,32(27)×H30,,27.,,,,,7000,,,,,,,,
丸又平野陶器店,CP003M WH,8号用,ファイバー・セメント,32(27)×H30,,27.,,,,,7000,,,,,,,,
丸又平野陶器店,CP-021S AQ,5号用,ファイバー・セメント,22(18)×H20,,18.,,,,,3000,,,,,,,,
丸又平野陶器店,CP-021S BE,5号用,ファイバー・セメント,22(18)×H20,,18.,,,,,3000,,,,,,,,
丸又平野陶器店,CP-021S GR,5号用,ファイバー・セメント,22(18)×H20,,18.,,,,,3000,,,,,,,,
丸又平野陶器店,CP-021S LG,5号用,ファイバー・セメント,22(18)×H20,,18.,,,,,3000,,,,,,,,
丸又平野陶器店,CP-021S RE,5号用,ファイバー・セメント,22(18)×H20,,18.,,,,,3000,,,,,,,,
丸又平野陶器店,CP-024L AQ,10号用,ファイバー・セメント,40(33)×H40,,33.,,,,,17000,,,,,,,,
丸又平野陶器店,CP-024L BE,10号用,ファイバー・セメント,40(33)×H40,,33.,,,,,17000,,,,,,,,
丸又平野陶器店,CP-024L GR,10号用,ファイバー・セメント,40(33)×H40,,33.,,,,,17000,,,,,,,,
丸又平野陶器店,CP-024L LG,10号用,ファイバー・セメント,40(33)×H40,,33.,,,,,17000,,,,,,,,
丸又平野陶器店,CP-024L RE,10号用,ファイバー・セメント,40(33)×H40,,33.,,,,,17000,,,,,,,,
丸又平野陶器店,CP-024M AQ,8号用,ファイバー・セメント,32(26)×H32,,26.,,,,,8000,,,,,,,,
丸又平野陶器店,CP-024M BE,8号用,ファイバー・セメント,32(26)×H32,,26.,,,,,8000,,,,,,,,
丸又平野陶器店,CP-024M GR,8号用,ファイバー・セメント,32(26)×H32,,26.,,,,,8000,,,,,,,,
丸又平野陶器店,CP-024M LG,8号用,ファイバー・セメント,32(26)×H32,,26.,,,,,8000,,,,,,,,
丸又平野陶器店,CP-024M RE,8号用,ファイバー・セメント,32(26)×H32,,26.,,,,,8000,,,,,,,,
丸又平野陶器店,CP-026L AQ,10号用,ファイバー・セメント,40(33)×H40,,33.,,,,,17000,,,,,,,,
丸又平野陶器店,CP-026L BE,10号用,ファイバー・セメント,40(33)×H40,,33.,,,,,17000,,,,,,,,
丸又平野陶器店,CP-026L GR,10号用,ファイバー・セメント,40(33)×H40,,33.,,,,,17000,,,,,,,,
丸又平野陶器店,CP-026L LG,10号用,ファイバー・セメント,40(33)×H40,,33.,,,,,17000,,,,,,,,
丸又平野陶器店,CP-026L RE,10号用,ファイバー・セメント,40(33)×H40,,33.,,,,,17000,,,,,,,,
丸又平野陶器店,CP-026M AQ,8号用,ファイバー・セメント,32(27)×H32,,27.,,,,,8000,,,,,,,,
丸又平野陶器店,CP-026M BE,8号用,ファイバー・セメント,32(27)×H32,,27.,,,,,8000,,,,,,,,
丸又平野陶器店,CP-026M GR,8号用,ファイバー・セメント,32(27)×H32,,27.,,,,,8000,,,,,,,,
丸又平野陶器店,CP-026M LG,8号用,ファイバー・セメント,32(27)×H32,,27.,,,,,8000,,,,,,,,
丸又平野陶器店,CP-026M RE,8号用,ファイバー・セメント,32(27)×H32,,27.,,,,,8000,,,,,,,,
丸又平野陶器店,DZ002L　SD,12号用,陶器,56（46）×H48,,46.,,,,,38000,,,,,,,,
丸又平野陶器店,DZ002M　SD,10号用,陶器,45（37）×H34,,37.,,,,,19000,,,,,,,,
丸又平野陶器店,ＤＺ002Ｓ　ＳＤ,8号用,陶器,36(30)×H30,,30.,,,,,10000,,,,,,,,
丸又平野陶器店,DZ005M SD,12号用,陶器,50（43）×H58,,43.,,,,,35000,,,,,,,,
丸又平野陶器店,DZ005S SD,10号用,陶器,39（33）×H47,,33.,,,,,18000,,,,,,,,
丸又平野陶器店,FA01L  GL,10号用,ファイバー・セメント,42（32）×H38,,32.,,,,,16000,,,,,,,,
丸又平野陶器店,FA01L  WS,10号用,ファイバー・セメント,42（32）×H38,,32.,,,,,16000,,,,,,,,
丸又平野陶器店,FA01M　GL,7号用,ファイバー・セメント,31（23）×H28,,23.,,,,,7000,,,,,,,,
丸又平野陶器店,FA01M　WS,7号用,ファイバー・セメント,31（23）×H28,,23.,,,,,7000,,,,,,,,
丸又平野陶器店,FB001L　BR,10号用,ファイバー・セメント,42（32）×H38,,32.,,,,,16000,,,,,,,,
丸又平野陶器店,FB001M　BR,8号用,ファイバー・セメント,31（23）×H28,,23.,,,,,7000,,,,,,,,
丸又平野陶器店,FB006M BR,10号用,ファイバー・セメント,40（34）×H44,,34.,,,,,16000,,,,,,,,
丸又平野陶器店,FB006S BR,8号用,ファイバー・セメント,33（28）×H31,,28.,,,,,8000,,,,,,,,
丸又平野陶器店,FB008M　BR,9号用,ファイバー・セメント,36(32)×H45,,32.,,,,,12000,,,,,,,,
丸又平野陶器店,FB019L BR,10号用,ファイバー・セメント,46(39)×H41,,39.,,,,,18000,,,,,,,,
丸又平野陶器店,FB019M BR,8号用,ファイバー・セメント,37(31)×H33,,31.,,,,,9000,,,,,,,,
丸又平野陶器店,FD41L GL,10号用,ファイバー・セメント,50（36）×H74,,36.,,,,,27000,,,,,,,,
丸又平野陶器店,FD41L IV,10号用,ファイバー・セメント,50（36）×H74,,36.,,,,,27000,,,,,,,,
丸又平野陶器店,FD42L GL,12号用,ファイバー・セメント,55（43）×H48,,43.,,,,,19000,,,,,,,,
丸又平野陶器店,FD42L IV,12号用,ファイバー・セメント,55（43）×H48,,43.,,,,,19000,,,,,,,,
丸又平野陶器店,FD42M GL,8号用,ファイバー・セメント,41（30）×H38,,30.,,,,,13000,,,,,,,,
丸又平野陶器店,FD42M IV,8号用,ファイバー・セメント,41（30）×H38,,30.,,,,,13000,,,,,,,,
丸又平野陶器店,FD43L GL,10号用,ファイバー・セメント,52（35）×H40,,35.,,,,,18000,,,,,,,,
丸又平野陶器店,FD43L IV,10号用,ファイバー・セメント,52（35）×H40,,35.,,,,,18000,,,,,,,,
丸又平野陶器店,FF01 M BR,8号用,ファイバー・セメント,38(30)×H56,,30.,,,,,15000,,,,,,,,
丸又平野陶器店,FGC06M GL,10号用,ファイバー・セメント,40（34）×H44,,34.,,,,,16000,,,,,,,,
丸又平野陶器店,FGC06S GL,8号用,ファイバー・セメント,33（28）×H31,,28.,,,,,8000,,,,,,,,
丸又平野陶器店,FGC08 GL,9号用,ファイバー・セメント,36（32）×H45,,32.,,,,,12000,,,,,,,,
丸又平野陶器店,FGC19L GL,10号用,ファイバー・セメント,46（39）×H41,,39.,,,,,18000,,,,,,,,
丸又平野陶器店,FGC19M GL,8号用,ファイバー・セメント,37（31）×H33,,31.,,,,,9000,,,,,,,,
丸又平野陶器店,FGC23 GL,10号用,ファイバー・セメント,40（34）×H65,,34.,,,,,22000,,,,,,,,
丸又平野陶器店,FIC01 L GL,10号用,ファイバー・セメント,43(37)×43(37)×H80,,37.,,,,,33000,,,,,,,,
丸又平野陶器店,FIC01 L IV,10号用,ファイバー・セメント,43(37)×43(37)×H80,,37.,,,,,33000,,,,,,,,
丸又平野陶器店,FIC01 M GL,8号用,ファイバー・セメント,33(28)×33(28)×H60,,28.,,,,,18000,,,,,,,,
丸又平野陶器店,FIC01 M IV,8号用,ファイバー・セメント,33(28)×33(28)×H60,,28.,,,,,18000,,,,,,,,
丸又平野陶器店,FIC02 L GL,10号用,ファイバー・セメント,47（41）×H100(34),,41.,,,,,39000,,,,,,,,
丸又平野陶器店,FIC02 L IV,10号用,ファイバー・セメント,47（41）×H100(34),,41.,,,,,39000,,,,,,,,
丸又平野陶器店,FIC02 M GL,8号用,ファイバー・セメント,37（32）×H80（28）,,32.,,,,,24000,,,,,,,,
丸又平野陶器店,FIC02 M IV,8号用,ファイバー・セメント,37（32）×H80（28）,,32.,,,,,24000,,,,,,,,
丸又平野陶器店,FIC04 M GL,10号用,ファイバー・セメント,40(34)×40(34)×H40,,34.,,,,,17000,,,,,,,,
丸又平野陶器店,FIC04 M IV,10号用,ファイバー・セメント,40(34)×40(34)×H40,,34.,,,,,17000,,,,,,,,
丸又平野陶器店,FIC06  S GL,8号用,ファイバー・セメント,33（28）×H31,,28.,,,,,8000,,,,,,,,
丸又平野陶器店,FIC06 M GL,10号用,ファイバー・セメント,40（34）×H44,,34.,,,,,16000,,,,,,,,
丸又平野陶器店,FIC06 M IV,10号用,ファイバー・セメント,40（34）×H44,,34.,,,,,16000,,,,,,,,
丸又平野陶器店,FIC06　S IV,8号用,ファイバー・セメント,33（28）×H31,,28.,,,,,8000,,,,,,,,
丸又平野陶器店,FIC08M　GL,9号用,ファイバー・セメント,36(32)×H45,,32.,,,,,12000,,,,,,,,
丸又平野陶器店,FIC08M　IV,9号用,ファイバー・セメント,36(32)×H45,,32.,,,,,12000,,,,,,,,
丸又平野陶器店,FIC11 GL,10号用,ファイバー・セメント,51(36)×H75,,36.,,,,,33000,,,,,,,,
丸又平野陶器店,FIC11 IV,10号用,ファイバー・セメント,51(36)×H75,,36.,,,,,33000,,,,,,,,
丸又平野陶器店,FIC12 GL,10号用,ファイバー・セメント,52(36)×H50,,36.,,,,,24000,,,,,,,,
丸又平野陶器店,FIC12 IV,10号用,ファイバー・セメント,52(36)×H50,,36.,,,,,24000,,,,,,,,
丸又平野陶器店,FIC15 GL,10号用,ファイバー・セメント,40(34)×H61,,34.,,,,,20000,,,,,,,,
丸又平野陶器店,FIC15　IV,10号用,ファイバー・セメント,40(34)×H61,,34.,,,,,20000,,,,,,,,
丸又平野陶器店,FIC17　M GL,10号用,ファイバー・セメント,39(33)×H40,,33.,,,,,16000,,,,,,,,
丸又平野陶器店,FIC17　M IV,10号用,ファイバー・セメント,39(33)×H40,,33.,,,,,16000,,,,,,,,
丸又平野陶器店,FIC17　S GL,7号用,ファイバー・セメント,29(23)×H30,,23.,,,,,8000,,,,,,,,
丸又平野陶器店,FIC17　S IV,7号用,ファイバー・セメント,29(23)×H30,,23.,,,,,8000,,,,,,,,
丸又平野陶器店,FIC19 L GL,10号用,ファイバー・セメント,46(39)×H41,,39.,,,,,18000,,,,,,,,
丸又平野陶器店,FIC19 L IV,10号用,ファイバー・セメント,46(39)×H41,,39.,,,,,18000,,,,,,,,
丸又平野陶器店,FIC19　M GL,8号用,ファイバー・セメント,37(31)×H33,,31.,,,,,9000,,,,,,,,
丸又平野陶器店,FIC19　M IV,8号用,ファイバー・セメント,37(31)×H33,,31.,,,,,9000,,,,,,,,
丸又平野陶器店,FIC20 L GL,10号用,ファイバー・セメント,42（37）×H37,,37.,,,,,16000,,,,,,,,
丸又平野陶器店,FIC20 L IV,10号用,ファイバー・セメント,42（37）×H37,,37.,,,,,16000,,,,,,,,
丸又平野陶器店,FIC20　M GL,8号用,ファイバー・セメント,34（29）×H29,,29.,,,,,8000,,,,,,,,
丸又平野陶器店,FIC20　M IV,8号用,ファイバー・セメント,34（29）×H29,,29.,,,,,8000,,,,,,,,
丸又平野陶器店,FIC31L GL,10号用,ファイバー・セメント,51（38）×H57,,38.,,,,,20000,,,,,,,,
丸又平野陶器店,FIC31L IV,10号用,ファイバー・セメント,51（38）×H57,,38.,,,,,20000,,,,,,,,
丸又平野陶器店,FIC31M GL,8号用,ファイバー・セメント,37（26）×H43,,26.,,,,,12000,,,,,,,,
丸又平野陶器店,FIC31M IV,8号用,ファイバー・セメント,37（26）×H43,,26.,,,,,12000,,,,,,,,
丸又平野陶器店,GA115-40CM　ＢＬ,10号用,ファイバー・セメント,40（35）×40（35）×H40,,35.,,,,,16000,,,,,,,,
丸又平野陶器店,GA115-40CM　GL,10号用,ファイバー・セメント,40（35）×40（35）×H40,,35.,,,,,16000,,,,,,,,
丸又平野陶器店,GA115-40CM　WH,10号用,ファイバー・セメント,40（35）×40（35）×H40,,35.,,,,,16000,,,,,,,,
丸又平野陶器店,GA115-50CM　ＢＬ,12号用,ファイバー・セメント,50（45）×50（45）×H50,,45.,,,,,27000,,,,,,,,
丸又平野陶器店,GA115-50CM　GL,12号用,ファイバー・セメント,50（45）×50（45）×H50,,45.,,,,,27000,,,,,,,,
丸又平野陶器店,GA115-50CM　WH,12号用,ファイバー・セメント,50（45）×50（45）×H50,,45.,,,,,27000,,,,,,,,
丸又平野陶器店,GB12-30CM　BL,8号用,プラスチック,30（28）×H45,,28.,,,,,8000,,,,,,,,
丸又平野陶器店,GB12-40CM　BL,10号用,プラスチック,40（38）×H60,,38.,,,,,18000,,,,,,,,
丸又平野陶器店,GB19-30CM　BL,8号用,プラスチック,30（28）×H29,,28.,,,,,4500,,,,,,,,
丸又平野陶器店,GB19-40CM　BL,10号用,プラスチック,40（38）×H38,,38.,,,,,8500,,,,,,,,
丸又平野陶器店,GB22-35CM BL,8号用,プラスチック,35（32）×H30,,32.,,,,,6000,,,,,,,,
丸又平野陶器店,GB22-45CM BL,10号用,プラスチック,45（41）×H39,,41.,,,,,10000,,,,,,,,
丸又平野陶器店,GH002L,10号用,ジュート・セメント,40（35）×40（35）×H80,,35.,,,,,35000,,,,,,,,
丸又平野陶器店,GH002M,10号用,ジュート・セメント,40（35）×40（35）×H74,,35.,,,,,30000,,,,,,,,
丸又平野陶器店,GH004L,12号用,ジュート・セメント,50（44）×50（44）×H50,,44.,,,,,22000,,,,,,,,
丸又平野陶器店,GH004M,10号用,ジュート・セメント,40（35）×40（35）×H40,,35.,,,,,15000,,,,,,,,
丸又平野陶器店,GH004M LV,10号用,ジュート・セメント,40（35）×40（35）×H40,,35.,,,,,17000,,,,,,,,
丸又平野陶器店,GH004M OV,10号用,ジュート・セメント,40（35）×40（35）×H40,,35.,,,,,17000,,,,,,,,
丸又平野陶器店,GH004S,8号用,ジュート・セメント,35（30）×35（30）H35,,30.,,,,,10000,,,,,,,,
丸又平野陶器店,GH004S LV,8号用,ジュート・セメント,35（30）×35（30）×H35,,30.,,,,,10000,,,,,,,,
丸又平野陶器店,GH004S OV,8号用,ジュート・セメント,35（30）×35（30）×H35,,30.,,,,,10000,,,,,,,,
丸又平野陶器店,GH004S　WH,8号用,ジュート・セメント,35（30）×35（30）×H35,,30.,,,,,10000,,,,,,,,
丸又平野陶器店,GH006-50CM,10号用,ジュート・セメント,50（46）×H40,,46.,,,,,20000,,,,,,,,
丸又平野陶器店,GH006-60CM,12号用,ジュート・セメント,60（56）×H46,,56.,,,,,28000,,,,,,,,
丸又平野陶器店,GH007-45CM,10号用,ジュート・セメント,45（39）×H60,,39.,,,,,22000,,,,,,,,
丸又平野陶器店,GH007-55CM,12号用,ジュート・セメント,55（47）×H75,,47.,,,,,45000,,,,,,,,
丸又平野陶器店,GH008L,10号用,ジュート・セメント,45（39）×H45,,39.,,,,,19000,,,,,,,,
丸又平野陶器店,GH008L　WH,10号用,ジュート・セメント,45（39）×H45,,39.,,,,,19000,,,,,,,,
丸又平野陶器店,GH008M,9号用,ジュート・セメント,38（32）×H38,,32.,,,,,13000,,,,,,,,
丸又平野陶器店,GH008M LV,9号用,ジュート・セメント,38（32）×H38,,32.,,,,,13000,,,,,,,,
丸又平野陶器店,GH008M OV,9号用,ジュート・セメント,38（32）×H38,,32.,,,,,13000,,,,,,,,
丸又平野陶器店,GH008M　WH,9号用,ジュート・セメント,38（32）×H38,,32.,,,,,13000,,,,,,,,
丸又平野陶器店,GH008ML,10号用,ジュート・セメント,42（35）×H42,,35.,,,,,15000,,,,,,,,
丸又平野陶器店,GH008ML　WH,10号用,ジュート・セメント,42（35）×H42,,35.,,,,,16000,,,,,,,,
丸又平野陶器店,GH008S,7号用,ジュート・セメント,30（25）×H30,,25.,,,,,6500,,,,,,,,
丸又平野陶器店,GH008S LV,7号用,ジュート・セメント,30（25）×H30,,25.,,,,,6500,,,,,,,,
丸又平野陶器店,GH008S OV,7号用,ジュート・セメント,30（25）×H30,,25.,,,,,6500,,,,,,,,
丸又平野陶器店,GH008S　WH,7号用,ジュート・セメント,30（25）×H30,,25.,,,,,6500,,,,,,,,
丸又平野陶器店,GH009L,12号用,ジュート・セメント,50（44）×H50,,44.,,,,,21000,,,,,,,,
丸又平野陶器店,GH009M,10号用,ジュート・セメント,40（34）×H40,,34.,,,,,15000,,,,,,,,
丸又平野陶器店,GH009M LV,10号用,ジュート・セメント,40（34）×H40,,34.,,,,,16000,,,,,,,,
丸又平野陶器店,GH009M OV,10号用,ジュート・セメント,40（34）×H40,,34.,,,,,16000,,,,,,,,
丸又平野陶器店,GH009M　WH,10号用,ジュート・セメント,40（34）×H40,,34.,,,,,16000,,,,,,,,
丸又平野陶器店,GH009S,8号用,ジュート・セメント,35（31）×H35,,31.,,,,,10000,,,,,,,,
丸又平野陶器店,GH009S LV,8号用,ジュート・セメント,35（31）×H35,,31.,,,,,10000,,,,,,,,
丸又平野陶器店,GH009S OV,8号用,ジュート・セメント,35（31）×H35,,31.,,,,,10000,,,,,,,,
丸又平野陶器店,GH009S　WH,8号用,ジュート・セメント,35（31）×H35,,31.,,,,,10000,,,,,,,,
丸又平野陶器店,GH012M,8号用,ジュート・セメント,37（26）×H50,,26.,,,,,17000,,,,,,,,
丸又平野陶器店,GH016M,10号用,ジュート・セメント,40（33）×H78,,33.,,,,,33000,,,,,,,,
丸又平野陶器店,GH017-30CM,8号用,ジュート・セメント,30（25）×H40,,25.,,,,,13000,,,,,,,,
丸又平野陶器店,GH017-30CM　WH,8号用,ジュート・セメント,30（25）×H40,,25.,,,,,13000,,,,,,,,
丸又平野陶器店,GH04-30CM,7号用,ジュート・セメント,30（25）×30（25）×H30,,25.,,,,,9000,,,,,,,,
丸又平野陶器店,GH09-30CM,7号用,ジュート・セメント,30（25）×H30,,25.,,,,,9000,,,,,,,,
丸又平野陶器店,GH26-37CM,8号用,ジュート・セメント,37（27）×H29,,27.,,,,,9000,,,,,,,,
丸又平野陶器店,GH26-56CM,10号用,ジュート・セメント,56（44）×H41,,44.,,,,,19000,,,,,,,,
丸又平野陶器店,GN11-50CM LG,12号用,プラスチック,50(46)×H41,,46.,,,,,14000,,,,,,,,
丸又平野陶器店,GN12-30CM　LG,8号用,プラスチック,30（28）×H45,,28.,,,,,8000,,,,,,,,
丸又平野陶器店,GN19-30CM　LG,8号用,プラスチック,30（28）×H29,,28.,,,,,4500,,,,,,,,
丸又平野陶器店,GN19-40CM　LG,10号用,プラスチック,40（38）×H38,,38.,,,,,8500,,,,,,,,
丸又平野陶器店,GN22-35CM LG,8号用,プラスチック,35（32）×H30,,32.,,,,,6000,,,,,,,,
丸又平野陶器店,GN22-45CM LG,10号用,プラスチック,45（41）×H39,,41.,,,,,10000,,,,,,,,
丸又平野陶器店,GS11-50CM　GL,12号用,プラスチック,50（46）×H41,,46.,,,,,14000,,,,,,,,
丸又平野陶器店,GS12-30CM　GL　,8号用,プラスチック,30（28）×H45,,28.,,,,,8000,,,,,,,,
丸又平野陶器店,GS12-40CM　GL,10号用,プラスチック,40（38）×H60,,38.,,,,,18000,,,,,,,,
丸又平野陶器店,GS16-32CM　GL　,8号用,プラスチック,32（30）×H70,,30.,,,,,17000,,,,,,,,
丸又平野陶器店,GS19-30CM　GL,8号用,プラスチック,30（28）×H29,,28.,,,,,4500,,,,,,,,
丸又平野陶器店,GS19-40CM　GL,10号用,プラスチック,40（38）×H38,,38.,,,,,8500,,,,,,,,
丸又平野陶器店,GT11-50CM　TA,12号用,プラスチック,50(46)×H41,,46.,,,,,14000,,,,,,,,
丸又平野陶器店,GT12-30CM　TA,8号用,プラスチック,30（28）×H45,,28.,,,,,8000,,,,,,,,
丸又平野陶器店,GT19-30CM　TA,8号用,プラスチック,30（28）×H29,,28.,,,,,4500,,,,,,,,
丸又平野陶器店,GT19-40CM　TA,10号用,プラスチック,40（38）×H38,,38.,,,,,8500,,,,,,,,
丸又平野陶器店,GW11-50CM　WH,12号用,プラスチック,50（46）×H41,,46.,,,,,14000,,,,,,,,
丸又平野陶器店,GW12-30CM　WH　,8号用,プラスチック,30（28）×H45,,28.,,,,,8000,,,,,,,,
丸又平野陶器店,GW12-40CM　WH,10号用,プラスチック,40（38）×H60,,38.,,,,,18000,,,,,,,,
丸又平野陶器店,GW16-32CM　WH,8号用,プラスチック,32（30）×H70,,30.,,,,,17000,,,,,,,,
丸又平野陶器店,GW19-30CM　WH,8号用,プラスチック,30（28）×H29,,28.,,,,,4500,,,,,,,,
丸又平野陶器店,GW19-40CM　WH,10号用,プラスチック,40（38）×H38,,38.,,,,,8500,,,,,,,,
丸又平野陶器店,GW22-35CM WH,8号用,プラスチック,35（32）×H30,,32.,,,,,6000,,,,,,,,
丸又平野陶器店,GW22-45CM WH,10号用,プラスチック,45（41）×H39,,41.,,,,,10000,,,,,,,,
丸又平野陶器店,HH10-33CM　GL,8号用,FRP,33（29）×H30,,29.,,,,,9000,,,,,,,,
丸又平野陶器店,HH10-33CM　IV,8号用,FRP,33（29）×H30,,29.,,,,,9000,,,,,,,,
丸又平野陶器店,HH10-42CM　GL,8号用,FRP,42（36）×H38,,36.,,,,,18000,,,,,,,,
丸又平野陶器店,HH10-42CM　IV,10号用,FRP,42（36）×H38,,36.,,,,,18000,,,,,,,,
丸又平野陶器店,HP01-36CM CH,8号用,ポリレジン,36（32）×H40,,32.,,,,,18500,,,,,,,,
丸又平野陶器店,HP01-36CM TS,8号用,ポリレジン,36（32）×H40,,32.,,,,,18500,,,,,,,,
丸又平野陶器店,HP01-36CM WH,8号用,ポリレジン,36（32）×H40,,32.,,,,,18500,,,,,,,,
丸又平野陶器店,HP01-46CM　CH,10号用,ポリレジン,46（42）×H51,,42.,,,,,30000,,,,,,,,
丸又平野陶器店,HP01-46CM　TS,10号用,ポリレジン,46（42）×H51,,42.,,,,,30000,,,,,,,,
丸又平野陶器店,HP01-46CM　WH,10号用,ポリレジン,46（42）×H51,,42.,,,,,30000,,,,,,,,
丸又平野陶器店,HP03-40CM CH,10号用,ポリレジン,40（36）×H55,,36.,,,,,26000,,,,,,,,
丸又平野陶器店,HP03-40CM TS,10号用,ポリレジン,40（36）×H55,,36.,,,,,26000,,,,,,,,
丸又平野陶器店,HP03-40CM WH,10号用,ポリレジン,40（36）×H55,,36.,,,,,26000,,,,,,,,
丸又平野陶器店,HP04-42CM CH,10号用,ポリレジン,４２（３9）×H36,,519.,,,,,18000,,,,,,,,
丸又平野陶器店,HP04-42CM TS,10号用,ポリレジン,４２（３9）×H36,,519.,,,,,18000,,,,,,,,
丸又平野陶器店,HP04-42CM WH,10号用,ポリレジン,４２（３9）×H36,,519.,,,,,18000,,,,,,,,
丸又平野陶器店,HP05-35CM CH,8号用,ポリレジン,35（31）×H31,,31.,,,,,14000,,,,,,,,
丸又平野陶器店,HP05-35CM TS,8号用,ポリレジン,35（31）×H31,,31.,,,,,14000,,,,,,,,
丸又平野陶器店,HP05-35CM WH,8号用,ポリレジン,35（31）×H31,,31.,,,,,14000,,,,,,,,
丸又平野陶器店,HP05-42CM　CH,10号用,ポリレジン,42（38）×H37,,38.,,,,,22000,,,,,,,,
丸又平野陶器店,HP05-42CM　TS,10号用,ポリレジン,42（38）×H37,,38.,,,,,22000,,,,,,,,
丸又平野陶器店,HP05-42CM　WH,10号用,ポリレジン,42（38）×H37,,38.,,,,,22000,,,,,,,,
丸又平野陶器店,HS10-29CM BR,7号用,ポリレジン,29（25）×H30,,25.,,,,,11000,,,,,,,,
丸又平野陶器店,HS10-29CM CR,7号用,ポリレジン,29（25）×H30,,25.,,,,,11000,,,,,,,,
丸又平野陶器店,HS10-42CM　BR,10号用,ポリレジン,42（38）×H42,,38.,,,,,20000,,,,,,,,
丸又平野陶器店,HS10-42CM　CR,10号用,ポリレジン,42（38）×H42,,38.,,,,,20000,,,,,,,,
丸又平野陶器店,IZ002L  GL,10号用,ファイバー・セメント,47（41）×H100（34）,,41.,,,,,39000,,,,,,,,
丸又平野陶器店,IZ002M　GL,8号用,ファイバー・セメント,37（32）×H80（28）,,32.,,,,,24000,,,,,,,,
丸又平野陶器店,IZ006M GL,10号用,ファイバー・セメント,40（34）×H44,,34.,,,,,16000,,,,,,,,
丸又平野陶器店,IZ006S　GL,8号用,ファイバー・セメント,33（28）×H31,,28.,,,,,8000,,,,,,,,
丸又平野陶器店,IZ008L  GL,10号用,ファイバー・セメント,46(40)×H55,,40.,,,,,22000,,,,,,,,
丸又平野陶器店,IZ008M　GL,9号用,ファイバー・セメント,36(32)×H45,,32.,,,,,12000,,,,,,,,
丸又平野陶器店,IZ015　GL,10号用,ファイバー・セメント,40(34)×H61,,34.,,,,,18000,,,,,,,,
丸又平野陶器店,IZ019 L GL,10号用,ファイバー・セメント,46(39)×H41,,39.,,,,,18000,,,,,,,,
丸又平野陶器店,IZ019　M GL,8号用,ファイバー・セメント,37(31)×H33,,31.,,,,,9000,,,,,,,,
丸又平野陶器店,J501L　BL,10号用,陶器,40（35）×H44 ,,35.,,,,,10000,,,,,,,,
丸又平野陶器店,J501L　WH,10号用,陶器,40（35）×H44 ,,35.,,,,,10000,,,,,,,,
丸又平野陶器店,J501M　BL,8号用,陶器,33（29）×H40,,29.,,,,,5500,,,,,,,,
丸又平野陶器店,J501M　WH,8号用,陶器,33（29）×H40,,29.,,,,,5500,,,,,,,,
丸又平野陶器店,KK002L　GO,12号用,陶器,56（46）×H48,,46.,,,,,38000,,,,,,,,
丸又平野陶器店,KK002M GO,10号用,陶器,45（37）×H34,,37.,,,,,19000,,,,,,,,
丸又平野陶器店,KK002Ｓ　GO,8号用,陶器,36(30)×H30,,30.,,,,,10000,,,,,,,,
丸又平野陶器店,KK005M GO,12号用,陶器,50（43）×H58,,43.,,,,,35000,,,,,,,,
丸又平野陶器店,KK005S GO,10号用,陶器,39（33）×H47,,33.,,,,,18000,,,,,,,,
丸又平野陶器店,LG06M GL,10号用,ファイバー・セメント,40（34）×H44,,34.,,,,,16000,,,,,,,,
丸又平野陶器店,LG06S GL,8号用,ファイバー・セメント,33（28）×H31,,28.,,,,,8000,,,,,,,,
丸又平野陶器店,LG08M GL,8号用,ファイバー・セメント,36（32）×H45,,32.,,,,,12000,,,,,,,,
丸又平野陶器店,LG19L GL,10号用,ファイバー・セメント,46（39）×H41,,39.,,,,,18000,,,,,,,,
丸又平野陶器店,LG19M GL,8号用,ファイバー・セメント,37（31）×H33,,31.,,,,,9000,,,,,,,,
丸又平野陶器店,LG20L GL,10号用,ファイバー・セメント,42（37）×H37,,37.,,,,,16000,,,,,,,,
丸又平野陶器店,LG20M GL,8号用,ファイバー・セメント,34（29）×H29,,29.,,,,,8000,,,,,,,,
丸又平野陶器店,LG21 GL,9号用,ファイバー・セメント,50（31.5）×H40,,31.5,,,,,18000,,,,,,,,
丸又平野陶器店,LT003L　BU,12号用,陶器,54（48）×H46,,48.,,,,,36000,,,,,,,,
丸又平野陶器店,LT003L IV,12号用,陶器,54（48）×H46,,48.,,,,,36000,,,,,,,,
丸又平野陶器店,LT003L　WG,12号用,陶器,54（48）×H46,,48.,,,,,36000,,,,,,,,
丸又平野陶器店,LT003M　BU,10号用,陶器,43（36）×H42,,36.,,,,,20000,,,,,,,,
丸又平野陶器店,LT003M　ＩＶ,10号用,陶器,43（36）×H42,,36.,,,,,20000,,,,,,,,
丸又平野陶器店,LT003M　WG,10号用,陶器,43（36）×H42,,36.,,,,,20000,,,,,,,,
丸又平野陶器店,LT003S　BU　　,7号用,陶器,34（27）×H29,,27.,,,,,10000,,,,,,,,
丸又平野陶器店,LT003S　ＩＶ　　,7号用,陶器,34（27）×H29,,27.,,,,,10000,,,,,,,,
丸又平野陶器店,LT003S　WG　　,7号用,陶器,34（27）×H29,,27.,,,,,10000,,,,,,,,
丸又平野陶器店,LT006M　ＢＧ,10号用,陶器,42(33)×H40 ,,33.,,,,,19000,,,,,,,,
丸又平野陶器店,LT006M　ＩＶ,10号用,陶器,42(33)×H40 ,,33.,,,,,19000,,,,,,,,
丸又平野陶器店,LT006S　ＢＧ,7号用,陶器,30(25)×H30,,25.,,,,,9000,,,,,,,,
丸又平野陶器店,LT006S　ＩＶ,7号用,陶器,30(25)×H30,,25.,,,,,9000,,,,,,,,
丸又平野陶器店,LV01-32CM BR,8号用,セメント,31（29）×H31,,29.,,,,,10000,,,,,,,,
丸又平野陶器店,LV01-32CM TE,8号用,セメント,31（29）×H31,,29.,,,,,10000,,,,,,,,
丸又平野陶器店,LV01-39CM BR,10号用,セメント,39（35）×H37,,35.,,,,,15000,,,,,,,,
丸又平野陶器店,LV01-39CM TE,10号用,セメント,39（35）×H37,,35.,,,,,15000,,,,,,,,
丸又平野陶器店,LV02-39CM BR,8号用,セメント,39（32）×H35,,32.,,,,,13500,,,,,,,,
丸又平野陶器店,LV02-39CM TE,8号用,セメント,39（32）×H35,,32.,,,,,13500,,,,,,,,
丸又平野陶器店,LV02-48CM BR,10号用,セメント,47（40）×H42,,40.,,,,,20000,,,,,,,,
丸又平野陶器店,LV02-48CM TE,10号用,セメント,47（40）×H42,,40.,,,,,20000,,,,,,,,
丸又平野陶器店,LV05-53CM BR,10号用,セメント,51（34）×H48,,34.,,,,,30000,,,,,,,,
丸又平野陶器店,LV05-53CM TE,10号用,セメント,51（34）×H48,,34.,,,,,30000,,,,,,,,
丸又平野陶器店,LW06M WH,10号用,ファイバー・セメント,40（34）×H44,,34.,,,,,16000,,,,,,,,
丸又平野陶器店,LW06S WH,8号用,ファイバー・セメント,33（28）×H31,,28.,,,,,8000,,,,,,,,
丸又平野陶器店,LW08M WH,8号用,ファイバー・セメント,36（32）×H45,,32.,,,,,12000,,,,,,,,
丸又平野陶器店,LW19L WH,10号用,ファイバー・セメント,46（39）×H41,,39.,,,,,18000,,,,,,,,
丸又平野陶器店,LW19M WH,8号用,ファイバー・セメント,37（31）×H33,,31.,,,,,9000,,,,,,,,
丸又平野陶器店,LW20L WH,10号用,ファイバー・セメント,42（37）×H37,,37.,,,,,16000,,,,,,,,
丸又平野陶器店,LW20M WH,8号用,ファイバー・セメント,34（29）×H29,,29.,,,,,8000,,,,,,,,
丸又平野陶器店,LW21 WH,9号用,ファイバー・セメント,50（31.5）×H40,,31.5,,,,,18000,,,,,,,,
丸又平野陶器店,LW22L WH,10号用,ファイバー・セメント,42（32）×H38,,32.,,,,,16000,,,,,,,,
丸又平野陶器店,LW22M WH,7号用,ファイバー・セメント,31（23）×H28,,23.,,,,,7000,,,,,,,,
丸又平野陶器店,MM01-33CM BL,8号用,鉄,33（30）×H35,,30.,,,,,5000,,,,,,,,
丸又平野陶器店,MM01-33CM GO,8号用,鉄,33（30）×H35,,30.,,,,,5000,,,,,,,,
丸又平野陶器店,MM01-38CM BL,10号用,鉄,38.5（35）×H39,,35.,,,,,10000,,,,,,,,
丸又平野陶器店,MM01-38CM GO,10号用,鉄,38.5（35）×H39,,35.,,,,,10000,,,,,,,,
丸又平野陶器店,MM02-37CM BL,8号用,鉄,36（28.5）×H36,,28.5,,,,,7000,,,,,,,,
丸又平野陶器店,MM02-37CM GO,8号用,鉄,36（28.5）×H36,,28.5,,,,,7000,,,,,,,,
丸又平野陶器店,MM02-47CM BL,10号用,鉄,47（38）×H48,,38.,,,,,15000,,,,,,,,
丸又平野陶器店,MM02-47CM GO,10号用,鉄,47（38）×H48,,38.,,,,,15000,,,,,,,,
丸又平野陶器店,MR6084L　BL,10号用,プラスチック,42（39）×H45,,39.,,,,,9800,,,,,,,,
丸又平野陶器店,MR6084L　WH,10号用,プラスチック,42（39）×H45,,39.,,,,,9800,,,,,,,,
丸又平野陶器店,MR6084M BL,8号用,プラスチック,34（31）×H37,,31.,,,,,7500,,,,,,,,
丸又平野陶器店,MR6084M WH,8号用,プラスチック,34（31）×H37,,31.,,,,,7500,,,,,,,,
丸又平野陶器店,NP71L BU  ,10号用,陶器,40（36）×H38,,36.,,,,,16000,,,,,,,,
丸又平野陶器店,NP71M BU,8号用,陶器,36（32）×H30,,32.,,,,,9000,,,,,,,,
丸又平野陶器店,NP72L BU  ,10号用,陶器,41（37）×H38,,37.,,,,,16000,,,,,,,,
丸又平野陶器店,NP72M BU,8号用,陶器,35（31）×H30,,31.,,,,,9000,,,,,,,,
丸又平野陶器店,NP74L AW,8号用,陶器,38（32）×H50,,32.,,,,,20000,,,,,,,,
丸又平野陶器店,NP74L BU,8号用,陶器,38（32）×H50,,32.,,,,,20000,,,,,,,,
丸又平野陶器店,PL23-33CM　GL,8号用,FRP,33（29）×H30,,29.,,,,,10000,,,,,,,,
丸又平野陶器店,PL23-33CM　IV,8号用,FRP,33（29）×H30,,29.,,,,,10000,,,,,,,,
丸又平野陶器店,PL23-42CM　GL,10号用,FRP,42（36）×H38,,36.,,,,,20000,,,,,,,,
丸又平野陶器店,PL23-42CM　IV,10号用,FRP,42（36）×H38,,36.,,,,,20000,,,,,,,,
丸又平野陶器店,PL23-50CM　GL,12号用,FRP,50（44）×H45 ,,44.,,,,,30000,,,,,,,,
丸又平野陶器店,PL23-50CM　IV　,12号用,FRP,50（44）×H45 ,,44.,,,,,30000,,,,,,,,
丸又平野陶器店,PS14-40CM GL,10号用,FRP,40（34）×40（34）×H40,,34.,,,,,20000,,,,,,,,
丸又平野陶器店,PS14-40CM IV,10号用,FRP,40（34）×40（34）×H40,,34.,,,,,20000,,,,,,,,
丸又平野陶器店,PS16-37CM GL,10号用,FRP,37（33）×H37,,33.,,,,,12000,,,,,,,,
丸又平野陶器店,PS16-37CM IV,10号用,FRP,37（33）×H37,,33.,,,,,12000,,,,,,,,
丸又平野陶器店,PS16-44CM GL,12号用,FRP,44（39）×H44,,39.,,,,,20000,,,,,,,,
丸又平野陶器店,PS16-44CM IV,12号用,FRP,44（39）×H44,,39.,,,,,20000,,,,,,,,
丸又平野陶器店,PS17-30CM GL,7号用,FRP,30（23.5）×H30,,23.5,,,,,8500,,,,,,,,
丸又平野陶器店,PS17-30CM IV,7号用,FRP,30（23.5）×H30,,23.5,,,,,8500,,,,,,,,
丸又平野陶器店,PS17-42CM GL,10号用,FRP,42（34）×H42,,34.,,,,,19000,,,,,,,,
丸又平野陶器店,PS17-42CM IV,10号用,FRP,42（34）×H42,,34.,,,,,19000,,,,,,,,
丸又平野陶器店,RA02-32CM GL,8号用,ファイバー・セメント,32（24.5）×H32,,24.5,,,,,6000,,,,,,,,
丸又平野陶器店,RA02-32CM WH,8号用,ファイバー・セメント,32（24.5）×H32,,24.5,,,,,6000,,,,,,,,
丸又平野陶器店,RA04-30CM GL,8号用,ファイバー・セメント,30（24）×30（24）×H30,,24.,,,,,8000,,,,,,,,
丸又平野陶器店,RA04-30CM WH,8号用,ファイバー・セメント,30（24）×30（24）×H30,,24.,,,,,8000,,,,,,,,
丸又平野陶器店,RA04-40CM GL,10号用,ファイバー・セメント,40（33）×40（33）×H40,,33.,,,,,13000,,,,,,,,
丸又平野陶器店,RA04-40CM WH,10号用,ファイバー・セメント,40（33）×40（33）×H40,,33.,,,,,13000,,,,,,,,
丸又平野陶器店,RA05-30CM GL,8号用,ファイバー・セメント,30（26.5）×H30,,26.5,,,,,6000,,,,,,,,
丸又平野陶器店,RA05-30CM WH,8号用,ファイバー・セメント,30（26.5）×H30,,26.5,,,,,6000,,,,,,,,
丸又平野陶器店,RA05-42CM GL,10号用,ファイバー・セメント,42（37）×H42,,37.,,,,,10000,,,,,,,,
丸又平野陶器店,RA05-42CM WH,10号用,ファイバー・セメント,42（37）×H42,,37.,,,,,10000,,,,,,,,
丸又平野陶器店,RA21-30CM GL,7号用,ファイバー・セメント,29（22.5）×H31,,22.5,,,,,5500,,,,,,,,
丸又平野陶器店,RA21-40CM GL,9号用,ファイバー・セメント,40（30.5）×H42,,30.5,,,,,11000,,,,,,,,
丸又平野陶器店,RA22-32CM GL,7号用,ファイバー・セメント,31（24.5）×H32,,24.5,,,,,6000,,,,,,,,
丸又平野陶器店,RA22-43CM GL,10号用,ファイバー・セメント,42（33）×H42,,33.,,,,,12000,,,,,,,,
丸又平野陶器店,RD01-32CM BE,8号用,ファイバー・セメント,32（29）×H32,,29.,,,,,7000,,,,,,,,
丸又平野陶器店,RD01-32CM GL,8号用,ファイバー・セメント,32（29）×H32,,29.,,,,,7000,,,,,,,,
丸又平野陶器店,RD01-32CM WH,8号用,ファイバー・セメント,32（29）×H32,,29.,,,,,7000,,,,,,,,
丸又平野陶器店,RD01-37CM BE,10号用,ファイバー・セメント,37（34）×H37,,34.,,,,,12000,,,,,,,,
丸又平野陶器店,RD01-37CM GL,10号用,ファイバー・セメント,37（34）×H37,,34.,,,,,12000,,,,,,,,
丸又平野陶器店,RD01-37CM WH,10号用,ファイバー・セメント,37（34）×H37,,34.,,,,,12000,,,,,,,,
丸又平野陶器店,RD02-36CM BE,8号用,ファイバー・セメント,36（33）×H35,,33.,,,,,9000,,,,,,,,
丸又平野陶器店,RD02-36CM GL,8号用,ファイバー・セメント,36（33）×H35,,33.,,,,,9000,,,,,,,,
丸又平野陶器店,RD02-36CM WH,8号用,ファイバー・セメント,36（33）×H35,,33.,,,,,9000,,,,,,,,
丸又平野陶器店,RD02-40CM BE,10号用,ファイバー・セメント,40（37）×H39,,37.,,,,,15000,,,,,,,,
丸又平野陶器店,RD02-40CM GL,10号用,ファイバー・セメント,40（37）×H39,,37.,,,,,15000,,,,,,,,
丸又平野陶器店,RD02-40CM WH,10号用,ファイバー・セメント,40（37）×H39,,37.,,,,,15000,,,,,,,,
丸又平野陶器店,RD03-42CM BE,9号用,ファイバー・セメント,42（32.5）×H38,,32.5,,,,,15000,,,,,,,,
丸又平野陶器店,RD03-42CM GL,9号用,ファイバー・セメント,42（32.5）×H38,,32.5,,,,,15000,,,,,,,,
丸又平野陶器店,RD03-42CM WH,9号用,ファイバー・セメント,42（32.5）×H38,,32.5,,,,,15000,,,,,,,,
丸又平野陶器店,RD06-35CM BE,8号用,ファイバー・セメント,35（29）×H34,,29.,,,,,9000,,,,,,,,
丸又平野陶器店,RD06-35CM GL,8号用,ファイバー・セメント,35（29）×H34,,29.,,,,,9000,,,,,,,,
丸又平野陶器店,RD06-35CM WH,8号用,ファイバー・セメント,35（29）×H34,,29.,,,,,9000,,,,,,,,
丸又平野陶器店,RD06-45CM BE,10号用,ファイバー・セメント,45（38）×H45,,38.,,,,,16000,,,,,,,,
丸又平野陶器店,RD06-45CM GL,10号用,ファイバー・セメント,45（38）×H45,,38.,,,,,16000,,,,,,,,
丸又平野陶器店,RD06-45CM WH,10号用,ファイバー・セメント,45（38）×H45,,38.,,,,,16000,,,,,,,,
丸又平野陶器店,RD07-39CM BE,8号用,ファイバー・セメント,39（30）×H50,,30.,,,,,16000,,,,,,,,
丸又平野陶器店,RD07-39CM GL,8号用,ファイバー・セメント,39（30）×H50,,30.,,,,,16000,,,,,,,,
丸又平野陶器店,RD07-39CM WH,8号用,ファイバー・セメント,39（30）×H50,,30.,,,,,16000,,,,,,,,
丸又平野陶器店,TL25L　BE,10号用,セメント,40（35）×H39,,35.,,,,,15000,,,,,,,,
丸又平野陶器店,TL25L　GL,10号用,セメント,40（35）×H39,,35.,,,,,15000,,,,,,,,
丸又平野陶器店,TL25L　WH,10号用,セメント,40（35）×H39,,35.,,,,,15000,,,,,,,,
丸又平野陶器店,TL25M　BE,8号用,セメント,32（28.5）×H32,,28.5,,,,,8000,,,,,,,,
丸又平野陶器店,TL25M　GL,8号用,セメント,32（28.5）×H32,,28.5,,,,,8000,,,,,,,,
丸又平野陶器店,TL25M　WH,8号用,セメント,32（28.5）×H32,,28.5,,,,,8000,,,,,,,,
丸又平野陶器店,TL37L　BE,10号用,セメント,42（35.5）×H40,,35.5,,,,,16000,,,,,,,,
丸又平野陶器店,TL37L　GL,10号用,セメント,42（35.5）×H40,,35.5,,,,,16000,,,,,,,,
丸又平野陶器店,TL37L　WH,10号用,セメント,42（35.5）×H40,,35.5,,,,,16000,,,,,,,,
丸又平野陶器店,TL37M　BE,8号用,セメント,34（28）×H32,,28.,,,,,8000,,,,,,,,
丸又平野陶器店,TL37M　GL,8号用,セメント,34（28）×H32,,28.,,,,,8000,,,,,,,,
丸又平野陶器店,TL37M　WH,8号用,セメント,34（28）×H32,,28.,,,,,8000,,,,,,,,
丸又平野陶器店,TL38L　BE,10号用,セメント,39（34）×H70,,34.,,,,,22000,,,,,,,,
丸又平野陶器店,TL38L　GL,10号用,セメント,39（34）×H70,,34.,,,,,22000,,,,,,,,
丸又平野陶器店,TL38L　WH,10号用,セメント,39（34）×H70,,34.,,,,,22000,,,,,,,,
丸又平野陶器店,TL38M　BE,8号用,セメント,30（26）×H60,,26.,,,,,13000,,,,,,,,
丸又平野陶器店,TL38M　GL,8号用,セメント,30（26）×H60,,26.,,,,,13000,,,,,,,,
丸又平野陶器店,TL38M　WH,8号用,セメント,30（26）×H60,,26.,,,,,13000,,,,,,,,
丸又平野陶器店,TL41L　BE,10号用,セメント,48（39）×H44,,39.,,,,,20000,,,,,,,,
丸又平野陶器店,TL41L　GL,10号用,セメント,48（39）×H44,,39.,,,,,20000,,,,,,,,
丸又平野陶器店,TL41L　WH,10号用,セメント,48（39）×H44,,39.,,,,,20000,,,,,,,,
丸又平野陶器店,TL41M　BE,8号用,セメント,35（27）×H33,,27.,,,,,9000,,,,,,,,
丸又平野陶器店,TL41M　GL,8号用,セメント,35（27）×H33,,27.,,,,,9000,,,,,,,,
丸又平野陶器店,TL41M　WH,8号用,セメント,35（27）×H33,,27.,,,,,9000,,,,,,,,
丸又平野陶器店,TP02-44CM GL,8号用,FRP,44（25）×H37,,25.,,,,,15000,,,,,,,,
丸又平野陶器店,TP02-44CM SD,8号用,FRP,44（25）×H37,,25.,,,,,15000,,,,,,,,
丸又平野陶器店,TP02-55CM GL,10号用,FRP,54（38）×H46,,38.,,,,,23000,,,,,,,,
丸又平野陶器店,TP02-55CM SD,10号用,FRP,54（38）×H46,,38.,,,,,23000,,,,,,,,
丸又平野陶器店,TP02-70CM GL,12号用,FRP,68（45）×H60,,45.,,,,,57000,,,,,,,,
丸又平野陶器店,TP02-70CM SD,12号用,FRP,68（45）×H60,,45.,,,,,57000,,,,,,,,
丸又平野陶器店,TP03-48CM GL,10号用,FRP,47（32）×H54,,32.,,,,,23000,,,,,,,,
丸又平野陶器店,TP03-48CM SD,10号用,FRP,47（32）×H54,,32.,,,,,23000,,,,,,,,
丸又平野陶器店,VT01L GL,10号用,ファイバー・セメント,45(40)×H40,,40.,,,,,14000,,,,,,,,
丸又平野陶器店,VT01L NA,10号用,ファイバー・セメント,45(40)×H40,,40.,,,,,14000,,,,,,,,
丸又平野陶器店,VT01L ST,10号用,ファイバー・セメント,45(40)×H40,,40.,,,,,14000,,,,,,,,
丸又平野陶器店,VT01M GL,8号用,ファイバー・セメント,35（31）×H30,,31.,,,,,8000,,,,,,,,
丸又平野陶器店,VT01M NA,8号用,ファイバー・セメント,35（31）×H30,,31.,,,,,8000,,,,,,,,
丸又平野陶器店,VT01M ST,8号用,ファイバー・セメント,35（31）×H30,,31.,,,,,8000,,,,,,,,
丸又平野陶器店,VT02L GL,10号用,ファイバー・セメント,40(34.5)×H40,,34.5,,,,,12000,,,,,,,,
丸又平野陶器店,VT02L NA,10号用,ファイバー・セメント,40(34.5)×H40,,34.5,,,,,12000,,,,,,,,
丸又平野陶器店,VT02L ST,10号用,ファイバー・セメント,40(34.5)×H40,,34.5,,,,,12000,,,,,,,,
丸又平野陶器店,VT02LL NA,12号用,ファイバー・セメント,49(44)×H50,,44.,,,,,20000,,,,,,,,
丸又平野陶器店,VT02M GL,8号用,ファイバー・セメント,30（26）×H30,,26.,,,,,7000,,,,,,,,
丸又平野陶器店,VT02M NA,8号用,ファイバー・セメント,30（26）×H30,,26.,,,,,7000,,,,,,,,
丸又平野陶器店,VT02M ST,8号用,ファイバー・セメント,30（26）×H30,,26.,,,,,7000,,,,,,,,
丸又平野陶器店,VT03M GL,8号用,ファイバー・セメント,29(26)×H59,,26.,,,,,14000,,,,,,,,
丸又平野陶器店,VT03M NA,8号用,ファイバー・セメント,29(26)×H59,,26.,,,,,14000,,,,,,,,
丸又平野陶器店,VT03M ST,8号用,ファイバー・セメント,29(26)×H59,,26.,,,,,14000,,,,,,,,
丸又平野陶器店,VT03S GL,6号用,ファイバー・セメント,25（21）×H49,,21.,,,,,7000,,,,,,,,
丸又平野陶器店,VT03S NA,6号用,ファイバー・セメント,25（21）×H49,,21.,,,,,7000,,,,,,,,
丸又平野陶器店,VT03S ST,6号用,ファイバー・セメント,25（21）×H49,,21.,,,,,7000,,,,,,,,
丸又平野陶器店,VT04L GL,10号用,ファイバー・セメント,42(37)×H42,,37.,,,,,12000,,,,,,,,
丸又平野陶器店,VT04L NA,10号用,ファイバー・セメント,42(37)×H42,,37.,,,,,12000,,,,,,,,
丸又平野陶器店,VT04L RG,10号用,ファイバー・セメント,42（37）×H42,,37.,,,,,13000,,,,,,,,
丸又平野陶器店,VT04L ST,10号用,ファイバー・セメント,42(37)×H42,,37.,,,,,12000,,,,,,,,
丸又平野陶器店,VT04LL NA,12号用,ファイバー・セメント,50(44)×H50,,44.,,,,,20000,,,,,,,,
丸又平野陶器店,VT04M GL,8号用,ファイバー・セメント,32（28）×H32,,28.,,,,,7000,,,,,,,,
丸又平野陶器店,VT04M NA,8号用,ファイバー・セメント,32（28）×H32,,28.,,,,,7000,,,,,,,,
丸又平野陶器店,VT04M RG,8号用,ファイバー・セメント,32（28）×H32,,28.,,,,,8000,,,,,,,,
丸又平野陶器店,VT04M ST,8号用,ファイバー・セメント,32（28）×H32,,28.,,,,,7000,,,,,,,,
丸又平野陶器店,VT05L GL,10号用,ファイバー・セメント,40(35)×H40,,35.,,,,,12000,,,,,,,,
丸又平野陶器店,VT05L NA,10号用,ファイバー・セメント,40(35)×H40,,35.,,,,,12000,,,,,,,,
丸又平野陶器店,VT05L ST,10号用,ファイバー・セメント,40(35)×H40,,35.,,,,,12000,,,,,,,,
丸又平野陶器店,J501　S/3　BL,8号用,ファイバー・セメント,,,,,,,,13000,,,,,,,,
丸又平野陶器店,VT05M GL,8号用,ファイバー・セメント,33（29）×H33,,29.,,,,,7000,,,,,,,,
丸又平野陶器店,VT05M NA,8号用,ファイバー・セメント,33（29）×H33,,29.,,,,,7000,,,,,,,,
丸又平野陶器店,VT05M ST,10号用,ファイバー・セメント,33（29）×H33,,29.,,,,,7000,,,,,,,,
丸又平野陶器店,J501　S/3　WH,10号用,ファイバー・セメント,,,,,,,,13000,,,,,,,,
丸又平野陶器店,VT06L GL,10号用,ファイバー・セメント,44(36)×H45,,36.,,,,,14000,,,,,,,,
丸又平野陶器店,VT06L NA,10号用,ファイバー・セメント,44(36)×H45,,36.,,,,,14000,,,,,,,,
丸又平野陶器店,VT06L RG,10号用,ファイバー・セメント,44（36）×H45,,36.,,,,,15000,,,,,,,,
丸又平野陶器店,VT06L ST,8号用,ファイバー・セメント,44(36)×H45,,36.,,,,,14000,,,,,,,,
丸又平野陶器店,VT06M GL,8号用,ファイバー・セメント,32（25）×H32,,25.,,,,,8000,,,,,,,,
丸又平野陶器店,VT06M NA,8号用,ファイバー・セメント,32（25）×H32,,25.,,,,,8000,,,,,,,,
丸又平野陶器店,VT06M RG,8号用,ファイバー・セメント,32（25）×H32,,25.,,,,,9000,,,,,,,,
丸又平野陶器店,VT06M ST,8号用,ファイバー・セメント,32（25）×H32,,25.,,,,,8000,,,,,,,,
丸又平野陶器店,VT07L GL,10号用,ファイバー・セメント,40(36)×H40,,36.,,,,,12000,,,,,,,,
丸又平野陶器店,VT07L NA,10号用,ファイバー・セメント,40(36)×H40,,36.,,,,,12000,,,,,,,,
丸又平野陶器店,VT07L ST,10号用,ファイバー・セメント,40(36)×H40,,36.,,,,,12000,,,,,,,,
丸又平野陶器店,VT07M GL,8号用,ファイバー・セメント,32（28）×H32,,28.,,,,,7000,,,,,,,,
丸又平野陶器店,VT07M NA,8号用,ファイバー・セメント,32（28）×H32,,28.,,,,,7000,,,,,,,,
丸又平野陶器店,VT07M ST,8号用,ファイバー・セメント,32（28）×H32,,28.,,,,,7000,,,,,,,,
丸又平野陶器店,VT08M NA,8号用,ファイバー・セメント,30（25）×H60,,25.,,,,,12000,,,,,,,,
丸又平野陶器店,VT09L NA,10号用,ファイバー・セメント,41（34）×H50,,34.,,,,,15000,,,,,,,,
丸又平野陶器店,VT09M NA,8号用,ファイバー・セメント,31（25）×H40,,25.,,,,,9000,,,,,,,,
丸又平野陶器店,VT14L NA,10号用,ファイバー・セメント,39.5（34）×39.5（34）×H40,,34.,,,,,12000,,,,,,,,
丸又平野陶器店,VT14M NA,8号用,ファイバー・セメント,32（28）×32（28）×H32,,28.,,,,,6500,,,,,,,,
丸又平野陶器店,VT31L NA,8号用,ファイバー・セメント,34×H48.5,,,,,,,10000,,,,,,,,
丸又平野陶器店,VT31L ST,8号用,ファイバー・セメント,34×H48.5,,,,,,,10000,,,,,,,,
丸又平野陶器店,XI-01　WH,10号用,MDF,44（38）×44（38）×H44,,38.,,,,,23000,,,,,,,,
丸又平野陶器店,XI-01　WOOD,10号用,MDF,44（38）×44（38）×H44,,38.,,,,,23000,,,,,,,,
丸又平野陶器店,XI-02　WH,10号用,MDF,54（40）×45（40）×H40,,40.,,,,,27000,,,,,,,,
丸又平野陶器店,XI-02　WOOD,10号用,MDF,54（40）×45（40）×H40,,40.,,,,,27000,,,,,,,,
丸又平野陶器店,XI-7-1　WOOD,10号用,MDF,45（35）×45（35）×H45,,35.,,,,,25000,,,,,,,,
丸又平野陶器店,YC18L BL　,10号用,ファイバー・セメント,45(38)×H43,,38.,,,,,13000,,,,,,,,
丸又平野陶器店,YC18L GL,10号用,ファイバー・セメント,45(38)×H43,,38.,,,,,13000,,,,,,,,
丸又平野陶器店,YC18L WH　,10号用,ファイバー・セメント,45(38)×H43,,38.,,,,,13000,,,,,,,,
丸又平野陶器店,YC18M BL,8号用,ファイバー・セメント,35(29)×H30,,29.,,,,,8000,,,,,,,,
丸又平野陶器店,YC18M GL,8号用,ファイバー・セメント,35(29)×H30,,29.,,,,,8000,,,,,,,,
丸又平野陶器店,YC18M WH,8号用,ファイバー・セメント,35(29)×H30,,29.,,,,,8000,,,,,,,,
丸又平野陶器店,YC19L BL　,10号用,ファイバー・セメント,40(33)×H40,,33.,,,,,13000,,,,,,,,
丸又平野陶器店,YC19L GL,10号用,ファイバー・セメント,40(33)×H40,,33.,,,,,13000,,,,,,,,
丸又平野陶器店,YC19L WH　,10号用,ファイバー・セメント,40(33)×H40,,33.,,,,,13000,,,,,,,,
丸又平野陶器店,YC19M BL,8号用,ファイバー・セメント,32(26)×H32,,26.,,,,,8000,,,,,,,,
丸又平野陶器店,YC19M GL,8号用,ファイバー・セメント,32(26)×H32,,26.,,,,,8000,,,,,,,,
丸又平野陶器店,YC19M WH,8号用,ファイバー・セメント,32(26)×H32,,26.,,,,,8000,,,,,,,,
丸又平野陶器店,YC22L BL　,10号用,ファイバー・セメント,42(34)×H44,,34.,,,,,14000,,,,,,,,
丸又平野陶器店,YC22L GL,10号用,ファイバー・セメント,42(34)×H44,,34.,,,,,14000,,,,,,,,
丸又平野陶器店,YC22L WH　,10号用,ファイバー・セメント,42(34)×H44,,34.,,,,,14000,,,,,,,,
丸又平野陶器店,YC22M BL,8号用,ファイバー・セメント,33(25)×H34,,25.,,,,,8000,,,,,,,,
丸又平野陶器店,YC22M GL,8号用,ファイバー・セメント,33(25)×H34,,25.,,,,,8000,,,,,,,,
丸又平野陶器店,YC22M WH,8号用,ファイバー・セメント,33(25)×H34,,25.,,,,,8000,,,,,,,,
丸又平野陶器店,YC23M BL,8号用,ファイバー・セメント,40(26)×H53,,26.,,,,,14000,,,,,,,,
丸又平野陶器店,YC23M GL,8号用,ファイバー・セメント,40(26)×H53,,26.,,,,,14000,,,,,,,,
丸又平野陶器店,YC23M WH,8号用,ファイバー・セメント,40(26)×H53,,26.,,,,,14000,,,,,,,,
丸又平野陶器店,YC24L BL　,10号用,ファイバー・セメント,44(38)×H40,,38.,,,,,13000,,,,,,,,
丸又平野陶器店,YC24L GL,10号用,ファイバー・セメント,44(38)×H40,,38.,,,,,13000,,,,,,,,
丸又平野陶器店,YC24L WH　,10号用,ファイバー・セメント,44(38)×H40,,38.,,,,,13000,,,,,,,,
丸又平野陶器店,YC24M BL,8号用,ファイバー・セメント,35（29）×H32,,29.,,,,,8000,,,,,,,,
丸又平野陶器店,YC24M GL,8号用,ファイバー・セメント,35（29）×H32,,29.,,,,,8000,,,,,,,,
丸又平野陶器店,YC24M WH,8号用,ファイバー・セメント,35（29）×H32,,29.,,,,,8000,,,,,,,,
丸又平野陶器店,YC34L BL　,10号用,ファイバー・セメント,45×39(33)×H40,,33.,,,,,13000,,,,,,,,
丸又平野陶器店,YC34L GL,10号用,ファイバー・セメント,45×39(33)×H40,,33.,,,,,13000,,,,,,,,
丸又平野陶器店,YC34L WH　,10号用,ファイバー・セメント,45×39(33)×H40,,33.,,,,,13000,,,,,,,,
丸又平野陶器店,YC34M BL,8号用,ファイバー・セメント,35×31(25)×H30,,25.,,,,,8000,,,,,,,,
丸又平野陶器店,YC34M GL,8号用,ファイバー・セメント,35×31(25)×H30,,25.,,,,,8000,,,,,,,,
丸又平野陶器店,YC34M WH,8号用,ファイバー・セメント,35×31(25)×H30,,25.,,,,,8000,,,,,,,,
丸又平野陶器店,YZ01　BK　,8号用,ポリレジン,32（29）×H49,,29.,,,,,18000,,,,,,,,
丸又平野陶器店,YZ01　BR　,8号用,ポリレジン,32（29）×H49,,29.,,,,,18000,,,,,,,,
丸又平野陶器店,YZ01　WH,8号用,ポリレジン,32（29）×H49,,29.,,,,,18000,,,,,,,,
丸又平野陶器店,YZ02　BK,10号用,ポリレジン,41（38）×H40,,38.,,,,,22000,,,,,,,,
丸又平野陶器店,YZ02　BR,10号用,ポリレジン,41（38）×H40,,38.,,,,,22000,,,,,,,,
丸又平野陶器店,YZ02　WH,10号用,ポリレジン,41（38）×H40,,38.,,,,,22000,,,,,,,,
丸又平野陶器店,YZ03　BK　,8号用,ポリレジン,32（29）×H30,,29.,,,,,12000,,,,,,,,
丸又平野陶器店,YZ03　BR　,8号用,ポリレジン,32（29）×H30,,29.,,,,,12000,,,,,,,,
丸又平野陶器店,YZ03　WH　,8号用,ポリレジン,32（29）×H30,,29.,,,,,12000,,,,,,,,
ヤマテー,KOL-M7H070,マグナスキュビ,11号以上,70×70×70,キュビ,61,,ファイバーポリストーン,グレー,あり,68000,,,マグナス,キュビ,70,70,70,61
ヤマテー,KOL-M7K070,マグナスキュビ,11号以上,70×70×70,キュビ,61,,ファイバーポリストーン,ブラック,あり,68000,,,マグナス,キュビ,70,70,70,61
ヤマテー,KOL-M7F070,マグナスキュビ,11号以上,70×70×70,キュビ,61,,ファイバーポリストーン,オフホワイト,あり,68000,,,マグナス,キュビ,70,70,70,61
ヤマテー,KOL-M7H060,マグナスキュビ,11号以上,60×60×60,キュビ,51,,ファイバーポリストーン,グレー,あり,50000,,,マグナス,キュビ,60,60,60,51
ヤマテー,KOL-M7K060,マグナスキュビ,11号以上,60×60×60,キュビ,51,,ファイバーポリストーン,ブラック,あり,50000,,,マグナス,キュビ,60,60,60,51
ヤマテー,KOL-M7F060,マグナスキュビ,11号以上,60×60×60,キュビ,51,,ファイバーポリストーン,オフホワイト,あり,50000,,,マグナス,キュビ,60,60,60,51
ヤマテー,KOL-M7H050,マグナスキュビ,11号以上,50×50×50,キュビ,42,,ファイバーポリストーン,グレー,あり,32000,,,マグナス,キュビ,50,50,50,42
ヤマテー,KOL-M7K050,マグナスキュビ,11号以上,50×50×50,キュビ,42,,ファイバーポリストーン,ブラック,あり,32000,,,マグナス,キュビ,50,50,50,42
ヤマテー,KOL-M7F050,マグナスキュビ,11号以上,50×50×50,キュビ,42,,ファイバーポリストーン,オフホワイト,あり,32000,,,マグナス,キュビ,50,50,50,42
ヤマテー,KOL-M7H040,マグナスキュビ,8号,40×40×40,キュビ,32,,ファイバーポリストーン,グレー,あり,21000,,,マグナス,キュビ,40,40,40,32
ヤマテー,KOL-M7K040,マグナスキュビ,8号,40×40×40,キュビ,32,,ファイバーポリストーン,ブラック,あり,21000,,,マグナス,キュビ,40,40,40,32
ヤマテー,KOL-M7F040,マグナスキュビ,8号,40×40×40,キュビ,32,,ファイバーポリストーン,オフホワイト,あり,21000,,,マグナス,キュビ,40,40,40,32
ヤマテー,KOL-M4H140,マグナスミドルキューブ,11号以上,140×80×80,ミドルキューブ,125,,ファイバーポリストーン,グレー,あり,350000,,,マグナス,ミドルキューブ,140,80,80,125
ヤマテー,KOL-M4K140,マグナスミドルキューブ,11号以上,140×80×80,ミドルキューブ,125,,ファイバーポリストーン,ブラック,あり,350000,,,マグナス,ミドルキューブ,140,80,80,125
ヤマテー,KOL-M4H110,マグナスミドルキューブ,11号以上,108×108×67,ミドルキューブ,95,,ファイバーポリストーン,グレー,あり,220000,,,マグナス,ミドルキューブ,108,108,67,95
ヤマテー,KOL-M4K110,マグナスミドルキューブ,11号以上,108×108×67,ミドルキューブ,95,,ファイバーポリストーン,ブラック,あり,220000,,,マグナス,ミドルキューブ,108,108,67,95
ヤマテー,KOL-M4H090,マグナスミドルキューブ,11号以上,90×90×61,ミドルキューブ,75,,ファイバーポリストーン,グレー,あり,150000,,,マグナス,ミドルキューブ,90,90,61,75
ヤマテー,KOL-M4K090,マグナスミドルキューブ,11号以上,90×90×61,ミドルキューブ,75,,ファイバーポリストーン,ブラック,あり,150000,,,マグナス,ミドルキューブ,90,90,61,75
ヤマテー,KOL-M4W090,マグナスミドルキューブ,11号以上,90×90×61,ミドルキューブ,75,,ファイバーポリストーン,オフホワイト,あり,150000,,,マグナス,ミドルキューブ,90,90,61,75
ヤマテー,KOL-M4H070,マグナスミドルキューブ,11号以上,70×70×49,ミドルキューブ,59,,ファイバーポリストーン,グレー,あり,68000,,,マグナス,ミドルキューブ,70,70,49,59
ヤマテー,KOL-M4K070,マグナスミドルキューブ,11号以上,70×70×49,ミドルキューブ,59,,ファイバーポリストーン,ブラック,あり,68000,,,マグナス,ミドルキューブ,70,70,49,59
ヤマテー,KOL-M4W070,マグナスミドルキューブ,11号以上,70×70×49,ミドルキューブ,59,,ファイバーポリストーン,オフホワイト,あり,68000,,,マグナス,ミドルキューブ,70,70,49,59
ヤマテー,KOL-M6H120,マグナスアーク,11号以上,120×50×60,アーク,42,,ファイバーポリストーン,グレー,あり,69000,,,マグナス,アーク,120,50,60,42
ヤマテー,KOL-M6K120,マグナスアーク,11号以上,120×50×60,アーク,42,,ファイバーポリストーン,ブラック,あり,69000,,,マグナス,アーク,120,50,60,42
ヤマテー,KOL-M6F120,マグナスアーク,11号以上,120×50×60,アーク,42,,ファイバーポリストーン,オフホワイト,あり,69000,,,マグナス,アーク,120,50,60,42
ヤマテー,KOL-M6H100,マグナスアーク,11号以上,100×45×45,アーク,40,,ファイバーポリストーン,グレー,あり,49000,,,マグナス,アーク,100,45,45,40
ヤマテー,KOL-M6K100,マグナスアーク,11号以上,100×45×45,アーク,40,,ファイバーポリストーン,ブラック,あり,49000,,,マグナス,アーク,100,45,45,40
ヤマテー,KOL-M6F100,マグナスアーク,11号以上,100×45×45,アーク,40,,ファイバーポリストーン,オフホワイト,あり,49000,,,マグナス,アーク,100,45,45,40
ヤマテー,KOL-M6H080,マグナスアーク,11号以上,80×40×40,アーク,31,,ファイバーポリストーン,グレー,あり,34000,,,マグナス,アーク,80,40,40,31
ヤマテー,KOL-M6K080,マグナスアーク,11号以上,80×40×40,アーク,31,,ファイバーポリストーン,ブラック,あり,34000,,,マグナス,アーク,80,40,40,31
ヤマテー,KOL-M6F080,マグナスアーク,11号以上,80×40×40,アーク,31,,ファイバーポリストーン,オフホワイト,あり,34000,,,マグナス,アーク,80,40,40,31
ヤマテー,KOL-MBH100,マグナスアーク・スリム,11号以上,100×37×37,アーク・スリム,32,,ファイバーポリストーン,グレー,あり,38000,,,マグナス,アーク・スリム,100,37,37,32
ヤマテー,KOL-MBK100,マグナスアーク・スリム,11号以上,100×37×37,アーク・スリム,32,,ファイバーポリストーン,ブラック,あり,38000,,,マグナス,アーク・スリム,100,37,37,32
ヤマテー,KOL-MBW100,マグナスアーク・スリム,11号以上,100×37×37,アーク・スリム,32,,ファイバーポリストーン,オフホワイト,あり,38000,,,マグナス,アーク・スリム,100,37,37,32
ヤマテー,KOL-MBH080,マグナスアーク・スリム,11号以上,80×30×30,アーク・スリム,25,,ファイバーポリストーン,グレー,あり,28000,,,マグナス,アーク・スリム,80,30,30,25
ヤマテー,KOL-MBK080,マグナスアーク・スリム,11号以上,80×30×30,アーク・スリム,25,,ファイバーポリストーン,ブラック,あり,28000,,,マグナス,アーク・スリム,80,30,30,25
ヤマテー,KOL-MBW080,マグナスアーク・スリム,11号以上,80×30×30,アーク・スリム,25,,ファイバーポリストーン,オフホワイト,あり,28000,,,マグナス,アーク・スリム,80,30,30,25
ヤマテー,KOL-M6H150,マグナスマグナス アーク 150,11号以上,150×45×45,マグナス アーク 150,37,,ファイバーポリストーン,グレー,あり,76000,,,マグナス,マグナス アーク 150,150,45,45,37
ヤマテー,KOL-M6K150,マグナスマグナス アーク 150,11号以上,150×45×45,マグナス アーク 150,37,,ファイバーポリストーン,ブラック,あり,76000,,,マグナス,マグナス アーク 150,150,45,45,37
ヤマテー,KOL-M6F150,マグナスマグナス アーク 150,11号以上,150×45×45,マグナス アーク 150,37,,ファイバーポリストーン,オフホワイト,あり,76000,,,マグナス,マグナス アーク 150,150,45,45,37
ヤマテー,KOL-MEH110,マグナスローキューブ,11号以上,110×110×28,ローキューブ,96,,ファイバーポリストーン,グレー,あり,110000,,,マグナス,ローキューブ,110,110,28,96
ヤマテー,KOL-MEK110,マグナスローキューブ,11号以上,110×110×28,ローキューブ,96,,ファイバーポリストーン,ブラック,あり,110000,,,マグナス,ローキューブ,110,110,28,96
ヤマテー,KOL-MEH090,マグナスローキューブ,11号以上,90×90×26,ローキューブ,76,,ファイバーポリストーン,グレー,あり,82000,,,マグナス,ローキューブ,90,90,26,76
ヤマテー,KOL-MEK090,マグナスローキューブ,11号以上,90×90×26,ローキューブ,76,,ファイバーポリストーン,ブラック,あり,82000,,,マグナス,ローキューブ,90,90,26,76
ヤマテー,KOL-MEH073,マグナスローキューブ,11号以上,73×73×25,ローキューブ,61.5,,ファイバーポリストーン,グレー,あり,49000,,,マグナス,ローキューブ,73,73,25,61.5
ヤマテー,KOL-MEK073,マグナスローキューブ,11号以上,73×73×25,ローキューブ,61.5,,ファイバーポリストーン,ブラック,あり,49000,,,マグナス,ローキューブ,73,73,25,61.5
ヤマテー,KOL-MEH060,マグナスローキューブ,11号以上,60×60×24,ローキューブ,52,,ファイバーポリストーン,グレー,あり,32000,,,マグナス,ローキューブ,60,60,24,52
ヤマテー,KOL-MEK060,マグナスローキューブ,11号以上,60×60×24,ローキューブ,52,,ファイバーポリストーン,ブラック,あり,32000,,,マグナス,ローキューブ,60,60,24,52
ヤマテー,KOL-M5H240,マグナスレクト,11号以上,200×30×40,レクト,16,,ファイバーポリストーン,グレー,あり,88000,,,マグナス,レクト,200,30,40,16
ヤマテー,KOL-M5K240,マグナスレクト,11号以上,200×30×40,レクト,16,,ファイバーポリストーン,ブラック,あり,88000,,,マグナス,レクト,200,30,40,16
ヤマテー,KOL-M5H225,マグナスレクト,11号以上,200×30×25,レクト,20,,ファイバーポリストーン,グレー,あり,70000,,,マグナス,レクト,200,30,25,20
ヤマテー,KOL-M5K225,マグナスレクト,11号以上,200×30×25,レクト,20,,ファイバーポリストーン,ブラック,あり,70000,,,マグナス,レクト,200,30,25,20
ヤマテー,KOL-MCH080,マグナスパーティション,11号以上,80×35×78,パーティション,28.5,,ファイバーポリストーン,グレー,あり,58000,,,マグナス,パーティション,80,35,78,28.5
ヤマテー,KOL-MCK080,マグナスパーティション,11号以上,80×35×78,パーティション,28.5,,ファイバーポリストーン,ブラック,あり,58000,,,マグナス,パーティション,80,35,78,28.5
ヤマテー,KOL-MCH060,マグナスパーティション,11号以上,60×35×78,パーティション,28.5,,ファイバーポリストーン,グレー,あり,45000,,,マグナス,パーティション,60,35,78,28.5
ヤマテー,KOL-MCK060,マグナスパーティション,11号以上,60×35×78,パーティション,28.5,,ファイバーポリストーン,ブラック,あり,45000,,,マグナス,パーティション,60,35,78,28.5
ヤマテー,KOL-MFH35C,マグナスパーティション コーナー,8号,35×35×78,パーティション コーナー,27,,ファイバーポリストーン,グレー,あり,24000,,,マグナス,パーティション コーナー,35,35,78,27
ヤマテー,KOL-MFK35C,マグナスパーティション コーナー,8号,35×35×78,パーティション コーナー,27,,ファイバーポリストーン,ブラック,あり,24000,,,マグナス,パーティション コーナー,35,35,78,27
ヤマテー,KOL-M9H080,マグナスピラー,10号,40×40×80,ピラー,34,,ファイバーポリストーン,グレー,あり,36000,,,マグナス,ピラー,40,40,80,34
ヤマテー,KOL-M9K080,マグナスピラー,10号,40×40×80,ピラー,34,,ファイバーポリストーン,ブラック,あり,36000,,,マグナス,ピラー,40,40,80,34
ヤマテー,KOL-M8H080,マグナスコラム,10号,40×40×80,コラム,33,,ファイバーポリストーン,グレー,あり,28000,,,マグナス,コラム,40,40,80,33
ヤマテー,KOL-M8K080,マグナスコラム,10号,40×40×80,コラム,33,,ファイバーポリストーン,ブラック,あり,28000,,,マグナス,コラム,40,40,80,33
ヤマテー,KOL-MDH110,マグナスミドルシリンダー,11号以上,110×110×70,ミドルシリンダー,97.5,,ファイバーポリストーン,グレー,あり,180000,,,マグナス,ミドルシリンダー,110,110,70,97.5
ヤマテー,KOL-MDK110,マグナスミドルシリンダー,11号以上,110×110×70,ミドルシリンダー,97.5,,ファイバーポリストーン,ブラック,あり,180000,,,マグナス,ミドルシリンダー,110,110,70,97.5
ヤマテー,KOL-MDH090,マグナスミドルシリンダー,11号以上,90×90×60,ミドルシリンダー,80,,ファイバーポリストーン,グレー,あり,110000,,,マグナス,ミドルシリンダー,90,90,60,80
ヤマテー,KOL-MDK090,マグナスミドルシリンダー,11号以上,90×90×60,ミドルシリンダー,80,,ファイバーポリストーン,ブラック,あり,110000,,,マグナス,ミドルシリンダー,90,90,60,80
ヤマテー,KOL-MDH070,マグナスミドルシリンダー,11号以上,70×70×50,ミドルシリンダー,61.5,,ファイバーポリストーン,グレー,あり,65000,,,マグナス,ミドルシリンダー,70,70,50,61.5
ヤマテー,KOL-MDK070,マグナスミドルシリンダー,11号以上,70×70×50,ミドルシリンダー,61.5,,ファイバーポリストーン,ブラック,あり,65000,,,マグナス,ミドルシリンダー,70,70,50,61.5
ヤマテー,KOL-M0H051,マグナスシリンダー,11号以上,51×51×50,シリンダー,44,,ファイバーポリストーン,グレー,あり,28000,,,マグナス,シリンダー,51,51,50,44
ヤマテー,KOL-M0K051,マグナスシリンダー,11号以上,51×51×50,シリンダー,44,,ファイバーポリストーン,ブラック,あり,28000,,,マグナス,シリンダー,51,51,50,44
ヤマテー,KOL-M0H043,マグナスシリンダー,10号,43×43×43,シリンダー,36,,ファイバーポリストーン,グレー,あり,18000,,,マグナス,シリンダー,43,43,43,36
ヤマテー,KOL-M0K043,マグナスシリンダー,10号,43×43×43,シリンダー,36,,ファイバーポリストーン,ブラック,あり,18000,,,マグナス,シリンダー,43,43,43,36
ヤマテー,KOL-M3H112,マグナスコニック,11号以上,112×112×97,コニック,100,,ファイバーポリストーン,グレー,あり,160000,,,マグナス,コニック,112,112,97,100
ヤマテー,KOL-M3K112,マグナスコニック,11号以上,112×112×97,コニック,100,,ファイバーポリストーン,ブラック,あり,160000,,,マグナス,コニック,112,112,97,100
ヤマテー,KOL-M3H098,マグナスコニック,11号以上,98×98×85,コニック,87,,ファイバーポリストーン,グレー,あり,130000,,,マグナス,コニック,98,98,85,87
ヤマテー,KOL-M3K098,マグナスコニック,11号以上,98×98×85,コニック,87,,ファイバーポリストーン,ブラック,あり,130000,,,マグナス,コニック,98,98,85,87
ヤマテー,KOL-M3H083,マグナスコニック,11号以上,83×83×73,コニック,73,,ファイバーポリストーン,グレー,あり,80000,,,マグナス,コニック,83,83,73,73
ヤマテー,KOL-M3K083,マグナスコニック,11号以上,83×83×73,コニック,73,,ファイバーポリストーン,ブラック,あり,80000,,,マグナス,コニック,83,83,73,73
ヤマテー,KOL-M3H068,マグナスコニック,11号以上,68×68×60,コニック,60,,ファイバーポリストーン,グレー,あり,39000,,,マグナス,コニック,68,68,60,60
ヤマテー,KOL-M3K068,マグナスコニック,11号以上,68×68×60,コニック,60,,ファイバーポリストーン,ブラック,あり,39000,,,マグナス,コニック,68,68,60,60
ヤマテー,KOL-M3H058,マグナスコニック,11号以上,58×58×50,コニック,49,,ファイバーポリストーン,グレー,あり,28000,,,マグナス,コニック,58,58,50,49
ヤマテー,KOL-M3K058,マグナスコニック,11号以上,58×58×50,コニック,49,,ファイバーポリストーン,ブラック,あり,28000,,,マグナス,コニック,58,58,50,49
ヤマテー,KOL-M2H112,マグナスラウンド,11号以上,112×112×97,ラウンド,101,,ファイバーポリストーン,グレー,あり,160000,,,マグナス,ラウンド,112,112,97,101
ヤマテー,KOL-M2H098,マグナスラウンド,11号以上,98×98×85,ラウンド,87,,ファイバーポリストーン,グレー,あり,130000,,,マグナス,ラウンド,98,98,85,87
ヤマテー,KOL-M2K098,マグナスラウンド,11号以上,98×98×85,ラウンド,87,,ファイバーポリストーン,ブラック,あり,130000,,,マグナス,ラウンド,98,98,85,87
ヤマテー,KOL-M2W098,マグナスラウンド,11号以上,98×98×85,ラウンド,87,,ファイバーポリストーン,オフホワイト,あり,130000,,,マグナス,ラウンド,98,98,85,87
ヤマテー,KOL-M2H083,マグナスラウンド,11号以上,83×83×71.5,ラウンド,73,,ファイバーポリストーン,グレー,あり,82000,,,マグナス,ラウンド,83,83,71.5,73
ヤマテー,KOL-M2K083,マグナスラウンド,11号以上,83×83×71.5,ラウンド,73,,ファイバーポリストーン,ブラック,あり,82000,,,マグナス,ラウンド,83,83,71.5,73
ヤマテー,KOL-M2W083,マグナスラウンド,11号以上,83×83×71.5,ラウンド,73,,ファイバーポリストーン,オフホワイト,あり,82000,,,マグナス,ラウンド,83,83,71.5,73
ヤマテー,KOL-M2H069,マグナスラウンド,11号以上,69×69×61,ラウンド,60,,ファイバーポリストーン,グレー,あり,38000,,,マグナス,ラウンド,69,69,61,60
ヤマテー,KOL-M2K069,マグナスラウンド,11号以上,69×69×61,ラウンド,60,,ファイバーポリストーン,ブラック,あり,38000,,,マグナス,ラウンド,69,69,61,60
ヤマテー,KOL-M2F069,マグナスラウンド,11号以上,69×69×61,ラウンド,60,,ファイバーポリストーン,オフホワイト,あり,38000,,,マグナス,ラウンド,69,69,61,60
ヤマテー,KOL-M2H059,マグナスラウンド,11号以上,59×59×51.5,ラウンド,51,,ファイバーポリストーン,グレー,あり,28000,,,マグナス,ラウンド,59,59,51.5,51
ヤマテー,KOL-M2K059,マグナスラウンド,11号以上,59×59×51.5,ラウンド,51,,ファイバーポリストーン,ブラック,あり,28000,,,マグナス,ラウンド,59,59,51.5,51
ヤマテー,KOL-M2F059,マグナスラウンド,11号以上,59×59×51.5,ラウンド,51,,ファイバーポリストーン,オフホワイト,あり,28000,,,マグナス,ラウンド,59,59,51.5,51
ヤマテー,KOL-MAH068,マグナスオーブ,11号以上,68.5×68.5×57,オーブ,58,,ファイバーポリストーン,グレー,あり,42000,,,マグナス,オーブ,68.5,68.5,57,58
ヤマテー,KOL-MAK068,マグナスオーブ,11号以上,68.5×68.5×57,オーブ,58,,ファイバーポリストーン,ブラック,あり,42000,,,マグナス,オーブ,68.5,68.5,57,58
ヤマテー,KOL-MAH053,マグナスオーブ,10号,53×53×44.5,オーブ,43,,ファイバーポリストーン,グレー,あり,25000,,,マグナス,オーブ,53,53,44.5,43
ヤマテー,KOL-MAK053,マグナスオーブ,10号,53×53×44.5,オーブ,43,,ファイバーポリストーン,ブラック,あり,25000,,,マグナス,オーブ,53,53,44.5,43
ヤマテー,KOL-M1H128,マグナスボウル,11号以上,128×128×67,ボウル,113,,ファイバーポリストーン,グレー,あり,190000,,,マグナス,ボウル,128,128,67,113
ヤマテー,KOL-M1H110,マグナスボウル,11号以上,110×110×60,ボウル,95,,ファイバーポリストーン,グレー,あり,160000,,,マグナス,ボウル,110,110,60,95
ヤマテー,KOL-M1K110,マグナスボウル,11号以上,110×110×60,ボウル,95,,ファイバーポリストーン,ブラック,あり,160000,,,マグナス,ボウル,110,110,60,95
ヤマテー,KOL-M1H092,マグナスボウル,11号以上,92×92×50,ボウル,77,,ファイバーポリストーン,グレー,あり,78000,,,マグナス,ボウル,92,92,50,77
ヤマテー,KOL-M1K092,マグナスボウル,11号以上,92×92×50,ボウル,77,,ファイバーポリストーン,ブラック,あり,78000,,,マグナス,ボウル,92,92,50,77
ヤマテー,KOL-M1H070,マグナスボウル,11号以上,70×70×38,ボウル,58,,ファイバーポリストーン,グレー,あり,36000,,,マグナス,ボウル,70,70,38,58
ヤマテー,KOL-M1K070,マグナスボウル,11号以上,70×70×38,ボウル,58,,ファイバーポリストーン,ブラック,あり,36000,,,マグナス,ボウル,70,70,38,58
ヤマテー,KOL-M1H055,マグナスボウル,11号以上,55×55×30,ボウル,45.5,,ファイバーポリストーン,グレー,あり,22000,,,マグナス,ボウル,55,55,30,45.5
ヤマテー,KOL-M1K055,マグナスボウル,11号以上,55×55×30,ボウル,45.5,,ファイバーポリストーン,ブラック,あり,22000,,,マグナス,ボウル,55,55,30,45.5
ヤマテー,KOL-MGH070,マグナスローテーパード ,10号,70×70×34.5,ローテーパード ,58,,ファイバーポリストーン,グレー,あり,26000,,,マグナス,ローテーパード ,70,70,34.5,58
ヤマテー,KOL-MGK070,マグナスローテーパード ,10号,70×70×34.5,ローテーパード ,58,,ファイバーポリストーン,ブラック,あり,26000,,,マグナス,ローテーパード ,70,70,34.5,58
ヤマテー,KOL-MGH055,マグナスローテーパード ,8号,55×55×27,ローテーパード ,45,,ファイバーポリストーン,グレー,あり,17000,,,マグナス,ローテーパード ,55,55,27,45
ヤマテー,KOL-MGK055,マグナスローテーパード ,8号,55×55×27,ローテーパード ,45,,ファイバーポリストーン,ブラック,あり,17000,,,マグナス,ローテーパード ,55,55,27,45
ヤマテー,KOL-MZ2F55,マグナスカラーズ ユーポット,11号以上,55×55×56,カラーズ ユーポット,47,,ファイバーポリストーン,オートミール,あり,32000,,,マグナス,カラーズ ユーポット,55,55,56,47
ヤマテー,KOL-MZ2C55,マグナスカラーズ ユーポット,11号以上,55×55×56,カラーズ ユーポット,47,,ファイバーポリストーン,キャメル,あり,32000,,,マグナス,カラーズ ユーポット,55,55,56,47
ヤマテー,KOL-MZ2F40,マグナスカラーズ ユーポット,10号,40×40×43.5,カラーズ ユーポット,35,,ファイバーポリストーン,オートミール,あり,18000,,,マグナス,カラーズ ユーポット,40,40,43.5,35
ヤマテー,KOL-MZ2C40,マグナスカラーズ ユーポット,10号,40×40×43.5,カラーズ ユーポット,35,,ファイバーポリストーン,キャメル,あり,18000,,,マグナス,カラーズ ユーポット,40,40,43.5,35
ヤマテー,KOL-MZ2F33,マグナスカラーズ ユーポット,8号,33×33×31,カラーズ ユーポット,29,,ファイバーポリストーン,オートミール,あり,9500,,,マグナス,カラーズ ユーポット,33,33,31,29
ヤマテー,KOL-MZ2C33,マグナスカラーズ ユーポット,8号,33×33×31,カラーズ ユーポット,29,,ファイバーポリストーン,キャメル,あり,9500,,,マグナス,カラーズ ユーポット,33,33,31,29
ヤマテー,KOL-MZ3F46,マグナスカラーズ トールユーポット,10号,46×46×60,カラーズ トールユーポット,36,,ファイバーポリストーン,オートミール,あり,29000,,,マグナス,カラーズ トールユーポット,46,46,60,36
ヤマテー,KOL-MZ3C46,マグナスカラーズ トールユーポット,10号,46×46×60,カラーズ トールユーポット,36,,ファイバーポリストーン,キャメル,あり,29000,,,マグナス,カラーズ トールユーポット,46,46,60,36
ヤマテー,KOL-MZ3F34,マグナスカラーズ トールユーポット,8号,34×34×44,カラーズ トールユーポット,26,,ファイバーポリストーン,オートミール,あり,15000,,,マグナス,カラーズ トールユーポット,34,34,44,26
ヤマテー,KOL-MZ3C34,マグナスカラーズ トールユーポット,8号,34×34×44,カラーズ トールユーポット,26,,ファイバーポリストーン,キャメル,あり,15000,,,マグナス,カラーズ トールユーポット,34,34,44,26
ヤマテー,KOL-MZ4F58,マグナスカラーズ コニック,11号以上,58×58×50,カラーズ コニック,50,,ファイバーポリストーン,オートミール,あり,32000,,,マグナス,カラーズ コニック,58,58,50,50
ヤマテー,KOL-MZ4C58,マグナスカラーズ コニック,11号以上,58×58×50,カラーズ コニック,50,,ファイバーポリストーン,キャメル,あり,32000,,,マグナス,カラーズ コニック,58,58,50,50
ヤマテー,KOL-MZ4F49,マグナスカラーズ コニック,11号以上,49×49×40,カラーズ コニック,42,,ファイバーポリストーン,オートミール,あり,20000,,,マグナス,カラーズ コニック,49,49,40,42
ヤマテー,KOL-MZ4C49,マグナスカラーズ コニック,11号以上,49×49×40,カラーズ コニック,42,,ファイバーポリストーン,キャメル,あり,20000,,,マグナス,カラーズ コニック,49,49,40,42
ヤマテー,KOL-MZ4F40,マグナスカラーズ コニック,10号,40×40×35,カラーズ コニック,34,,ファイバーポリストーン,オートミール,あり,15000,,,マグナス,カラーズ コニック,40,40,35,34
ヤマテー,KOL-MZ4C40,マグナスカラーズ コニック,10号,40×40×35,カラーズ コニック,34,,ファイバーポリストーン,キャメル,あり,15000,,,マグナス,カラーズ コニック,40,40,35,34
ヤマテー,KOL-MZ1F60,マグナスカラーズ ボウル,10号,60×60×38,カラーズ ボウル,52,,ファイバーポリストーン,オートミール,あり,29000,,,マグナス,カラーズ ボウル,60,60,38,52
ヤマテー,KOL-MZ1C60,マグナスカラーズ ボウル,10号,60×60×38,カラーズ ボウル,52,,ファイバーポリストーン,キャメル,あり,29000,,,マグナス,カラーズ ボウル,60,60,38,52
ヤマテー,KOL-MZ1F45,マグナスカラーズ ボウル,8号,45×45×28,カラーズ ボウル,39,,ファイバーポリストーン,オートミール,あり,14000,,,マグナス,カラーズ ボウル,45,45,28,39
ヤマテー,KOL-MZ1C45,マグナスカラーズ ボウル,8号,45×45×28,カラーズ ボウル,39,,ファイバーポリストーン,キャメル,あり,14000,,,マグナス,カラーズ ボウル,45,45,28,39
ヤマテー,PS-005K90E,FRP シリーズポリストーン パーティション,10号,90×43×72,ポリストーン パーティション,37,,FRP,,あり,88000,,,FRP シリーズ,ポリストーン パーティション,90,43,72,37
ヤマテー,PS-005K70E,FRP シリーズポリストーン パーティション,8号,70×34×57,ポリストーン パーティション,28,,FRP,,あり,48000,,,FRP シリーズ,ポリストーン パーティション,70,34,57,28
ヤマテー,ON-001H50E,オンディミドル,10号,50×50×46,ミドル,39,,ファイバーポリストーン,グレー,あり,33000,,,オンディ,ミドル,50,50,46,39
ヤマテー,ON-001C50E,オンディミドル,10号,50×50×46,ミドル,39,,ファイバーポリストーン,サンドベージュ,あり,33000,,,オンディ,ミドル,50,50,46,39
ヤマテー,ON-001H34E,オンディミドル,8号,34×34×30,ミドル,27.5,,ファイバーポリストーン,グレー,あり,15000,,,オンディ,ミドル,34,34,30,27.5
ヤマテー,ON-001C34E,オンディミドル,8号,34×34×30,ミドル,27.5,,ファイバーポリストーン,サンドベージュ,あり,15000,,,オンディ,ミドル,34,34,30,27.5
ヤマテー,ON-002H65E,オンディトール,10号,40×40×65,トール,31,,ファイバーポリストーン,グレー,あり,38000,,,オンディ,トール,40,40,65,31
ヤマテー,ON-002C65E,オンディトール,10号,40×40×65,トール,31,,ファイバーポリストーン,サンドベージュ,あり,38000,,,オンディ,トール,40,40,65,31
ヤマテー,SA-005W50E,サンディジャー,10号,50×50×45,ジャー,33.5,,ファイバーポリストーン,ベージュ,あり,30000,,,サンディ,ジャー,50,50,45,33.5
ヤマテー,SA-005C50E,サンディジャー,10号,50×50×45,ジャー,33.5,,ファイバーポリストーン,ブラウン,あり,30000,,,サンディ,ジャー,50,50,45,33.5
ヤマテー,SA-005H50E,サンディジャー,10号,50×50×45,ジャー,33.5,,ファイバーポリストーン,グレー,あり,30000,,,サンディ,ジャー,50,50,45,33.5
ヤマテー,SA-006W50E,サンディジャートール,10号,50×50×56,ジャートール,33.5,,ファイバーポリストーン,ベージュ,あり,36000,,,サンディ,ジャートール,50,50,56,33.5
ヤマテー,SA-006C50E,サンディジャートール,10号,50×50×56,ジャートール,33.5,,ファイバーポリストーン,ブラウン,あり,36000,,,サンディ,ジャートール,50,50,56,33.5
ヤマテー,SA-006H50E,サンディジャートール,10号,50×50×56,ジャートール,33.5,,ファイバーポリストーン,グレー,あり,36000,,,サンディ,ジャートール,50,50,56,33.5
ヤマテー,SA-008W45E,サンディラウンドキューブ,10号,45×45×45,ラウンドキューブ,36,,ファイバーポリストーン,ベージュ,あり,36000,,,サンディ,ラウンドキューブ,45,45,45,36
ヤマテー,SA-008C45E,サンディラウンドキューブ,10号,45×45×45,ラウンドキューブ,36,,ファイバーポリストーン,ブラウン,あり,36000,,,サンディ,ラウンドキューブ,45,45,45,36
ヤマテー,SA-008H45E,サンディラウンドキューブ,10号,45×45×45,ラウンドキューブ,36,,ファイバーポリストーン,グレー,あり,36000,,,サンディ,ラウンドキューブ,45,45,45,36
ヤマテー,SA-007W80E,サンディラウンドレクト,8号,80×36×36,ラウンドレクト,30,,ファイバーポリストーン,ベージュ,あり,38000,,,サンディ,ラウンドレクト,80,36,36,30
ヤマテー,SA-007H80E,サンディラウンドレクト,8号,80×36×36,ラウンドレクト,30,,ファイバーポリストーン,グレー,あり,38000,,,サンディ,ラウンドレクト,80,36,36,30
ヤマテー,SA-007C80E,サンディラウンドレクト,8号,80×36×36,ラウンドレクト,30,,ファイバーポリストーン,ブラウン,あり,38000,,,サンディ,ラウンドレクト,80,36,36,30
ヤマテー,SA-010W56E,サンディリメラ,10号,56×56×54.5,リメラ,38,,ファイバーポリストーン,ベージュ,あり,39000,,,サンディ,リメラ,56,56,54.5,38
ヤマテー,SA-010C56E,サンディリメラ,10号,56×56×54.5,リメラ,38,,ファイバーポリストーン,ブラウン,あり,39000,,,サンディ,リメラ,56,56,54.5,38
ヤマテー,SA-010W42E,サンディリメラ,8号,42×42×40.5,リメラ,29,,ファイバーポリストーン,ベージュ,あり,20000,,,サンディ,リメラ,42,42,40.5,29
ヤマテー,SA-010C42E,サンディリメラ,8号,42×42×40.5,リメラ,29,,ファイバーポリストーン,ブラウン,あり,20000,,,サンディ,リメラ,42,42,40.5,29
ヤマテー,SA-003W45E,サンディシリンダー,10号,45×45×45,シリンダー,39,,ファイバーポリストーン,ベージュ,あり,24000,,,サンディ,シリンダー,45,45,45,39
ヤマテー,SA-003C45E,サンディシリンダー,10号,45×45×45,シリンダー,39,,ファイバーポリストーン,ブラウン,あり,24000,,,サンディ,シリンダー,45,45,45,39
ヤマテー,SA-002W45E,サンディキューブ,10号,45×45×45,キューブ,39.5,,ファイバーポリストーン,ベージュ,あり,29000,,,サンディ,キューブ,45,45,45,39.5
ヤマテー,SA-002C45E,サンディキューブ,10号,45×45×45,キューブ,39.5,,ファイバーポリストーン,ブラウン,あり,29000,,,サンディ,キューブ,45,45,45,39.5
ヤマテー,SA-001W80E,サンディレクト,8号,80×35×35,レクト,30,,ファイバーポリストーン,ベージュ,あり,35000,,,サンディ,レクト,80,35,35,30
ヤマテー,SA-001C80E,サンディレクト,8号,80×35×35,レクト,30,,ファイバーポリストーン,ブラウン,あり,35000,,,サンディ,レクト,80,35,35,30
ヤマテー,GE-002K60E,ジオミドル,10号,60×60×50,ミドル,44.5,,ファイバーポリストーン,ブラック,なし,44000,,,ジオ,ミドル,60,60,50,44.5
ヤマテー,GE-002G60E,ジオミドル,10号,60×60×50,ミドル,44.5,,ファイバーポリストーン,モスグリーン,なし,44000,,,ジオ,ミドル,60,60,50,44.5
ヤマテー,GE-002K37E,ジオミドル,8号,37×37×32,ミドル,26.5,,ファイバーポリストーン,ブラック,なし,16000,,,ジオ,ミドル,37,37,32,26.5
ヤマテー,GE-002G37E,ジオミドル,8号,37×37×32,ミドル,26.5,,ファイバーポリストーン,モスグリーン,なし,16000,,,ジオ,ミドル,37,37,32,26.5
ヤマテー,GE-001K90E,ジオトール,8号,50×50×90,トール,30,,ファイバーポリストーン,ブラック,なし,56000,,,ジオ,トール,50,50,90,30
ヤマテー,GE-001G90E,ジオトール,8号,50×50×90,トール,30,,ファイバーポリストーン,モスグリーン,なし,56000,,,ジオ,トール,50,50,90,30
ヤマテー,GE-001K75E,ジオトール,8号,48×48×75,トール,30,,ファイバーポリストーン,ブラック,なし,46000,,,ジオ,トール,48,48,75,30
ヤマテー,GE-001G75E,ジオトール,8号,48×48×75,トール,30,,ファイバーポリストーン,モスグリーン,なし,46000,,,ジオ,トール,48,48,75,30
ヤマテー,LU-002B55E,ラスタルミドル,10号,55×55×52,ミドル,42.5,,ファイバーポリストーン,グロスクリーム,なし,48000,,,ラスタル,ミドル,55,55,52,42.5
ヤマテー,LU-001B97E,ラスタルトール,8号,39×39×97,トール,28.5,,ファイバーポリストーン,グロスクリーム,なし,49000,,,ラスタル,トール,39,39,97,28.5
ヤマテー,LU-001B75E,ラスタルトール,8号,39×39×75,トール,28.5,,ファイバーポリストーン,グロスクリーム,なし,39000,,,ラスタル,トール,39,39,75,28.5
ヤマテー,SK-503C50E,ソンクユーポットミドル,11号以上,50×50×44,ユーポットミドル,46,,ファイバーポリレジン,チャコールグレー,なし,36000,,,ソンク,ユーポットミドル,50,50,44,46
ヤマテー,SK-503M50E,ソンクユーポットミドル,11号以上,50×50×44,ユーポットミドル,46,,ファイバーポリレジン,ウォームグレー,なし,36000,,,ソンク,ユーポットミドル,50,50,44,46
ヤマテー,SK-503W50E,ソンクユーポットミドル,11号以上,50×50×44,ユーポットミドル,46,,ファイバーポリレジン,ホワイトサンド,なし,36000,,,ソンク,ユーポットミドル,50,50,44,46
ヤマテー,SK-503C42E,ソンクユーポットミドル,10号,42×42×37,ユーポットミドル,37,,ファイバーポリレジン,チャコールグレー,なし,22000,,,ソンク,ユーポットミドル,42,42,37,37
ヤマテー,SK-503M42E,ソンクユーポットミドル,10号,42×42×37,ユーポットミドル,37,,ファイバーポリレジン,ウォームグレー,なし,22000,,,ソンク,ユーポットミドル,42,42,37,37
ヤマテー,SK-503W42E,ソンクユーポットミドル,10号,42×42×37,ユーポットミドル,37,,ファイバーポリレジン,ホワイトサンド,なし,22000,,,ソンク,ユーポットミドル,42,42,37,37
ヤマテー,SK-503C35E,ソンクユーポットミドル,8号,35×35×31,ユーポットミドル,31,,ファイバーポリレジン,チャコールグレー,なし,15000,,,ソンク,ユーポットミドル,35,35,31,31
ヤマテー,SK-503M35E,ソンクユーポットミドル,8号,35×35×31,ユーポットミドル,31,,ファイバーポリレジン,ウォームグレー,なし,15000,,,ソンク,ユーポットミドル,35,35,31,31
ヤマテー,SK-503W35E,ソンクユーポットミドル,8号,35×35×31,ユーポットミドル,31,,ファイバーポリレジン,ホワイトサンド,なし,15000,,,ソンク,ユーポットミドル,35,35,31,31
ヤマテー,SK-504C46E,ソンクユーポットトール,11号以上,46×46×51,ユーポットトール,42,,ファイバーポリレジン,チャコールグレー,なし,35000,,,ソンク,ユーポットトール,46,46,51,42
ヤマテー,SK-504M46E,ソンクユーポットトール,11号以上,46×46×51,ユーポットトール,42,,ファイバーポリレジン,ウォームグレー,なし,35000,,,ソンク,ユーポットトール,46,46,51,42
ヤマテー,SK-504W46E,ソンクユーポットトール,11号以上,46×46×51,ユーポットトール,42,,ファイバーポリレジン,ホワイトサンド,なし,35000,,,ソンク,ユーポットトール,46,46,51,42
ヤマテー,SK-504C36E,ソンクユーポットトール,10号,36×36×40,ユーポットトール,32,,ファイバーポリレジン,チャコールグレー,なし,20000,,,ソンク,ユーポットトール,36,36,40,32
ヤマテー,SK-504M36E,ソンクユーポットトール,10号,36×36×40,ユーポットトール,32,,ファイバーポリレジン,ウォームグレー,なし,20000,,,ソンク,ユーポットトール,36,36,40,32
ヤマテー,SK-504W36E,ソンクユーポットトール,10号,36×36×40,ユーポットトール,32,,ファイバーポリレジン,ホワイトサンド,なし,20000,,,ソンク,ユーポットトール,36,36,40,32
ヤマテー,SK-501C50E,ソンクラウンド,11号以上,50×50×44,ラウンド,46,,ファイバーポリレジン,チャコールグレー,なし,29000,,,ソンク,ラウンド,50,50,44,46
ヤマテー,SK-501M50E,ソンクラウンド,11号以上,50×50×44,ラウンド,46,,ファイバーポリレジン,ウォームグレー,なし,29000,,,ソンク,ラウンド,50,50,44,46
ヤマテー,SK-501W50E,ソンクラウンド,11号以上,50×50×44,ラウンド,46,,ファイバーポリレジン,ホワイトサンド,なし,29000,,,ソンク,ラウンド,50,50,44,46
ヤマテー,SK-501C42E,ソンクラウンド,10号,42×42×36,ラウンド,39,,ファイバーポリレジン,チャコールグレー,なし,19000,,,ソンク,ラウンド,42,42,36,39
ヤマテー,SK-501M42E,ソンクラウンド,10号,42×42×36,ラウンド,39,,ファイバーポリレジン,ウォームグレー,なし,19000,,,ソンク,ラウンド,42,42,36,39
ヤマテー,SK-501W42E,ソンクラウンド,10号,42×42×36,ラウンド,39,,ファイバーポリレジン,ホワイトサンド,なし,19000,,,ソンク,ラウンド,42,42,36,39
ヤマテー,SK-506C43E,ソンクシリンダー,10号,43×43×43,シリンダー,39,,ファイバーポリレジン,チャコールグレー,なし,28000,,,ソンク,シリンダー,43,43,43,39
ヤマテー,SK-506M43E,ソンクシリンダー,10号,43×43×43,シリンダー,39,,ファイバーポリレジン,ウォームグレー,なし,28000,,,ソンク,シリンダー,43,43,43,39
ヤマテー,SK-506W43E,ソンクシリンダー,10号,43×43×43,シリンダー,39,,ファイバーポリレジン,ホワイトサンド,なし,28000,,,ソンク,シリンダー,43,43,43,39
ヤマテー,SK-506C29E,ソンクシリンダー,8号,29.5×29.5×30,シリンダー,26,,ファイバーポリレジン,チャコールグレー,なし,14000,,,ソンク,シリンダー,29.5,29.5,30,26
ヤマテー,SK-506M29E,ソンクシリンダー,8号,29.5×29.5×30,シリンダー,26,,ファイバーポリレジン,ウォームグレー,なし,14000,,,ソンク,シリンダー,29.5,29.5,30,26
ヤマテー,SK-506W29E,ソンクシリンダー,8号,29.5×29.5×30,シリンダー,26,,ファイバーポリレジン,ホワイトサンド,なし,14000,,,ソンク,シリンダー,29.5,29.5,30,26
ヤマテー,SK-502C52E,ソンクラウンドトール,11号以上,52×52×72,ラウンドトール,48,,ファイバーポリレジン,チャコールグレー,なし,55000,,,ソンク,ラウンドトール,52,52,72,48
ヤマテー,SK-502M52E,ソンクラウンドトール,11号以上,52×52×72,ラウンドトール,48,,ファイバーポリレジン,ウォームグレー,なし,55000,,,ソンク,ラウンドトール,52,52,72,48
ヤマテー,SK-502W52E,ソンクラウンドトール,11号以上,52×52×72,ラウンドトール,48,,ファイバーポリレジン,ホワイトサンド,なし,55000,,,ソンク,ラウンドトール,52,52,72,48
ヤマテー,SK-502C40E,ソンクラウンドトール,10号,40×40×55,ラウンドトール,36,,ファイバーポリレジン,チャコールグレー,なし,28000,,,ソンク,ラウンドトール,40,40,55,36
ヤマテー,SK-502M40E,ソンクラウンドトール,10号,40×40×55,ラウンドトール,36,,ファイバーポリレジン,ウォームグレー,なし,28000,,,ソンク,ラウンドトール,40,40,55,36
ヤマテー,SK-502W40E,ソンクラウンドトール,10号,40×40×55,ラウンドトール,36,,ファイバーポリレジン,ホワイトサンド,なし,28000,,,ソンク,ラウンドトール,40,40,55,36
ヤマテー,SK-505C40E,ソンクロング,10号,40×40×80,ロング,37,,ファイバーポリレジン,チャコールグレー,なし,43000,,,ソンク,ロング,40,40,80,37
ヤマテー,SK-505M40E,ソンクロング,10号,40×40×80,ロング,37,,ファイバーポリレジン,ウォームグレー,なし,43000,,,ソンク,ロング,40,40,80,37
ヤマテー,SK-505W40E,ソンクロング,10号,40×40×80,ロング,37,,ファイバーポリレジン,ホワイトサンド,なし,43000,,,ソンク,ロング,40,40,80,37
ヤマテー,HO-R01W13V,ホルストシリンダー 鉢カバー,10号,38×38×38,シリンダー 鉢カバー,36,,ポリストーン,ホワイト,なし,25000,,,ホルスト,シリンダー 鉢カバー,38,38,38,36
ヤマテー,HO-R01K13V,ホルストシリンダー 鉢カバー,10号,38×38×38,シリンダー 鉢カバー,36,,ポリストーン,ダークグレー,なし,25000,,,ホルスト,シリンダー 鉢カバー,38,38,38,36
ヤマテー,HO-R01G13V,ホルストシリンダー 鉢カバー,10号,38×38×38,シリンダー 鉢カバー,36,,ポリストーン,オリーブ,なし,25000,,,ホルスト,シリンダー 鉢カバー,38,38,38,36
ヤマテー,HO-R01P13V,ホルストシリンダー 鉢カバー,10号,38×38×38,シリンダー 鉢カバー,36,,ポリストーン,スパークルホワイト,なし,28000,,,ホルスト,シリンダー 鉢カバー,38,38,38,36
ヤマテー,HO-R01B13V,ホルストシリンダー 鉢カバー,10号,38×38×38,シリンダー 鉢カバー,36,,ポリストーン,スパークルブラック,なし,28000,,,ホルスト,シリンダー 鉢カバー,38,38,38,36
ヤマテー,HO-R01W10V,ホルストシリンダー 鉢カバー,8号,31×31×31,シリンダー 鉢カバー,29,,ポリストーン,ホワイト,なし,15000,,,ホルスト,シリンダー 鉢カバー,31,31,31,29
ヤマテー,HO-R01K10V,ホルストシリンダー 鉢カバー,8号,31×31×31,シリンダー 鉢カバー,29,,ポリストーン,ダークグレー,なし,15000,,,ホルスト,シリンダー 鉢カバー,31,31,31,29
ヤマテー,HO-R01G10V,ホルストシリンダー 鉢カバー,8号,31×31×31,シリンダー 鉢カバー,29,,ポリストーン,オリーブ,なし,15000,,,ホルスト,シリンダー 鉢カバー,31,31,31,29
ヤマテー,HO-R01P10V,ホルストシリンダー 鉢カバー,8号,31×31×31,シリンダー 鉢カバー,29,,ポリストーン,スパークルホワイト,なし,16000,,,ホルスト,シリンダー 鉢カバー,31,31,31,29
ヤマテー,HO-R01B10V,ホルストシリンダー 鉢カバー,8号,31×31×31,シリンダー 鉢カバー,29,,ポリストーン,スパークルブラック,なし,16000,,,ホルスト,シリンダー 鉢カバー,31,31,31,29
ヤマテー,HW-L02B73E,ホルストウッドレッグポット MID,8号,40×40×73.5,ウッドレッグポット MID,38,,ポリストーン,ベージュ,なし,36000,,,ホルスト,ウッドレッグポット MID,40,40,73.5,38
ヤマテー,HW-L02K73E,ホルストウッドレッグポット MID,8号,40×40×73.5,ウッドレッグポット MID,38,,ポリストーン,ダークグレー,なし,36000,,,ホルスト,ウッドレッグポット MID,40,40,73.5,38
ヤマテー,HW-L02T73E,ホルストウッドレッグポット MID,8号,40×40×73.5,ウッドレッグポット MID,38,,ポリストーン,トープ,なし,36000,,,ホルスト,ウッドレッグポット MID,40,40,73.5,38
ヤマテー,HW-L03B62E,ホルストウッドレッグポット LO,8号,36×36×62,ウッドレッグポット LO,34.5,,ポリストーン,ベージュ,なし,31000,,,ホルスト,ウッドレッグポット LO,36,36,62,34.5
ヤマテー,HW-L03K62E,ホルストウッドレッグポット LO,8号,36×36×62,ウッドレッグポット LO,34.5,,ポリストーン,ダークグレー,なし,31000,,,ホルスト,ウッドレッグポット LO,36,36,62,34.5
ヤマテー,HW-L03T62E,ホルストウッドレッグポット LO,8号,36×36×62,ウッドレッグポット LO,34.5,,ポリストーン,トープ,なし,31000,,,ホルスト,ウッドレッグポット LO,36,36,62,34.5
ヤマテー,HO-R02Y13V,ホルストプライマ 鉢カバー,10号,37×37×37,プライマ 鉢カバー,35.5,,ポリストーン,白 / 黒 / 黄,なし,34000,,,ホルスト,プライマ 鉢カバー,37,37,37,35.5
ヤマテー,HO-R02H13V,ホルストプライマ 鉢カバー,10号,37×37×37,プライマ 鉢カバー,35.5,,ポリストーン,白 / 灰 / 茶,なし,34000,,,ホルスト,プライマ 鉢カバー,37,37,37,35.5
ヤマテー,HO-R02Y10V,ホルストプライマ 鉢カバー,8号,30×30×30,プライマ 鉢カバー,28.5,,ポリストーン,白 / 黒 / 黄,なし,22000,,,ホルスト,プライマ 鉢カバー,30,30,30,28.5
ヤマテー,HO-R02H10V,ホルストプライマ 鉢カバー,8号,30×30×30,プライマ 鉢カバー,28.5,,ポリストーン,白 / 灰 / 茶,なし,22000,,,ホルスト,プライマ 鉢カバー,30,30,30,28.5
ヤマテー,FS-M03H55E,ファイバーストーンバルゴ モノ,11号以上,55×55×57,バルゴ モノ,49,,ファイバーセメント,ライトグレー,なし,28000,,,ファイバーストーン,バルゴ モノ,55,55,57,49
ヤマテー,FS-M03K55E,ファイバーストーンバルゴ モノ,11号以上,55×55×57,バルゴ モノ,49,,ファイバーセメント,ブラックストーン,なし,28000,,,ファイバーストーン,バルゴ モノ,55,55,57,49
ヤマテー,FS-M03H40E,ファイバーストーンバルゴ モノ,10号,40×40×44,バルゴ モノ,35.5,,ファイバーセメント,ライトグレー,なし,15000,,,ファイバーストーン,バルゴ モノ,40,40,44,35.5
ヤマテー,FS-M03K40E,ファイバーストーンバルゴ モノ,10号,40×40×44,バルゴ モノ,35.5,,ファイバーセメント,ブラックストーン,なし,15000,,,ファイバーストーン,バルゴ モノ,40,40,44,35.5
ヤマテー,FS-M03H33E,ファイバーストーンバルゴ モノ,8号,33×33×31,バルゴ モノ,28.5,,ファイバーセメント,ライトグレー,なし,7800,,,ファイバーストーン,バルゴ モノ,33,33,31,28.5
ヤマテー,FS-M03K33E,ファイバーストーンバルゴ モノ,8号,33×33×31,バルゴ モノ,28.5,,ファイバーセメント,ブラックストーン,なし,7800,,,ファイバーストーン,バルゴ モノ,33,33,31,28.5
ヤマテー,FS-L05H65N,ファイバーストーンバルゴ ラテルストーン,11号以上,65×65×68,バルゴ ラテルストーン,58,,ファイバーセメント,,なし,39000,,,ファイバーストーン,バルゴ ラテルストーン,65,65,68,58
ヤマテー,FS-L05H55N,ファイバーストーンバルゴ ラテルストーン,11号以上,55×55×57,バルゴ ラテルストーン,49,,ファイバーセメント,,なし,29000,,,ファイバーストーン,バルゴ ラテルストーン,55,55,57,49
ヤマテー,FS-L05H40N,ファイバーストーンバルゴ ラテルストーン,10号,40×40×44,バルゴ ラテルストーン,35.5,,ファイバーセメント,,なし,15000,,,ファイバーストーン,バルゴ ラテルストーン,40,40,44,35.5
ヤマテー,FS-L05H33N,ファイバーストーンバルゴ ラテルストーン,8号,33×33×31,バルゴ ラテルストーン,28.5,,ファイバーセメント,,なし,7800,,,ファイバーストーン,バルゴ ラテルストーン,33,33,31,28.5
ヤマテー,FS-M07H46N,ファイバーストーンカプリ モノ,10号,46.5×46.5×55,カプリ モノ,40,,ファイバーセメント,ライトグレー,なし,22000,,,ファイバーストーン,カプリ モノ,46.5,46.5,55,40
ヤマテー,FS-M07K46N,ファイバーストーンカプリ モノ,10号,46.5×46.5×55,カプリ モノ,40,,ファイバーセメント,ブラックストーン,なし,22000,,,ファイバーストーン,カプリ モノ,46.5,46.5,55,40
ヤマテー,FS-M07H36N,ファイバーストーンカプリ モノ,8号,36.5×36.5×45,カプリ モノ,32.5,,ファイバーセメント,ライトグレー,なし,11000,,,ファイバーストーン,カプリ モノ,36.5,36.5,45,32.5
ヤマテー,FS-M07K36N,ファイバーストーンカプリ モノ,8号,36.5×36.5×45,カプリ モノ,32.5,,ファイバーセメント,ブラックストーン,なし,11000,,,ファイバーストーン,カプリ モノ,36.5,36.5,45,32.5
ヤマテー,FS-L03H46N,ファイバーストーンカプリ ラテルストーン,10号,46.5×46.5×55,カプリ ラテルストーン,40.5,,ファイバーセメント,,なし,24000,,,ファイバーストーン,カプリ ラテルストーン,46.5,46.5,55,40.5
ヤマテー,FS-L03H36N,ファイバーストーンカプリ ラテルストーン,8号,36.5×36.5×45,カプリ ラテルストーン,31,,ファイバーセメント,,なし,11000,,,ファイバーストーン,カプリ ラテルストーン,36.5,36.5,45,31
ヤマテー,FS-L01H49N,ファイバーストーンコニック ラテルストーン,11号以上,49.5×49.5×40,コニック ラテルストーン,43,,ファイバーセメント,,なし,15000,,,ファイバーストーン,コニック ラテルストーン,49.5,49.5,40,43
ヤマテー,FS-L01H41N,ファイバーストーンコニック ラテルストーン,10号,41×41×36,コニック ラテルストーン,36,,ファイバーセメント,,なし,11000,,,ファイバーストーン,コニック ラテルストーン,41,41,36,36
ヤマテー,FS-M08H50N,ファイバーストーンキューブ モノ,11号以上,50×50×50,キューブ モノ,44,,ファイバーセメント,ライトグレー,なし,28000,,,ファイバーストーン,キューブ モノ,50,50,50,44
ヤマテー,FS-M08K50N,ファイバーストーンキューブ モノ,11号以上,50×50×50,キューブ モノ,44,,ファイバーセメント,ブラックストーン,なし,28000,,,ファイバーストーン,キューブ モノ,50,50,50,44
ヤマテー,FS-M08H40N,ファイバーストーンキューブ モノ,10号,40×40×40,キューブ モノ,34,,ファイバーセメント,ライトグレー,なし,18000,,,ファイバーストーン,キューブ モノ,40,40,40,34
ヤマテー,FS-M08K40N,ファイバーストーンキューブ モノ,10号,40×40×40,キューブ モノ,34,,ファイバーセメント,ブラックストーン,なし,18000,,,ファイバーストーン,キューブ モノ,40,40,40,34
ヤマテー,FS-M08H30N,ファイバーストーンキューブ モノ,8号,30×30×30,キューブ モノ,25.5,,ファイバーセメント,ライトグレー,なし,8900,,,ファイバーストーン,キューブ モノ,30,30,30,25.5
ヤマテー,FS-M08K30N,ファイバーストーンキューブ モノ,8号,30×30×30,キューブ モノ,25.5,,ファイバーセメント,ブラックストーン,なし,8900,,,ファイバーストーン,キューブ モノ,30,30,30,25.5
ヤマテー,FS-L02H40N,ファイバーストーンキューブ ラテルストーン,10号,40×40×40,キューブ ラテルストーン,34,,ファイバーセメント,,なし,18000,,,ファイバーストーン,キューブ ラテルストーン,40,40,40,34
ヤマテー,FS-M02H10E,ファイバーストーンジェミニ モノ,10号,42×42×100,ジェミニ モノ,36.5,,ファイバーセメント,ライトグレー,なし,39000,,,ファイバーストーン,ジェミニ モノ,42,42,100,36.5
ヤマテー,FS-M02K10E,ファイバーストーンジェミニ モノ,10号,42×42×100,ジェミニ モノ,36.5,,ファイバーセメント,ブラックストーン,なし,39000,,,ファイバーストーン,ジェミニ モノ,42,42,100,36.5
ヤマテー,FS-M02H76E,ファイバーストーンジェミニ モノ,8号,32×32×76,ジェミニ モノ,26,,ファイバーセメント,ライトグレー,なし,23000,,,ファイバーストーン,ジェミニ モノ,32,32,76,26
ヤマテー,FS-M02K76E,ファイバーストーンジェミニ モノ,8号,32×32×76,ジェミニ モノ,26,,ファイバーセメント,ブラックストーン,なし,23000,,,ファイバーストーン,ジェミニ モノ,32,32,76,26
ヤマテー,FS-M01H99E,ファイバーストーンアリエス モノ,10号,47×47×99,アリエス モノ,40,,ファイバーセメント,ライトグレー,なし,39000,,,ファイバーストーン,アリエス モノ,47,47,99,40
ヤマテー,FS-M01K99E,ファイバーストーンアリエス モノ,10号,47×47×99,アリエス モノ,40,,ファイバーセメント,ブラックストーン,なし,39000,,,ファイバーストーン,アリエス モノ,47,47,99,40
ヤマテー,FS-M01H80E,ファイバーストーンアリエス モノ,8号,37×37×80,アリエス モノ,31,,ファイバーセメント,ライトグレー,なし,24000,,,ファイバーストーン,アリエス モノ,37,37,80,31
ヤマテー,FS-M01K80E,ファイバーストーンアリエス モノ,8号,37×37×80,アリエス モノ,31,,ファイバーセメント,ブラックストーン,なし,24000,,,ファイバーストーン,アリエス モノ,37,37,80,31
ヤマテー,FS-R05W55E,ファイバーストーンバルゴ ベアルート,11号以上,55×55×57,バルゴ ベアルート,48.5,,ファイバーセメント,アッシュグレー,なし,28000,,,ファイバーストーン,バルゴ ベアルート,55,55,57,48.5
ヤマテー,FS-R05H55E,ファイバーストーンバルゴ ベアルート,11号以上,55×55×57,バルゴ ベアルート,48.5,,ファイバーセメント,ダークグレー,なし,28000,,,ファイバーストーン,バルゴ ベアルート,55,55,57,48.5
ヤマテー,FS-R05C55E,ファイバーストーンバルゴ ベアルート,11号以上,55×55×57,バルゴ ベアルート,48.5,,ファイバーセメント,ブラウン,なし,28000,,,ファイバーストーン,バルゴ ベアルート,55,55,57,48.5
ヤマテー,FS-R05W40E,ファイバーストーンバルゴ ベアルート,10号,40×40×44,バルゴ ベアルート,34,,ファイバーセメント,アッシュグレー,なし,15000,,,ファイバーストーン,バルゴ ベアルート,40,40,44,34
ヤマテー,FS-R05H40E,ファイバーストーンバルゴ ベアルート,10号,40×40×44,バルゴ ベアルート,34,,ファイバーセメント,ダークグレー,なし,15000,,,ファイバーストーン,バルゴ ベアルート,40,40,44,34
ヤマテー,FS-R05C40E,ファイバーストーンバルゴ ベアルート,10号,40×40×44,バルゴ ベアルート,34,,ファイバーセメント,ブラウン,なし,15000,,,ファイバーストーン,バルゴ ベアルート,40,40,44,34
ヤマテー,FS-R05W33E,ファイバーストーンバルゴ ベアルート,8号,33×33×31,バルゴ ベアルート,28.5,,ファイバーセメント,アッシュグレー,なし,8900,,,ファイバーストーン,バルゴ ベアルート,33,33,31,28.5
ヤマテー,FS-R05H33E,ファイバーストーンバルゴ ベアルート,8号,33×33×31,バルゴ ベアルート,28.5,,ファイバーセメント,ダークグレー,なし,8900,,,ファイバーストーン,バルゴ ベアルート,33,33,31,28.5
ヤマテー,FS-R05C33E,ファイバーストーンバルゴ ベアルート,8号,33×33×31,バルゴ ベアルート,28.5,,ファイバーセメント,ブラウン,なし,8900,,,ファイバーストーン,バルゴ ベアルート,33,33,31,28.5
ヤマテー,FS-R03W56E,ファイバーストーンカプリ ベアルート,11号以上,56×56×66,カプリ ベアルート,49,,ファイバーセメント,アッシュグレー,なし,36000,,,ファイバーストーン,カプリ ベアルート,56,56,66,49
ヤマテー,FS-R03H56E,ファイバーストーンカプリ ベアルート,11号以上,56×56×66,カプリ ベアルート,49,,ファイバーセメント,ダークグレー,なし,36000,,,ファイバーストーン,カプリ ベアルート,56,56,66,49
ヤマテー,FS-R03W46E,ファイバーストーンカプリ ベアルート,10号,46.5×46.5×55,カプリ ベアルート,40,,ファイバーセメント,アッシュグレー,なし,25000,,,ファイバーストーン,カプリ ベアルート,46.5,46.5,55,40
ヤマテー,FS-R03H46E,ファイバーストーンカプリ ベアルート,10号,46.5×46.5×55,カプリ ベアルート,40,,ファイバーセメント,ダークグレー,なし,25000,,,ファイバーストーン,カプリ ベアルート,46.5,46.5,55,40
ヤマテー,FS-R03C46E,ファイバーストーンカプリ ベアルート,10号,46.5×46.5×55,カプリ ベアルート,40,,ファイバーセメント,ブラウン,なし,25000,,,ファイバーストーン,カプリ ベアルート,46.5,46.5,55,40
ヤマテー,FS-R03W36E,ファイバーストーンカプリ ベアルート,8号,36.5×36.5×45,カプリ ベアルート,32.5,,ファイバーセメント,アッシュグレー,なし,13000,,,ファイバーストーン,カプリ ベアルート,36.5,36.5,45,32.5
ヤマテー,FS-R03H36E,ファイバーストーンカプリ ベアルート,8号,36.5×36.5×45,カプリ ベアルート,32.5,,ファイバーセメント,ダークグレー,なし,13000,,,ファイバーストーン,カプリ ベアルート,36.5,36.5,45,32.5
ヤマテー,FS-R03C36E,ファイバーストーンカプリ ベアルート,8号,36.5×36.5×45,カプリ ベアルート,32.5,,ファイバーセメント,ブラウン,なし,13000,,,ファイバーストーン,カプリ ベアルート,36.5,36.5,45,32.5
ヤマテー,FS-R06W60E,ファイバーストーンケートス ベアルート,11号以上,60×60×53,ケートス ベアルート,53,,ファイバーセメント,アッシュグレー,なし,38000,,,ファイバーストーン,ケートス ベアルート,60,60,53,53
ヤマテー,FS-R06H60E,ファイバーストーンケートス ベアルート,11号以上,60×60×53,ケートス ベアルート,53,,ファイバーセメント,ダークグレー,なし,38000,,,ファイバーストーン,ケートス ベアルート,60,60,53,53
ヤマテー,FS-R06W51E,ファイバーストーンケートス ベアルート,10号,51×51×43,ケートス ベアルート,43.5,,ファイバーセメント,アッシュグレー,なし,19000,,,ファイバーストーン,ケートス ベアルート,51,51,43,43.5
ヤマテー,FS-R06H51E,ファイバーストーンケートス ベアルート,10号,51×51×43,ケートス ベアルート,43.5,,ファイバーセメント,ダークグレー,なし,19000,,,ファイバーストーン,ケートス ベアルート,51,51,43,43.5
ヤマテー,FS-R06W41E,ファイバーストーンケートス ベアルート,8号,41.5×41.5×34.5,ケートス ベアルート,36.5,,ファイバーセメント,アッシュグレー,なし,11000,,,ファイバーストーン,ケートス ベアルート,41.5,41.5,34.5,36.5
ヤマテー,FS-R06H41E,ファイバーストーンケートス ベアルート,8号,41.5×41.5×34.5,ケートス ベアルート,36.5,,ファイバーセメント,ダークグレー,なし,11000,,,ファイバーストーン,ケートス ベアルート,41.5,41.5,34.5,36.5
ヤマテー,FS-R01W49E,ファイバーストーンコニック ベアルート,11号以上,49.5×49.5×40,コニック ベアルート,43,,ファイバーセメント,アッシュグレー,なし,16000,,,ファイバーストーン,コニック ベアルート,49.5,49.5,40,43
ヤマテー,FS-R01H49E,ファイバーストーンコニック ベアルート,11号以上,49.5×49.5×40,コニック ベアルート,43,,ファイバーセメント,ダークグレー,なし,16000,,,ファイバーストーン,コニック ベアルート,49.5,49.5,40,43
ヤマテー,FS-R01W41E,ファイバーストーンコニック ベアルート,10号,41×41×36,コニック ベアルート,36,,ファイバーセメント,アッシュグレー,なし,11000,,,ファイバーストーン,コニック ベアルート,41,41,36,36
ヤマテー,FS-R01H41E,ファイバーストーンコニック ベアルート,10号,41×41×36,コニック ベアルート,36,,ファイバーセメント,ダークグレー,なし,11000,,,ファイバーストーン,コニック ベアルート,41,41,36,36
ヤマテー,FS-R02W50E,ファイバーストーンキューブ ベアルート,11号以上,50×50×50,キューブ ベアルート,44,,ファイバーセメント,アッシュグレー,なし,32000,,,ファイバーストーン,キューブ ベアルート,50,50,50,44
ヤマテー,FS-R02H50E,ファイバーストーンキューブ ベアルート,11号以上,50×50×50,キューブ ベアルート,44,,ファイバーセメント,ダークグレー,なし,32000,,,ファイバーストーン,キューブ ベアルート,50,50,50,44
ヤマテー,FS-R02W40E,ファイバーストーンキューブ ベアルート,10号,40×40×40,キューブ ベアルート,34,,ファイバーセメント,アッシュグレー,なし,19000,,,ファイバーストーン,キューブ ベアルート,40,40,40,34
ヤマテー,FS-R02H40E,ファイバーストーンキューブ ベアルート,10号,40×40×40,キューブ ベアルート,34,,ファイバーセメント,ダークグレー,なし,19000,,,ファイバーストーン,キューブ ベアルート,40,40,40,34
ヤマテー,FS-R02W30E,ファイバーストーンキューブ ベアルート,8号,30×30×30,キューブ ベアルート,26,,ファイバーセメント,アッシュグレー,なし,9500,,,ファイバーストーン,キューブ ベアルート,30,30,30,26
ヤマテー,FS-R02H30E,ファイバーストーンキューブ ベアルート,8号,30×30×30,キューブ ベアルート,26,,ファイバーセメント,ダークグレー,なし,9500,,,ファイバーストーン,キューブ ベアルート,30,30,30,26
ヤマテー,FS-R06W80E,ファイバーストーンリオ・スリム ベアルート,8号,80×30×40,リオ・スリム ベアルート,23.5,,ファイバーセメント,アッシュグレー,あり,25000,,,ファイバーストーン,リオ・スリム ベアルート,80,30,40,23.5
ヤマテー,FS-R06H80E,ファイバーストーンリオ・スリム ベアルート,8号,80×30×40,リオ・スリム ベアルート,23.5,,ファイバーセメント,ダークグレー,あり,25000,,,ファイバーストーン,リオ・スリム ベアルート,80,30,40,23.5
ヤマテー,FS-LM1W38P,ファイバーストーンライム 3 ユーポット,10号,38×38×38,ライム 3 ユーポット,34,,ファイバーセメント,オフホワイト,あり,14500,,,ファイバーストーン,ライム 3 ユーポット,38,38,38,34
ヤマテー,FS-LM1C38P,ファイバーストーンライム 3 ユーポット,10号,38×38×38,ライム 3 ユーポット,34,,ファイバーセメント,アースブラウン,あり,14500,,,ファイバーストーン,ライム 3 ユーポット,38,38,38,34
ヤマテー,FS-LM1H38P,ファイバーストーンライム 3 ユーポット,10号,38×38×38,ライム 3 ユーポット,34,,ファイバーセメント,ラテルストーン,あり,14500,,,ファイバーストーン,ライム 3 ユーポット,38,38,38,34
ヤマテー,FS-LM1W32P,ファイバーストーンライム 3 ユーポット,8号,32×32×32,ライム 3 ユーポット,28,,ファイバーセメント,オフホワイト,あり,9800,,,ファイバーストーン,ライム 3 ユーポット,32,32,32,28
ヤマテー,FS-LM1C32P,ファイバーストーンライム 3 ユーポット,8号,32×32×32,ライム 3 ユーポット,28,,ファイバーセメント,アースブラウン,あり,9800,,,ファイバーストーン,ライム 3 ユーポット,32,32,32,28
ヤマテー,FS-LM1H32P,ファイバーストーンライム 3 ユーポット,8号,32×32×32,ライム 3 ユーポット,28,,ファイバーセメント,ラテルストーン,あり,9800,,,ファイバーストーン,ライム 3 ユーポット,32,32,32,28
ヤマテー,FS-LM2W38P,ファイバーストーンライム 3 シリンダー,10号,38×38×38,ライム 3 シリンダー,34,,ファイバーセメント,オフホワイト,あり,14500,,,ファイバーストーン,ライム 3 シリンダー,38,38,38,34
ヤマテー,FS-LM2C38P,ファイバーストーンライム 3 シリンダー,10号,38×38×38,ライム 3 シリンダー,34,,ファイバーセメント,アースブラウン,あり,14500,,,ファイバーストーン,ライム 3 シリンダー,38,38,38,34
ヤマテー,FS-LM2H38P,ファイバーストーンライム 3 シリンダー,10号,38×38×38,ライム 3 シリンダー,34,,ファイバーセメント,ラテルストーン,あり,14500,,,ファイバーストーン,ライム 3 シリンダー,38,38,38,34
ヤマテー,FS-LM2W32P,ファイバーストーンライム 3 シリンダー,8号,32×32×32,ライム 3 シリンダー,28,,ファイバーセメント,オフホワイト,あり,9800,,,ファイバーストーン,ライム 3 シリンダー,32,32,32,28
ヤマテー,FS-LM2C32P,ファイバーストーンライム 3 シリンダー,8号,32×32×32,ライム 3 シリンダー,28,,ファイバーセメント,アースブラウン,あり,9800,,,ファイバーストーン,ライム 3 シリンダー,32,32,32,28
ヤマテー,FS-LM2H32P,ファイバーストーンライム 3 シリンダー,8号,32×32×32,ライム 3 シリンダー,28,,ファイバーセメント,ラテルストーン,あり,9800,,,ファイバーストーン,ライム 3 シリンダー,32,32,32,28
ヤマテー,FS-PV2H53E,ファイバーストーンパボ ミドル,11号以上,53.5×53.5×48,パボ ミドル,42.5,,ファイバーセメント,ラテルストーン,なし,22000,,,ファイバーストーン,パボ ミドル,53.5,53.5,48,42.5
ヤマテー,FS-PV2C53E,ファイバーストーンパボ ミドル,11号以上,53.5×53.5×48,パボ ミドル,42.5,,ファイバーセメント,アースブラウン,なし,22000,,,ファイバーストーン,パボ ミドル,53.5,53.5,48,42.5
ヤマテー,FS-PV2W53E,ファイバーストーンパボ ミドル,11号以上,53.5×53.5×48,パボ ミドル,42.5,,ファイバーセメント,オフホワイト,なし,22000,,,ファイバーストーン,パボ ミドル,53.5,53.5,48,42.5
ヤマテー,FS-PV2H42E,ファイバーストーンパボ ミドル,10号,42×42×38,パボ ミドル,33,,ファイバーセメント,ラテルストーン,なし,14000,,,ファイバーストーン,パボ ミドル,42,42,38,33
ヤマテー,FS-PV2C42E,ファイバーストーンパボ ミドル,10号,42×42×38,パボ ミドル,33,,ファイバーセメント,アースブラウン,なし,14000,,,ファイバーストーン,パボ ミドル,42,42,38,33
ヤマテー,FS-PV2W42E,ファイバーストーンパボ ミドル,10号,42×42×38,パボ ミドル,33,,ファイバーセメント,オフホワイト,なし,14000,,,ファイバーストーン,パボ ミドル,42,42,38,33
ヤマテー,FS-PV2H31E,ファイバーストーンパボ ミドル,8号,31.5×31.5×28,パボ ミドル,24,,ファイバーセメント,ラテルストーン,なし,7500,,,ファイバーストーン,パボ ミドル,31.5,31.5,28,24
ヤマテー,FS-PV2C31E,ファイバーストーンパボ ミドル,8号,31.5×31.5×28,パボ ミドル,24,,ファイバーセメント,アースブラウン,なし,7500,,,ファイバーストーン,パボ ミドル,31.5,31.5,28,24
ヤマテー,FS-PV2W31E,ファイバーストーンパボ ミドル,8号,31.5×31.5×28,パボ ミドル,24,,ファイバーセメント,オフホワイト,なし,7500,,,ファイバーストーン,パボ ミドル,31.5,31.5,28,24
ヤマテー,FS-PV1H53E,ファイバーストーンパボ トール,10号,53×53×68,パボ トール,41.5,,ファイバーセメント,ラテルストーン,なし,34000,,,ファイバーストーン,パボ トール,53,53,68,41.5
ヤマテー,FS-PV1C53E,ファイバーストーンパボ トール,10号,53×53×68,パボ トール,41.5,,ファイバーセメント,アースブラウン,なし,34000,,,ファイバーストーン,パボ トール,53,53,68,41.5
ヤマテー,FS-PV1W53E,ファイバーストーンパボ トール,10号,53×53×68,パボ トール,41.5,,ファイバーセメント,オフホワイト,なし,34000,,,ファイバーストーン,パボ トール,53,53,68,41.5
ヤマテー,FS-PV1H40E,ファイバーストーンパボ トール,8号,40×40×48,パボ トール,30,,ファイバーセメント,ラテルストーン,なし,15000,,,ファイバーストーン,パボ トール,40,40,48,30
ヤマテー,FS-PV1C40E,ファイバーストーンパボ トール,8号,40×40×48,パボ トール,30,,ファイバーセメント,アースブラウン,なし,15000,,,ファイバーストーン,パボ トール,40,40,48,30
ヤマテー,FS-PV1W40E,ファイバーストーンパボ トール,8号,40×40×48,パボ トール,30,,ファイバーセメント,オフホワイト,なし,15000,,,ファイバーストーン,パボ トール,40,40,48,30
ヤマテー,FS-PV3H53E,ファイバーストーンパボ ジャー,10号,53×53×48,パボ ジャー,37.5,,ファイバーセメント,ラテルストーン,なし,21000,,,ファイバーストーン,パボ ジャー,53,53,48,37.5
ヤマテー,FS-PV3C53E,ファイバーストーンパボ ジャー,10号,53×53×48,パボ ジャー,37.5,,ファイバーセメント,アースブラウン,なし,21000,,,ファイバーストーン,パボ ジャー,53,53,48,37.5
ヤマテー,FS-PV3W53E,ファイバーストーンパボ ジャー,10号,53×53×48,パボ ジャー,37.5,,ファイバーセメント,オフホワイト,なし,21000,,,ファイバーストーン,パボ ジャー,53,53,48,37.5
ヤマテー,FS-PV3H36E,ファイバーストーンパボ ジャー,8号,36×36×32,パボ ジャー,25,,ファイバーセメント,ラテルストーン,なし,9500,,,ファイバーストーン,パボ ジャー,36,36,32,25
ヤマテー,FS-PV3C36E,ファイバーストーンパボ ジャー,8号,36×36×32,パボ ジャー,25,,ファイバーセメント,アースブラウン,なし,9500,,,ファイバーストーン,パボ ジャー,36,36,32,25
ヤマテー,FS-PV3W36E,ファイバーストーンパボ ジャー,8号,36×36×32,パボ ジャー,25,,ファイバーセメント,オフホワイト,なし,9500,,,ファイバーストーン,パボ ジャー,36,36,32,25
ヤマテー,FS-PV5H53E,ファイバーストーンパボ インワード,10号,53×53×48,パボ インワード,37.5,,ファイバーセメント,ラテルストーン,なし,20000,,,ファイバーストーン,パボ インワード,53,53,48,37.5
ヤマテー,FS-PV5C53E,ファイバーストーンパボ インワード,10号,53×53×48,パボ インワード,37.5,,ファイバーセメント,アースブラウン,なし,20000,,,ファイバーストーン,パボ インワード,53,53,48,37.5
ヤマテー,FS-PV5W53E,ファイバーストーンパボ インワード,10号,53×53×48,パボ インワード,37.5,,ファイバーセメント,オフホワイト,なし,20000,,,ファイバーストーン,パボ インワード,53,53,48,37.5
ヤマテー,FS-PV4H53E,ファイバーストーンパボ ジャー ロー,8号,53×53×32,パボ ジャー ロー,38,,ファイバーセメント,ラテルストーン,なし,14000,,,ファイバーストーン,パボ ジャー ロー,53,53,32,38
ヤマテー,FS-PV4C53E,ファイバーストーンパボ ジャー ロー,8号,53×53×32,パボ ジャー ロー,38,,ファイバーセメント,アースブラウン,なし,14000,,,ファイバーストーン,パボ ジャー ロー,53,53,32,38
ヤマテー,FS-PV4W53E,ファイバーストーンパボ ジャー ロー,8号,53×53×32,パボ ジャー ロー,38,,ファイバーセメント,オフホワイト,なし,14000,,,ファイバーストーン,パボ ジャー ロー,53,53,32,38
ヤマテー,FS-G04W48E,ファイバーストーントゥカナ イグニアス,8号,48×48×39,トゥカナ イグニアス,29,,ファイバーセメント,セメントグレー,なし,35000,,,ファイバーストーン,トゥカナ イグニアス,48,48,39,29
ヤマテー,FS-G04B48E,ファイバーストーントゥカナ イグニアス,8号,48×48×39,トゥカナ イグニアス,29,,ファイバーセメント,ブラウン,なし,35000,,,ファイバーストーン,トゥカナ イグニアス,48,48,39,29
ヤマテー,FS-G03W40E,ファイバーストーンバルゴ イグニアス,10号,40×40×44,バルゴ イグニアス,36,,ファイバーセメント,オフホワイト,なし,24000,,,ファイバーストーン,バルゴ イグニアス,40,40,44,36
ヤマテー,FS-G03C40E,ファイバーストーンバルゴ イグニアス,10号,40×40×44,バルゴ イグニアス,36,,ファイバーセメント,チャコール,なし,24000,,,ファイバーストーン,バルゴ イグニアス,40,40,44,36
ヤマテー,FS-G03W33E,ファイバーストーンバルゴ イグニアス,8号,33×33×31,バルゴ イグニアス,29,,ファイバーセメント,オフホワイト,なし,13000,,,ファイバーストーン,バルゴ イグニアス,33,33,31,29
ヤマテー,FS-G03C33E,ファイバーストーンバルゴ イグニアス,8号,33×33×31,バルゴ イグニアス,29,,ファイバーセメント,チャコール,なし,13000,,,ファイバーストーン,バルゴ イグニアス,33,33,31,29
ヤマテー,FS-G01W45E,ファイバーストーンループス イグニアス,10号,45×45×45,ループス イグニアス,36,,ファイバーセメント,オフホワイト,なし,26000,,,ファイバーストーン,ループス イグニアス,45,45,45,36
ヤマテー,FS-G01C45E,ファイバーストーンループス イグニアス,10号,45×45×45,ループス イグニアス,36,,ファイバーセメント,チャコール,なし,26000,,,ファイバーストーン,ループス イグニアス,45,45,45,36
ヤマテー,FS-G01W35E,ファイバーストーンループス イグニアス,8号,35×35×35,ループス イグニアス,28,,ファイバーセメント,オフホワイト,なし,15000,,,ファイバーストーン,ループス イグニアス,35,35,35,28
ヤマテー,FS-G01C35E,ファイバーストーンループス イグニアス,8号,35×35×35,ループス イグニアス,28,,ファイバーセメント,チャコール,なし,15000,,,ファイバーストーン,ループス イグニアス,35,35,35,28
ヤマテー,FS-PT1F70E,ファイバーストーンピトス マクサ,10号,70×70×59,ピトス マクサ,39,,ファイバーセメント,オフホワイト,なし,39000,,,ファイバーストーン,ピトス マクサ,70,70,59,39
ヤマテー,FS-PT1H70E,ファイバーストーンピトス マクサ,10号,70×70×59,ピトス マクサ,39,,ファイバーセメント,ダークグレイ,なし,39000,,,ファイバーストーン,ピトス マクサ,70,70,59,39
ヤマテー,FS-PT2F56E,ファイバーストーンピトス デミ,10号,56×56×48,ピトス デミ,34.5,,ファイバーセメント,オフホワイト,なし,19000,,,ファイバーストーン,ピトス デミ,56,56,48,34.5
ヤマテー,FS-PT2H56E,ファイバーストーンピトス デミ,10号,56×56×48,ピトス デミ,34.5,,ファイバーセメント,ダークグレイ,なし,19000,,,ファイバーストーン,ピトス デミ,56,56,48,34.5
ヤマテー,FS-PT3F53E,ファイバーストーンピトス ノラ,8号,53×53×39,ピトス ノラ,29,,ファイバーセメント,オフホワイト,なし,16000,,,ファイバーストーン,ピトス ノラ,53,53,39,29
ヤマテー,FS-PT3H53E,ファイバーストーンピトス ノラ,8号,53×53×39,ピトス ノラ,29,,ファイバーセメント,ダークグレー,なし,16000,,,ファイバーストーン,ピトス ノラ,53,53,39,29
ヤマテー,FS-AA3C50E,ファイバーストーンアウリガ,10号,50×50×75,アウリガ,40.5,,ファイバーセメント,アースブラウン,なし,39000,,,ファイバーストーン,アウリガ,50,50,75,40.5
ヤマテー,FS-AA3W50E,ファイバーストーンアウリガ,10号,50×50×75,アウリガ,40.5,,ファイバーセメント,アンティークホワイト,なし,39000,,,ファイバーストーン,アウリガ,50,50,75,40.5
ヤマテー,FS-AA3C40E,ファイバーストーンアウリガ,8号,40×40×59,アウリガ,32,,ファイバーセメント,アースブラウン,なし,23000,,,ファイバーストーン,アウリガ,40,40,59,32
ヤマテー,FS-AA3W40E,ファイバーストーンアウリガ,8号,40×40×59,アウリガ,32,,ファイバーセメント,アンティークホワイト,なし,23000,,,ファイバーストーン,アウリガ,40,40,59,32
ヤマテー,FS-AA2C53E,ファイバーストーンアラ,10号,53×53×47,アラ,34.5,,ファイバーセメント,アースブラウン,なし,32000,,,ファイバーストーン,アラ,53,53,47,34.5
ヤマテー,FS-AA2W53E,ファイバーストーンアラ,10号,53×53×47,アラ,34.5,,ファイバーセメント,アンティークホワイト,なし,32000,,,ファイバーストーン,アラ,53,53,47,34.5
ヤマテー,FS-A01C40E,ファイバーストーンアプス,10号,40×40×44,アプス,34.5,,ファイバーセメント,ブラウン,なし,13000,,,ファイバーストーン,アプス,40,40,44,34.5
ヤマテー,FS-A01H40E,ファイバーストーンアプス,10号,40×40×44,アプス,34.5,,ファイバーセメント,グレー,なし,13000,,,ファイバーストーン,アプス,40,40,44,34.5
ヤマテー,FS-A01B40E,ファイバーストーンアプス,10号,40×40×44,アプス,34.5,,ファイバーセメント,ベージュ,なし,13000,,,ファイバーストーン,アプス,40,40,44,34.5
ヤマテー,FS-A01C33E,ファイバーストーンアプス,8号,33×33×31,アプス,28.5,,ファイバーセメント,ブラウン,なし,8400,,,ファイバーストーン,アプス,33,33,31,28.5
ヤマテー,FS-A01H33E,ファイバーストーンアプス,8号,33×33×31,アプス,28.5,,ファイバーセメント,グレー,なし,8400,,,ファイバーストーン,アプス,33,33,31,28.5
ヤマテー,FS-A01B33E,ファイバーストーンアプス,8号,33×33×31,アプス,28.5,,ファイバーセメント,ベージュ,なし,8400,,,ファイバーストーン,アプス,33,33,31,28.5
ヤマテー,FS-M05S40E,ファイバーストーンリブラ,10号,40×40×55.5,リブラ,33.5,,ファイバーセメント,クリーム,なし,18000,,,ファイバーストーン,リブラ,40,40,55.5,33.5
ヤマテー,FS-M05R40E,ファイバーストーンリブラ,10号,40×40×55.5,リブラ,33.5,,ファイバーセメント,ラスティ,なし,18000,,,ファイバーストーン,リブラ,40,40,55.5,33.5
ヤマテー,FS-M05C40E,ファイバーストーンリブラ,10号,40×40×55.5,リブラ,33.5,,ファイバーセメント,ブラウン,なし,18000,,,ファイバーストーン,リブラ,40,40,55.5,33.5
ヤマテー,FS-M05H40E,ファイバーストーンリブラ,10号,40×40×55.5,リブラ,33.5,,ファイバーセメント,ライトグレー,なし,18000,,,ファイバーストーン,リブラ,40,40,55.5,33.5
ヤマテー,FS-P01W53E,ファイバーストーンポリゴナル ラウンド,10号,53×53×45,ポリゴナル ラウンド,42,,ファイバーセメント,マット白,なし,18000,,,ファイバーストーン,ポリゴナル ラウンド,53,53,45,42
ヤマテー,FS-P01H53E,ファイバーストーンポリゴナル ラウンド,10号,53×53×45,ポリゴナル ラウンド,42,,ファイバーセメント,マット灰,なし,18000,,,ファイバーストーン,ポリゴナル ラウンド,53,53,45,42
ヤマテー,FS-P01W40E,ファイバーストーンポリゴナル ラウンド,8号,40×40×34,ポリゴナル ラウンド,31,,ファイバーセメント,マット白,なし,10000,,,ファイバーストーン,ポリゴナル ラウンド,40,40,34,31
ヤマテー,FS-P01H40E,ファイバーストーンポリゴナル ラウンド,8号,40×40×34,ポリゴナル ラウンド,31,,ファイバーセメント,マット灰,なし,10000,,,ファイバーストーン,ポリゴナル ラウンド,40,40,34,31
ヤマテー,FS-P02W55E,ファイバーストーンポリゴナル ユーポット,10号,55×55×48.5,ポリゴナル ユーポット,41,,ファイバーセメント,マット白,なし,24000,,,ファイバーストーン,ポリゴナル ユーポット,55,55,48.5,41
ヤマテー,FS-P02H55E,ファイバーストーンポリゴナル ユーポット,10号,55×55×48.5,ポリゴナル ユーポット,41,,ファイバーセメント,マット灰,なし,24000,,,ファイバーストーン,ポリゴナル ユーポット,55,55,48.5,41
ヤマテー,FS-P02W40E,ファイバーストーンポリゴナル ユーポット,8号,40.5×40.5×36,ポリゴナル ユーポット,29,,ファイバーセメント,マット白,なし,13000,,,ファイバーストーン,ポリゴナル ユーポット,40.5,40.5,36,29
ヤマテー,FS-P02H40E,ファイバーストーンポリゴナル ユーポット,8号,40.5×40.5×36,ポリゴナル ユーポット,29,,ファイバーセメント,マット灰,なし,13000,,,ファイバーストーン,ポリゴナル ユーポット,40.5,40.5,36,29
ヤマテー,FS-LA1B40E,ファイバーストーンラケルタ,10号,40×40×44,ラケルタ,35,,ファイバーセメント,ベージュ,なし,14000,,,ファイバーストーン,ラケルタ,40,40,44,35
ヤマテー,FS-LA1G40E,ファイバーストーンラケルタ,10号,40×40×44,ラケルタ,35,,ファイバーセメント,ウォッシュグリーン,なし,14000,,,ファイバーストーン,ラケルタ,40,40,44,35
ヤマテー,FS-LA1B33E,ファイバーストーンラケルタ,8号,33×33×31,ラケルタ,29,,ファイバーセメント,ベージュ,なし,8400,,,ファイバーストーン,ラケルタ,33,33,31,29
ヤマテー,FS-LA1G33E,ファイバーストーンラケルタ,8号,33×33×31,ラケルタ,29,,ファイバーセメント,ウォッシュグリーン,なし,8400,,,ファイバーストーン,ラケルタ,33,33,31,29
ヤマテー,FS-203S40E,ファイバーストーンバルゴ ツートーン,10号,40×40×44,バルゴ ツートーン,35,,ファイバーセメント,サンディホワイト,なし,17000,,,ファイバーストーン,バルゴ ツートーン,40,40,44,35
ヤマテー,FS-203M40E,ファイバーストーンバルゴ ツートーン,10号,40×40×44,バルゴ ツートーン,35,,ファイバーセメント,マットブラウン,なし,17000,,,ファイバーストーン,バルゴ ツートーン,40,40,44,35
ヤマテー,FS-203S33E,ファイバーストーンバルゴ ツートーン,8号,33×33×31,バルゴ ツートーン,28.5,,ファイバーセメント,サンディホワイト,なし,9500,,,ファイバーストーン,バルゴ ツートーン,33,33,31,28.5
ヤマテー,FS-203M33E,ファイバーストーンバルゴ ツートーン,8号,33×33×31,バルゴ ツートーン,28.5,,ファイバーセメント,マットブラウン,なし,9500,,,ファイバーストーン,バルゴ ツートーン,33,33,31,28.5
ヤマテー,OY-02UW55E,オイスターユーポット,11号以上,55×55×56,ユーポット,51.5,,ファイバーセメント,,なし,35000,,,オイスター,ユーポット,55,55,56,51.5
ヤマテー,OY-02UW40E,オイスターユーポット,10号,40×40×43.5,ユーポット,36,,ファイバーセメント,,なし,18000,,,オイスター,ユーポット,40,40,43.5,36
ヤマテー,OY-02UW33E,オイスターユーポット,8号,33×33×31,ユーポット,29,,ファイバーセメント,,なし,9500,,,オイスター,ユーポット,33,33,31,29
ヤマテー,OY-01LW52E,オイスターロング,11号以上,52×52×72,ロング,48,,ファイバーセメント,,なし,39000,,,オイスター,ロング,52,52,72,48
ヤマテー,OY-01LW40E,オイスターロング,10号,40×40×55,ロング,36,,ファイバーセメント,,なし,21000,,,オイスター,ロング,40,40,55,36
ヤマテー,OY-03RW60E,オイスターラウンド,11号以上,60×60×52,ラウンド,55.5,,ファイバーセメント,,なし,39000,,,オイスター,ラウンド,60,60,52,55.5
ヤマテー,OY-03RW50E,オイスターラウンド,10号,50×50×44,ラウンド,46,,ファイバーセメント,,なし,22000,,,オイスター,ラウンド,50,50,44,46
ヤマテー,OY-03RW42E,オイスターラウンド,8号,42×42×36,ラウンド,37.5,,ファイバーセメント,,なし,13000,,,オイスター,ラウンド,42,42,36,37.5
ヤマテー,KOL-N3C073,ネーデルユーポット,11号以上,73×73×69.5,ユーポット,65,,ファイバーセメント,セメントグレー,あり,39000,,,ネーデル,ユーポット,73,73,69.5,65
ヤマテー,KOL-N3A073,ネーデルユーポット,11号以上,73×73×69.5,ユーポット,65,,ファイバーセメント,アースブラウン,なし,39000,,,ネーデル,ユーポット,73,73,69.5,65
ヤマテー,KOL-N3C062,ネーデルユーポット,11号以上,62×62×60,ユーポット,55,,ファイバーセメント,セメントグレー,なし,29000,,,ネーデル,ユーポット,62,62,60,55
ヤマテー,KOL-N3A062,ネーデルユーポット,11号以上,62×62×60,ユーポット,55,,ファイバーセメント,アースブラウン,なし,29000,,,ネーデル,ユーポット,62,62,60,55
ヤマテー,KOL-N3C053,ネーデルユーポット,11号以上,53×53×51.5,ユーポット,47,,ファイバーセメント,セメントグレー,なし,18000,,,ネーデル,ユーポット,53,53,51.5,47
ヤマテー,KOL-N3A053,ネーデルユーポット,11号以上,53×53×51.5,ユーポット,47,,ファイバーセメント,アースブラウン,なし,18000,,,ネーデル,ユーポット,53,53,51.5,47
ヤマテー,KS-403W16E,カッセルオーブ,10号,48×48×42.5,オーブ,40.5,,ファイバーセメント,ウォッシュグレー,あり,21000,,,カッセル,オーブ,48,48,42.5,40.5
ヤマテー,KS-403H16E,カッセルオーブ,10号,48×48×42.5,オーブ,40.5,,ファイバーセメント,ダークグレー,あり,21000,,,カッセル,オーブ,48,48,42.5,40.5
ヤマテー,KS-403W13E,カッセルオーブ,8号,39×39×35,オーブ,33,,ファイバーセメント,ウォッシュグレー,あり,13000,,,カッセル,オーブ,39,39,35,33
ヤマテー,KS-403H13E,カッセルオーブ,8号,39×39×35,オーブ,33,,ファイバーセメント,ダークグレー,あり,13000,,,カッセル,オーブ,39,39,35,33
ヤマテー,KS-402W15E,カッセルユーポット,11号以上,44×44×42.5,ユーポット,41,,ファイバーセメント,ウォッシュグレー,あり,18000,,,カッセル,ユーポット,44,44,42.5,41
ヤマテー,KS-402H15E,カッセルユーポット,11号以上,44×44×42.5,ユーポット,41,,ファイバーセメント,ダークグレー,あり,18000,,,カッセル,ユーポット,44,44,42.5,41
ヤマテー,KS-402W13E,カッセルユーポット,10号,39×39×37.5,ユーポット,36,,ファイバーセメント,ウォッシュグレー,あり,14000,,,カッセル,ユーポット,39,39,37.5,36
ヤマテー,KS-402H13E,カッセルユーポット,10号,39×39×37.5,ユーポット,36,,ファイバーセメント,ダークグレー,あり,14000,,,カッセル,ユーポット,39,39,37.5,36
ヤマテー,KS-402W10E,カッセルユーポット,8号,32×32×31,ユーポット,29.5,,ファイバーセメント,ウォッシュグレー,あり,9500,,,カッセル,ユーポット,32,32,31,29.5
ヤマテー,KS-402H10E,カッセルユーポット,8号,32×32×31,ユーポット,29.5,,ファイバーセメント,ダークグレー,あり,9500,,,カッセル,ユーポット,32,32,31,29.5
ヤマテー,KS-408W50E,カッセルユートール,10号,35×35×50,ユートール,32,,ファイバーセメント,ウォッシュグレー,あり,18000,,,カッセル,ユートール,35,35,50,32
ヤマテー,KS-408H50E,カッセルユートール,10号,35×35×50,ユートール,32,,ファイバーセメント,ダークグレー,あり,18000,,,カッセル,ユートール,35,35,50,32
ヤマテー,KS-408W40E,カッセルユートール,8号,28×28×40,ユートール,25.5,,ファイバーセメント,ウォッシュグレー,あり,9500,,,カッセル,ユートール,28,28,40,25.5
ヤマテー,KS-408H40E,カッセルユートール,8号,28×28×40,ユートール,25.5,,ファイバーセメント,ダークグレー,あり,9500,,,カッセル,ユートール,28,28,40,25.5
ヤマテー,KS-405W15E,カッセルトラピ,10号,45×45×37,トラピ,38,,ファイバーセメント,ウォッシュグレー,なし,18000,,,カッセル,トラピ,45,45,37,38
ヤマテー,KS-405H15E,カッセルトラピ,10号,45×45×37,トラピ,38,,ファイバーセメント,ダークグレー,なし,18000,,,カッセル,トラピ,45,45,37,38
ヤマテー,KS-405W11E,カッセルトラピ,8号,34×34×28.5,トラピ,28,,ファイバーセメント,ウォッシュグレー,なし,10000,,,カッセル,トラピ,34,34,28.5,28
ヤマテー,KS-405H11E,カッセルトラピ,8号,34×34×28.5,トラピ,28,,ファイバーセメント,ダークグレー,なし,10000,,,カッセル,トラピ,34,34,28.5,28
ヤマテー,KS-404W40E,カッセルトールシリンダー,8号,28×28×40,トールシリンダー,25.5,,ファイバーセメント,ウォッシュグレー,なし,11000,,,カッセル,トールシリンダー,28,28,40,25.5
ヤマテー,KS-404H40E,カッセルトールシリンダー,8号,28×28×40,トールシリンダー,25.5,,ファイバーセメント,ダークグレー,なし,11000,,,カッセル,トールシリンダー,28,28,40,25.5
ヤマテー,KS-406W45A,カッセルロー アカシアスタンド付,11号以上,45×45×51.5,ロー アカシアスタンド付,42,,ファイバーセメント,ウォッシュグレー,なし,33000,,,カッセル,ロー アカシアスタンド付,45,45,51.5,42
ヤマテー,KS-406H45A,カッセルロー アカシアスタンド付,11号以上,45×45×51.5,ロー アカシアスタンド付,42,,ファイバーセメント,ダークグレー,なし,33000,,,カッセル,ロー アカシアスタンド付,45,45,51.5,42
ヤマテー,KS-406W35A,カッセルロー アカシアスタンド付,10号,35×35×39.5,ロー アカシアスタンド付,32,,ファイバーセメント,ウォッシュグレー,なし,22000,,,カッセル,ロー アカシアスタンド付,35,35,39.5,32
ヤマテー,KS-406H35A,カッセルロー アカシアスタンド付,10号,35×35×39.5,ロー アカシアスタンド付,32,,ファイバーセメント,ダークグレー,なし,22000,,,カッセル,ロー アカシアスタンド付,35,35,39.5,32
ヤマテー,KS-407W55E,カッセルロー 鉢単体,11号以上,55×55×40,ロー 鉢単体,52,,ファイバーセメント,ウォッシュグレー,なし,28000,,,カッセル,ロー 鉢単体,55,55,40,52
ヤマテー,KS-407H55E,カッセルロー 鉢単体,11号以上,55×55×40,ロー 鉢単体,52,,ファイバーセメント,ダークグレー,なし,28000,,,カッセル,ロー 鉢単体,55,55,40,52
ヤマテー,KS-407W45E,カッセルロー 鉢単体,10号,45×45×33,ロー 鉢単体,42,,ファイバーセメント,ウォッシュグレー,なし,18000,,,カッセル,ロー 鉢単体,45,45,33,42
ヤマテー,KS-407H45E,カッセルロー 鉢単体,10号,45×45×33,ロー 鉢単体,42,,ファイバーセメント,ダークグレー,なし,18000,,,カッセル,ロー 鉢単体,45,45,33,42
ヤマテー,AY-001W50N,アユラニパトン,11号以上,50×50×44,パトン,43.5,,ファイバーセメント,,なし,28000,,,アユラニ,パトン,50,50,44,43.5
ヤマテー,AY-001W42N,アユラニパトン,10号,42×42×36.5,パトン,37,,ファイバーセメント,,なし,20000,,,アユラニ,パトン,42,42,36.5,37
ヤマテー,AY-002W50N,アユラニライレイ,11号以上,50×50×44,ライレイ,45.5,,ファイバーセメント,,なし,28000,,,アユラニ,ライレイ,50,50,44,45.5
ヤマテー,AY-002W42N,アユラニライレイ,10号,42×42×36.5,ライレイ,39.5,,ファイバーセメント,,なし,20000,,,アユラニ,ライレイ,42,42,36.5,39.5
ヤマテー,AY-T01W70N,アユラニトールパトン,10号,42×42×70,トールパトン,35.5,,ファイバーセメント,,なし,36000,,,アユラニ,トールパトン,42,42,70,35.5
ヤマテー,AY-T02W70N,アユラニトールライレイ,10号,42×42×70,トールライレイ,34,,ファイバーセメント,,なし,36000,,,アユラニ,トールライレイ,42,42,70,34
ヤマテー,BE-001H56E,ベトンユリウス,10号,56×56×54,ユリウス,38,,ファイバーセメント,,あり,29000,,,ベトン,ユリウス,56,56,54,38
ヤマテー,BE-001H42E,ベトンユリウス,8号,42×42×40,ユリウス,29.5,,ファイバーセメント,,あり,21000,,,ベトン,ユリウス,42,42,40,29.5
ヤマテー,BE-002H56E,ベトンユリウス ロー,8号,56×56×32,ユリウス ロー,37,,ファイバーセメント,,あり,19000,,,ベトン,ユリウス ロー,56,56,32,37
ヤマテー,BE-005H44E,ベトンルビコン,8号,44×44×36,ルビコン,31.5,,ファイバーセメント,,あり,21000,,,ベトン,ルビコン,44,44,36,31.5
ヤマテー,BE-003H42E,ベトンカエサル,10号,42×42×47,カエサル,36,,ファイバーセメント,,あり,18000,,,ベトン,カエサル,42,42,47,36
ヤマテー,BE-003H34E,ベトンカエサル,8号,34.5×34.5×43,カエサル,29,,ファイバーセメント,,あり,12000,,,ベトン,カエサル,34.5,34.5,43,29
ヤマテー,BE-007H50E,ベトントリウム,10号,50×50×46,トリウム,40,,ファイバーセメント,,あり,23000,,,ベトン,トリウム,50,50,46,40
ヤマテー,BE-007H34E,ベトントリウム,8号,34×34×30,トリウム,26,,ファイバーセメント,,あり,9000,,,ベトン,トリウム,34,34,30,26
ヤマテー,BE-004H45E,ベトンガイウス,10号,45×45×42.5,ガイウス,37,,ファイバーセメント,,あり,18000,,,ベトン,ガイウス,45,45,42.5,37
ヤマテー,BE-004H33E,ベトンガイウス,8号,35×35×33,ガイウス,28,,ファイバーセメント,,あり,9500,,,ベトン,ガイウス,35,35,33,28
ヤマテー,BE-006H46E,ベトンアレア,10号,46×46×46,アレア,40,,ファイバーセメント,,あり,23000,,,ベトン,アレア,46,46,46,40
ヤマテー,BE-006H36E,ベトンアレア,8号,36×36×36,アレア,31,,ファイバーセメント,,あり,13000,,,ベトン,アレア,36,36,36,31
ヤマテー,CT-101B20E,コーテスラウンド,11号以上,60×60×60,ラウンド,53,,ファイバーセメント,セメント,あり,34000,,,コーテス,ラウンド,60,60,60,53
ヤマテー,CT-101H20E,コーテスラウンド,11号以上,60×60×60,ラウンド,53,,ファイバーセメント,グレー,あり,34000,,,コーテス,ラウンド,60,60,60,53
ヤマテー,CT-101W20E,コーテスラウンド,11号以上,60×60×60,ラウンド,53,,ファイバーセメント,ホワイトテラゾ,あり,34000,,,コーテス,ラウンド,60,60,60,53
ヤマテー,CT-101T20E,コーテスラウンド,11号以上,60×60×60,ラウンド,53,,ファイバーセメント,グレーテラゾ,あり,34000,,,コーテス,ラウンド,60,60,60,53
ヤマテー,CT-101B17E,コーテスラウンド,11号以上,50×50×50,ラウンド,44,,ファイバーセメント,セメント,あり,18000,,,コーテス,ラウンド,50,50,50,44
ヤマテー,CT-101H17E,コーテスラウンド,11号以上,50×50×50,ラウンド,44,,ファイバーセメント,グレー,あり,18000,,,コーテス,ラウンド,50,50,50,44
ヤマテー,CT-101C17E,コーテスラウンド,11号以上,50×50×50,ラウンド,44,,ファイバーセメント,ダークグレー,あり,18000,,,コーテス,ラウンド,50,50,50,44
ヤマテー,CT-101L17E,コーテスラウンド,11号以上,50×50×50,ラウンド,44,,ファイバーセメント,ライムストーン,あり,18000,,,コーテス,ラウンド,50,50,50,44
ヤマテー,CT-101W17E,コーテスラウンド,11号以上,50×50×50,ラウンド,44,,ファイバーセメント,ホワイトテラゾ,あり,18000,,,コーテス,ラウンド,50,50,50,44
ヤマテー,CT-101T17E,コーテスラウンド,11号以上,50×50×50,ラウンド,44,,ファイバーセメント,グレーテラゾ,あり,18000,,,コーテス,ラウンド,50,50,50,44
ヤマテー,CT-101K17E,コーテスラウンド,11号以上,50×50×50,ラウンド,44,,ファイバーセメント,ブラックテラゾ,あり,18000,,,コーテス,ラウンド,50,50,50,44
ヤマテー,CT-101B13E,コーテスラウンド,10号,40×40×40,ラウンド,35,,ファイバーセメント,セメント,あり,11000,,,コーテス,ラウンド,40,40,40,35
ヤマテー,CT-101H13E,コーテスラウンド,10号,40×40×40,ラウンド,35,,ファイバーセメント,グレー,あり,11000,,,コーテス,ラウンド,40,40,40,35
ヤマテー,CT-101C13E,コーテスラウンド,10号,40×40×40,ラウンド,35,,ファイバーセメント,ダークグレー,あり,11000,,,コーテス,ラウンド,40,40,40,35
ヤマテー,CT-101L13E,コーテスラウンド,10号,40×40×40,ラウンド,35,,ファイバーセメント,ライムストーン,あり,11000,,,コーテス,ラウンド,40,40,40,35
ヤマテー,CT-101W13E,コーテスラウンド,10号,40×40×40,ラウンド,35,,ファイバーセメント,ホワイトテラゾ,あり,11000,,,コーテス,ラウンド,40,40,40,35
ヤマテー,CT-101T13E,コーテスラウンド,10号,40×40×40,ラウンド,35,,ファイバーセメント,グレーテラゾ,あり,11000,,,コーテス,ラウンド,40,40,40,35
ヤマテー,CT-101K13E,コーテスラウンド,10号,40×40×40,ラウンド,35,,ファイバーセメント,ブラックテラゾ,あり,11000,,,コーテス,ラウンド,40,40,40,35
ヤマテー,CT-007W17E,コーテスシリンド,11号以上,50×50×47.5,シリンド,44,,ファイバーセメント,ホワイトテラゾ,あり,19000,,,コーテス,シリンド,50,50,47.5,44
ヤマテー,CT-007T17E,コーテスシリンド,11号以上,50×50×47.5,シリンド,44,,ファイバーセメント,グレーテラゾ,あり,19000,,,コーテス,シリンド,50,50,47.5,44
ヤマテー,CT-007S17E,コーテスシリンド,11号以上,50×50×47.5,シリンド,44,,ファイバーセメント,セメント,あり,19000,,,コーテス,シリンド,50,50,47.5,44
ヤマテー,CT-007K17E,コーテスシリンド,11号以上,50×50×47.5,シリンド,44,,ファイバーセメント,ブラックテラゾ,あり,19000,,,コーテス,シリンド,50,50,47.5,44
ヤマテー,CT-007H17E,コーテスシリンド,11号以上,50×50×47.5,シリンド,44,,ファイバーセメント,グレー,あり,19000,,,コーテス,シリンド,50,50,47.5,44
ヤマテー,CT-007W13E,コーテスシリンド,10号,40×40×38,シリンド,35,,ファイバーセメント,ホワイトテラゾ,あり,12000,,,コーテス,シリンド,40,40,38,35
ヤマテー,CT-007T13E,コーテスシリンド,10号,40×40×38,シリンド,35,,ファイバーセメント,グレーテラゾ,あり,12000,,,コーテス,シリンド,40,40,38,35
ヤマテー,CT-007S13E,コーテスシリンド,10号,40×40×38,シリンド,35,,ファイバーセメント,セメント,あり,12000,,,コーテス,シリンド,40,40,38,35
ヤマテー,CT-007K13E,コーテスシリンド,10号,40×40×38,シリンド,35,,ファイバーセメント,ブラックテラゾ,あり,12000,,,コーテス,シリンド,40,40,38,35
ヤマテー,CT-007H13E,コーテスシリンド,10号,40×40×38,シリンド,35,,ファイバーセメント,グレー,あり,12000,,,コーテス,シリンド,40,40,38,35
ヤマテー,CT-007Y13E,コーテスシリンド カラーズ,10号,40×40×38,シリンド カラーズ,35,,ファイバーセメント,クリームイエローテラゾ,あり,15000,,,コーテス,シリンド カラーズ,40,40,38,35
ヤマテー,CT-007R13E,コーテスシリンド カラーズ,10号,40×40×38,シリンド カラーズ,35,,ファイバーセメント,アッシュローズテラゾ,あり,15000,,,コーテス,シリンド カラーズ,40,40,38,35
ヤマテー,CT-007B13E,コーテスシリンド カラーズ,10号,40×40×38,シリンド カラーズ,35,,ファイバーセメント,スモークブルーテラゾ,あり,15000,,,コーテス,シリンド カラーズ,40,40,38,35
ヤマテー,CT-006W17E,コーテスヘックス,11号以上,50×50×47.5,ヘックス,43,,ファイバーセメント,ホワイトテラゾ,あり,24000,,,コーテス,ヘックス,50,50,47.5,43
ヤマテー,CT-006T17E,コーテスヘックス,11号以上,50×50×47.5,ヘックス,43,,ファイバーセメント,グレーテラゾ,あり,24000,,,コーテス,ヘックス,50,50,47.5,43
ヤマテー,CT-006W13E,コーテスヘックス,10号,40×40×38,ヘックス,34,,ファイバーセメント,ホワイトテラゾ,あり,15000,,,コーテス,ヘックス,40,40,38,34
ヤマテー,CT-006T13E,コーテスヘックス,10号,40×40×38,ヘックス,34,,ファイバーセメント,グレーテラゾ,あり,15000,,,コーテス,ヘックス,40,40,38,34
ヤマテー,CT-006H13E,コーテスヘックス,10号,40×40×38,ヘックス,34,,ファイバーセメント,グレー,あり,15000,,,コーテス,ヘックス,40,40,38,34
ヤマテー,CT-002B15E,コーテスキューブ,10号,46×46×46,キューブ,40.5,,ファイバーセメント,セメント,あり,19000,,,コーテス,キューブ,46,46,46,40.5
ヤマテー,CT-002H15E,コーテスキューブ,10号,46×46×46,キューブ,40.5,,ファイバーセメント,グレー,あり,19000,,,コーテス,キューブ,46,46,46,40.5
ヤマテー,CT-002B12E,コーテスキューブ,8号,36×36×36,キューブ,30,,ファイバーセメント,セメント,あり,8500,,,コーテス,キューブ,36,36,36,30
ヤマテー,CT-002H12E,コーテスキューブ,8号,36×36×36,キューブ,30,,ファイバーセメント,グレー,あり,8500,,,コーテス,キューブ,36,36,36,30
ヤマテー,CT-012B40E,コーテスガレア,10号,40×40×40,ガレア,35.5,,ファイバーセメント,セメント,あり,13000,,,コーテス,ガレア,40,40,40,35.5
ヤマテー,CT-012H40E,コーテスガレア,10号,40×40×40,ガレア,35.5,,ファイバーセメント,グレー,あり,13000,,,コーテス,ガレア,40,40,40,35.5
ヤマテー,CT-012W40E,コーテスガレア,10号,40×40×40,ガレア,35.5,,ファイバーセメント,ホワイトテラゾ,あり,13000,,,コーテス,ガレア,40,40,40,35.5
ヤマテー,CT-012B33E,コーテスガレア,8号,33×33×33,ガレア,28.5,,ファイバーセメント,セメント,あり,9500,,,コーテス,ガレア,33,33,33,28.5
ヤマテー,CT-012H33E,コーテスガレア,8号,33×33×33,ガレア,28.5,,ファイバーセメント,グレー,あり,9500,,,コーテス,ガレア,33,33,33,28.5
ヤマテー,CT-012W33E,コーテスガレア,8号,33×33×33,ガレア,28.5,,ファイバーセメント,ホワイトテラゾ,あり,9500,,,コーテス,ガレア,33,33,33,28.5
ヤマテー,CT-011B53E,コーテスガレア ロー,10号,53×53×38,ガレア ロー,47,,ファイバーセメント,セメント,あり,20000,,,コーテス,ガレア ロー,53,53,38,47
ヤマテー,CT-011H53E,コーテスガレア ロー,10号,53×53×38,ガレア ロー,47,,ファイバーセメント,グレー,あり,20000,,,コーテス,ガレア ロー,53,53,38,47
ヤマテー,CT-011W53E,コーテスガレア ロー,10号,53×53×38,ガレア ロー,47,,ファイバーセメント,ホワイトテラゾ,あり,20000,,,コーテス,ガレア ロー,53,53,38,47
ヤマテー,CT-009W13E,コーテスマジス,10号,38×38×44,マジス,33.5,,ファイバーセメント,ホワイトテラゾ,なし,16000,,,コーテス,マジス,38,38,44,33.5
ヤマテー,CT-009T13E,コーテスマジス,10号,38×38×44,マジス,33.5,,ファイバーセメント,グレーテラゾ,なし,16000,,,コーテス,マジス,38,38,44,33.5
ヤマテー,CT-009W10E,コーテスマジス,8号,30×30×35,マジス,25.5,,ファイバーセメント,ホワイトテラゾ,なし,10000,,,コーテス,マジス,30,30,35,25.5
ヤマテー,CT-009T10E,コーテスマジス,8号,30×30×35,マジス,25.5,,ファイバーセメント,グレーテラゾ,なし,10000,,,コーテス,マジス,30,30,35,25.5
ヤマテー,CT-008B11E,コーテスラウンド ハイ,8号,32×32×65,ラウンド ハイ,27,,ファイバーセメント,セメント,あり,16000,,,コーテス,ラウンド ハイ,32,32,65,27
ヤマテー,CT-008H11E,コーテスラウンド ハイ,8号,32×32×65,ラウンド ハイ,27,,ファイバーセメント,グレー,あり,16000,,,コーテス,ラウンド ハイ,32,32,65,27
ヤマテー,CT-008W11E,コーテスラウンド ハイ,8号,32×32×65,ラウンド ハイ,27,,ファイバーセメント,ホワイトウォッシュ,あり,16000,,,コーテス,ラウンド ハイ,32,32,65,27
ヤマテー,CT-008C11E,コーテスラウンド ハイ,8号,32×32×65,ラウンド ハイ,27,,ファイバーセメント,チゼル,あり,16000,,,コーテス,ラウンド ハイ,32,32,65,27
ヤマテー,CT-004C19E,コーテスジャー チゼル,10号,57×57×64,ジャー チゼル,44.5,,ファイバーセメント,,あり,20000,,,コーテス,ジャー チゼル,57,57,64,44.5
ヤマテー,CT-004C13E,コーテスジャー チゼル,8号,39×39×46,ジャー チゼル,29,,ファイバーセメント,,あり,10000,,,コーテス,ジャー チゼル,39,39,46,29
ヤマテー,CT-004B19E,コーテスジャー ホワイトウォッシュ,10号,57×57×64,ジャー ホワイトウォッシュ,41.5,,ファイバーセメント,,あり,20000,,,コーテス,ジャー ホワイトウォッシュ,57,57,64,41.5
ヤマテー,CT-004B13E,コーテスジャー ホワイトウォッシュ,8号,39×39×46,ジャー ホワイトウォッシュ,29,,ファイバーセメント,,あり,10000,,,コーテス,ジャー ホワイトウォッシュ,39,39,46,29
ヤマテー,CT-S01W40E,コーテスストラータ,10号,40×40×38,ストラータ,34.5,,ファイバーセメント,Wグラデ,あり,24000,,,コーテス,ストラータ,40,40,38,34.5
ヤマテー,CT-S01S40E,コーテスストラータ,10号,40×40×38,ストラータ,34.5,,ファイバーセメント,Sグラデ,あり,24000,,,コーテス,ストラータ,40,40,38,34.5
ヤマテー,CT-S01K40E,コーテスストラータ,10号,40×40×38,ストラータ,34.5,,ファイバーセメント,Kグラデ,あり,24000,,,コーテス,ストラータ,40,40,38,34.5
ヤマテー,CT-S01Y40E,コーテスストラータ,10号,40×40×38,ストラータ,34.5,,ファイバーセメント,Yグラデ,あり,24000,,,コーテス,ストラータ,40,40,38,34.5
ヤマテー,CT-S01W33E,コーテスストラータ,8号,33×33×31,ストラータ,27,,ファイバーセメント,Wグラデ,あり,13000,,,コーテス,ストラータ,33,33,31,27
ヤマテー,CT-S01S33E,コーテスストラータ,8号,33×33×31,ストラータ,27,,ファイバーセメント,Sグラデ,あり,13000,,,コーテス,ストラータ,33,33,31,27
ヤマテー,CT-S01K33E,コーテスストラータ,8号,33×33×31,ストラータ,27,,ファイバーセメント,Kグラデ,あり,13000,,,コーテス,ストラータ,33,33,31,27
ヤマテー,CT-S01Y33E,コーテスストラータ,8号,33×33×31,ストラータ,27,,ファイバーセメント,Yグラデ,あり,13000,,,コーテス,ストラータ,33,33,31,27
ヤマテー,CQ-002H55E,コンカーキューブ,11号以上,55×55×55,キューブ,48.5,,ファイバーセメント,,あり,28000,,,コンカー,キューブ,55,55,55,48.5
ヤマテー,CQ-002H45E,コンカーキューブ,10号,45×45×45,キューブ,38,,ファイバーセメント,,あり,20000,,,コンカー,キューブ,45,45,45,38
ヤマテー,CQ-002H36E,コンカーキューブ,8号,36×36×36,キューブ,30,,ファイバーセメント,,あり,10000,,,コンカー,キューブ,36,36,36,30
ヤマテー,CQ-001H90E,コンカーレクト,11号以上,90×45×45,レクト,38.5,,ファイバーセメント,,あり,29000,,,コンカー,レクト,90,45,45,38.5
ヤマテー,CQ-001H70E,コンカーレクト,10号,70×38×38,レクト,32,,ファイバーセメント,,あり,24000,,,コンカー,レクト,70,38,38,32
ヤマテー,CQ-003H45E,コンカーラウンド,10号,45×38×38,ラウンド,39,,ファイバーセメント,,あり,23000,,,コンカー,ラウンド,45,38,38,39
ヤマテー,CQ-003H35E,コンカーラウンド,8号,35×30×30,ラウンド,30.5,,ファイバーセメント,,あり,11000,,,コンカー,ラウンド,35,30,30,30.5
ヤマテー,FM-002W65E,ファイバークレイベータ キューブプランター,11号以上,65×65×65,ベータ キューブプランター,57,,ファイバーセメント,白,あり,46000,,,ファイバークレイ,ベータ キューブプランター,65,65,65,57
ヤマテー,FM-002K65E,ファイバークレイベータ キューブプランター,11号以上,65×65×65,ベータ キューブプランター,57,,ファイバーセメント,黒,あり,46000,,,ファイバークレイ,ベータ キューブプランター,65,65,65,57
ヤマテー,FM-002H65E,ファイバークレイベータ キューブプランター,11号以上,65×65×65,ベータ キューブプランター,57,,ファイバーセメント,灰,あり,46000,,,ファイバークレイ,ベータ キューブプランター,65,65,65,57
ヤマテー,FM-002W55E,ファイバークレイベータ キューブプランター,11号以上,55×55×55,ベータ キューブプランター,47.5,,ファイバーセメント,白,あり,28000,,,ファイバークレイ,ベータ キューブプランター,55,55,55,47.5
ヤマテー,FM-002K55E,ファイバークレイベータ キューブプランター,11号以上,55×55×55,ベータ キューブプランター,47.5,,ファイバーセメント,黒,あり,28000,,,ファイバークレイ,ベータ キューブプランター,55,55,55,47.5
ヤマテー,FM-002H55E,ファイバークレイベータ キューブプランター,11号以上,55×55×55,ベータ キューブプランター,47.5,,ファイバーセメント,灰,あり,28000,,,ファイバークレイ,ベータ キューブプランター,55,55,55,47.5
ヤマテー,FM-002W45E,ファイバークレイベータ キューブプランター,10号,45×45×45,ベータ キューブプランター,38.5,,ファイバーセメント,白,あり,16000,,,ファイバークレイ,ベータ キューブプランター,45,45,45,38.5
ヤマテー,FM-002K45E,ファイバークレイベータ キューブプランター,10号,45×45×45,ベータ キューブプランター,38.5,,ファイバーセメント,黒,あり,16000,,,ファイバークレイ,ベータ キューブプランター,45,45,45,38.5
ヤマテー,FM-002H45E,ファイバークレイベータ キューブプランター,10号,45×45×45,ベータ キューブプランター,38.5,,ファイバーセメント,灰,あり,16000,,,ファイバークレイ,ベータ キューブプランター,45,45,45,38.5
ヤマテー,FM-002W36E,ファイバークレイベータ キューブプランター,8号,36×36×36,ベータ キューブプランター,30.5,,ファイバーセメント,白,あり,10000,,,ファイバークレイ,ベータ キューブプランター,36,36,36,30.5
ヤマテー,FM-002K36E,ファイバークレイベータ キューブプランター,8号,36×36×36,ベータ キューブプランター,30.5,,ファイバーセメント,黒,あり,10000,,,ファイバークレイ,ベータ キューブプランター,36,36,36,30.5
ヤマテー,FM-002H36E,ファイバークレイベータ キューブプランター,8号,36×36×36,ベータ キューブプランター,30.5,,ファイバーセメント,灰,あり,10000,,,ファイバークレイ,ベータ キューブプランター,36,36,36,30.5
ヤマテー,FM-001W10E,ファイバークレイラムダ 長角プランター,10号,100×45×45,ラムダ 長角プランター,41.5,,ファイバーセメント,白,あり,36000,,,ファイバークレイ,ラムダ 長角プランター,100,45,45,41.5
ヤマテー,FM-001K10E,ファイバークレイラムダ 長角プランター,10号,100×45×45,ラムダ 長角プランター,41.5,,ファイバーセメント,黒,あり,36000,,,ファイバークレイ,ラムダ 長角プランター,100,45,45,41.5
ヤマテー,FM-001H10E,ファイバークレイラムダ 長角プランター,10号,100×45×45,ラムダ 長角プランター,41.5,,ファイバーセメント,灰,あり,36000,,,ファイバークレイ,ラムダ 長角プランター,100,45,45,41.5
ヤマテー,FM-001W80E,ファイバークレイラムダ 長角プランター,10号,80×38×41,ラムダ 長角プランター,34,,ファイバーセメント,白,あり,26000,,,ファイバークレイ,ラムダ 長角プランター,80,38,41,34
ヤマテー,FM-001K80E,ファイバークレイラムダ 長角プランター,10号,80×38×41,ラムダ 長角プランター,34,,ファイバーセメント,黒,あり,26000,,,ファイバークレイ,ラムダ 長角プランター,80,38,41,34
ヤマテー,FM-001H80E,ファイバークレイラムダ 長角プランター,10号,80×38×41,ラムダ 長角プランター,34,,ファイバーセメント,灰,あり,26000,,,ファイバークレイ,ラムダ 長角プランター,80,38,41,34
ヤマテー,FM-001W60E,ファイバークレイラムダ 長角プランター,8号,60×30×30,ラムダ 長角プランター,26.5,,ファイバーセメント,白,あり,13000,,,ファイバークレイ,ラムダ 長角プランター,60,30,30,26.5
ヤマテー,FM-001K60E,ファイバークレイラムダ 長角プランター,8号,60×30×30,ラムダ 長角プランター,26.5,,ファイバーセメント,黒,あり,13000,,,ファイバークレイ,ラムダ 長角プランター,60,30,30,26.5
ヤマテー,FM-001H60E,ファイバークレイラムダ 長角プランター,8号,60×30×30,ラムダ 長角プランター,26.5,,ファイバーセメント,灰,あり,13000,,,ファイバークレイ,ラムダ 長角プランター,60,30,30,26.5
ヤマテー,FM-012W10E,ファイバークレイラムダ・スリム 長角プランター,10号,100×37×37,ラムダ・スリム 長角プランター,32,,ファイバーセメント,白,あり,28000,,,ファイバークレイ,ラムダ・スリム 長角プランター,100,37,37,32
ヤマテー,FM-012K10E,ファイバークレイラムダ・スリム 長角プランター,10号,100×37×37,ラムダ・スリム 長角プランター,32,,ファイバーセメント,黒,あり,28000,,,ファイバークレイ,ラムダ・スリム 長角プランター,100,37,37,32
ヤマテー,FM-012H10E,ファイバークレイラムダ・スリム 長角プランター,10号,100×37×37,ラムダ・スリム 長角プランター,32,,ファイバーセメント,灰,あり,28000,,,ファイバークレイ,ラムダ・スリム 長角プランター,100,37,37,32
ヤマテー,FM-012W80E,ファイバークレイラムダ・スリム 長角プランター,8号,80×30×30,ラムダ・スリム 長角プランター,24.5,,ファイバーセメント,白,あり,18000,,,ファイバークレイ,ラムダ・スリム 長角プランター,80,30,30,24.5
ヤマテー,FM-012K80E,ファイバークレイラムダ・スリム 長角プランター,8号,80×30×30,ラムダ・スリム 長角プランター,24.5,,ファイバーセメント,黒,あり,18000,,,ファイバークレイ,ラムダ・スリム 長角プランター,80,30,30,24.5
ヤマテー,FM-012H80E,ファイバークレイラムダ・スリム 長角プランター,8号,80×30×30,ラムダ・スリム 長角プランター,24.5,,ファイバーセメント,灰,あり,18000,,,ファイバークレイ,ラムダ・スリム 長角プランター,80,30,30,24.5
ヤマテー,FM-002F55G,ファイバークレイベータ キューブプランター ベアロック,11号以上,55×55×55,ベータ キューブプランター ベアロック,47.5,,ファイバーセメント,オフホワイト,あり,29000,,,ファイバークレイ,ベータ キューブプランター ベアロック,55,55,55,47.5
ヤマテー,FM-002B55G,ファイバークレイベータ キューブプランター ベアロック,11号以上,55×55×55,ベータ キューブプランター ベアロック,47.5,,ファイバーセメント,ブラック,あり,29000,,,ファイバークレイ,ベータ キューブプランター ベアロック,55,55,55,47.5
ヤマテー,FM-002G55G,ファイバークレイベータ キューブプランター ベアロック,11号以上,55×55×55,ベータ キューブプランター ベアロック,47.5,,ファイバーセメント,グレー,あり,29000,,,ファイバークレイ,ベータ キューブプランター ベアロック,55,55,55,47.5
ヤマテー,FM-002F45G,ファイバークレイベータ キューブプランター ベアロック,10号,45×45×45,ベータ キューブプランター ベアロック,38.5,,ファイバーセメント,オフホワイト,あり,19000,,,ファイバークレイ,ベータ キューブプランター ベアロック,45,45,45,38.5
ヤマテー,FM-002B45G,ファイバークレイベータ キューブプランター ベアロック,10号,45×45×45,ベータ キューブプランター ベアロック,38.5,,ファイバーセメント,ブラック,あり,19000,,,ファイバークレイ,ベータ キューブプランター ベアロック,45,45,45,38.5
ヤマテー,FM-002G45G,ファイバークレイベータ キューブプランター ベアロック,10号,45×45×45,ベータ キューブプランター ベアロック,38.5,,ファイバーセメント,グレー,あり,19000,,,ファイバークレイ,ベータ キューブプランター ベアロック,45,45,45,38.5
ヤマテー,FM-002F36G,ファイバークレイベータ キューブプランター ベアロック,8号,36×36×36,ベータ キューブプランター ベアロック,30.5,,ファイバーセメント,オフホワイト,あり,11000,,,ファイバークレイ,ベータ キューブプランター ベアロック,36,36,36,30.5
ヤマテー,FM-002B36G,ファイバークレイベータ キューブプランター ベアロック,8号,36×36×36,ベータ キューブプランター ベアロック,30.5,,ファイバーセメント,ブラック,あり,11000,,,ファイバークレイ,ベータ キューブプランター ベアロック,36,36,36,30.5
ヤマテー,FM-002G36G,ファイバークレイベータ キューブプランター ベアロック,8号,36×36×36,ベータ キューブプランター ベアロック,30.5,,ファイバーセメント,グレー,あり,11000,,,ファイバークレイ,ベータ キューブプランター ベアロック,36,36,36,30.5
ヤマテー,FM-012F10G,ファイバークレイラムダ・スリム長角プランター ベアロック,10号,100×37×38.5,ラムダ・スリム長角プランター ベアロック,32,,ファイバーセメント,オフホワイト,あり,26000,,,ファイバークレイ,ラムダ・スリム長角プランター ベアロック,100,37,38.5,32
ヤマテー,FM-012B10G,ファイバークレイラムダ・スリム長角プランター ベアロック,10号,100×37×38.5,ラムダ・スリム長角プランター ベアロック,32,,ファイバーセメント,ブラック,あり,26000,,,ファイバークレイ,ラムダ・スリム長角プランター ベアロック,100,37,38.5,32
ヤマテー,FM-012G10G,ファイバークレイラムダ・スリム長角プランター ベアロック,10号,100×37×38.5,ラムダ・スリム長角プランター ベアロック,32,,ファイバーセメント,グレー,あり,26000,,,ファイバークレイ,ラムダ・スリム長角プランター ベアロック,100,37,38.5,32
ヤマテー,FM-1SLK90E,ファイバークレイラムダ スラント LS,8号,90×34×45,ラムダ スラント LS,28.5,,ファイバーセメント,黒,あり,28000,,,ファイバークレイ,ラムダ スラント LS,90,34,45,28.5
ヤマテー,FM-1SLH90E,ファイバークレイラムダ スラント LS,8号,90×34×45,ラムダ スラント LS,28.5,,ファイバーセメント,灰,あり,28000,,,ファイバークレイ,ラムダ スラント LS,90,34,45,28.5
ヤマテー,FM-1SRK90E,ファイバークレイラムダ スラント RS,8号,90×34×45,ラムダ スラント RS,28.5,,ファイバーセメント,黒,あり,28000,,,ファイバークレイ,ラムダ スラント RS,90,34,45,28.5
ヤマテー,FM-1SRH90E,ファイバークレイラムダ スラント RS,8号,90×34×45,ラムダ スラント RS,28.5,,ファイバーセメント,灰,あり,28000,,,ファイバークレイ,ラムダ スラント RS,90,34,45,28.5
ヤマテー,FM-009W65E,ファイバークレイゼータ スクエアトールプランター,10号,40×40×65,ゼータ スクエアトールプランター,35.5,,ファイバーセメント,白,あり,17000,,,ファイバークレイ,ゼータ スクエアトールプランター,40,40,65,35.5
ヤマテー,FM-009K65E,ファイバークレイゼータ スクエアトールプランター,10号,40×40×65,ゼータ スクエアトールプランター,35.5,,ファイバーセメント,黒,あり,17000,,,ファイバークレイ,ゼータ スクエアトールプランター,40,40,65,35.5
ヤマテー,FM-004W12E,ファイバークレイシグマ 角柱プランター,8号,35×35×120,シグマ 角柱プランター,30,,ファイバーセメント,白,あり,32000,,,ファイバークレイ,シグマ 角柱プランター,35,35,120,30
ヤマテー,FM-004K12E,ファイバークレイシグマ 角柱プランター,8号,35×35×120,シグマ 角柱プランター,30,,ファイバーセメント,黒,あり,32000,,,ファイバークレイ,シグマ 角柱プランター,35,35,120,30
ヤマテー,FM-004H12E,ファイバークレイシグマ 角柱プランター,8号,35×35×120,シグマ 角柱プランター,30,,ファイバーセメント,灰,あり,32000,,,ファイバークレイ,シグマ 角柱プランター,35,35,120,30
ヤマテー,FM-004W09E,ファイバークレイシグマ 角柱プランター,8号,35×35×90,シグマ 角柱プランター,30,,ファイバーセメント,白,あり,26000,,,ファイバークレイ,シグマ 角柱プランター,35,35,90,30
ヤマテー,FM-004K09E,ファイバークレイシグマ 角柱プランター,8号,35×35×90,シグマ 角柱プランター,30,,ファイバーセメント,黒,あり,26000,,,ファイバークレイ,シグマ 角柱プランター,35,35,90,30
ヤマテー,FM-004H09E,ファイバークレイシグマ 角柱プランター,8号,35×35×90,シグマ 角柱プランター,30,,ファイバーセメント,灰,あり,26000,,,ファイバークレイ,シグマ 角柱プランター,35,35,90,30
ヤマテー,FM-004W06E,ファイバークレイシグマ 角柱プランター,8号,35×35×60,シグマ 角柱プランター,30,,ファイバーセメント,白,あり,19000,,,ファイバークレイ,シグマ 角柱プランター,35,35,60,30
ヤマテー,FM-004K06E,ファイバークレイシグマ 角柱プランター,8号,35×35×60,シグマ 角柱プランター,30,,ファイバーセメント,黒,あり,19000,,,ファイバークレイ,シグマ 角柱プランター,35,35,60,30
ヤマテー,FM-004H06E,ファイバークレイシグマ 角柱プランター,8号,35×35×60,シグマ 角柱プランター,30,,ファイバーセメント,灰,あり,19000,,,ファイバークレイ,シグマ 角柱プランター,35,35,60,30
ヤマテー,FM-019W50E,ファイバークレイイタ コニックプランター,11号以上,50×50×50,イタ コニックプランター,45,,ファイバーセメント,白,あり,17000,,,ファイバークレイ,イタ コニックプランター,50,50,50,45
ヤマテー,FM-019H50E,ファイバークレイイタ コニックプランター,11号以上,50×50×50,イタ コニックプランター,45,,ファイバーセメント,灰,あり,17000,,,ファイバークレイ,イタ コニックプランター,50,50,50,45
ヤマテー,FM-019W40E,ファイバークレイイタ コニックプランター,10号,40×40×40,イタ コニックプランター,35,,ファイバーセメント,白,あり,10000,,,ファイバークレイ,イタ コニックプランター,40,40,40,35
ヤマテー,FM-019H40E,ファイバークレイイタ コニックプランター,10号,40×40×40,イタ コニックプランター,35,,ファイバーセメント,灰,あり,10000,,,ファイバークレイ,イタ コニックプランター,40,40,40,35
ヤマテー,FM-020W50E,ファイバークレイミュウ ラウンドプランター,11号以上,50×50×45,ミュウ ラウンドプランター,45.5,,ファイバーセメント,白,あり,20000,,,ファイバークレイ,ミュウ ラウンドプランター,50,50,45,45.5
ヤマテー,FM-020H50E,ファイバークレイミュウ ラウンドプランター,11号以上,50×50×45,ミュウ ラウンドプランター,45.5,,ファイバーセメント,灰,あり,20000,,,ファイバークレイ,ミュウ ラウンドプランター,50,50,45,45.5
ヤマテー,FM-020W40E,ファイバークレイミュウ ラウンドプランター,10号,40×40×37,ミュウ ラウンドプランター,35.5,,ファイバーセメント,白,あり,12000,,,ファイバークレイ,ミュウ ラウンドプランター,40,40,37,35.5
ヤマテー,FM-020H40E,ファイバークレイミュウ ラウンドプランター,10号,40×40×37,ミュウ ラウンドプランター,35.5,,ファイバーセメント,灰,あり,12000,,,ファイバークレイ,ミュウ ラウンドプランター,40,40,37,35.5
ヤマテー,FM-026W54E,ファイバークレイスパイラ ボウルプランター,10号,54×54×37,スパイラ ボウルプランター,41.5,,ファイバーセメント,白,あり,18000,,,ファイバークレイ,スパイラ ボウルプランター,54,54,37,41.5
ヤマテー,FM-026H54E,ファイバークレイスパイラ ボウルプランター,10号,54×54×37,スパイラ ボウルプランター,41.5,,ファイバーセメント,灰,あり,18000,,,ファイバークレイ,スパイラ ボウルプランター,54,54,37,41.5
ヤマテー,FM-003W45E,ファイバークレイアルファ シリンダープランター,10号,45×45×44,アルファ シリンダープランター,39.5,,ファイバーセメント,白,あり,14000,,,ファイバークレイ,アルファ シリンダープランター,45,45,44,39.5
ヤマテー,FM-003K45E,ファイバークレイアルファ シリンダープランター,10号,45×45×44,アルファ シリンダープランター,39.5,,ファイバーセメント,黒,あり,14000,,,ファイバークレイ,アルファ シリンダープランター,45,45,44,39.5
ヤマテー,FM-011W45E,ファイバークレイアウゴ エッグプランター,10号,45×45×45,アウゴ エッグプランター,32,,ファイバーセメント,白,あり,16000,,,ファイバークレイ,アウゴ エッグプランター,45,45,45,32
ヤマテー,FM-011K45E,ファイバークレイアウゴ エッグプランター,10号,45×45×45,アウゴ エッグプランター,32,,ファイバーセメント,黒,あり,16000,,,ファイバークレイ,アウゴ エッグプランター,45,45,45,32
ヤマテー,FM-027W43E,ファイバークレイヘクサ 多面体プランター,8号,48×38×43,ヘクサ 多面体プランター,31.5,,ファイバーセメント,白,あり,22000,,,ファイバークレイ,ヘクサ 多面体プランター,48,38,43,31.5
ヤマテー,FM-027H43E,ファイバークレイヘクサ 多面体プランター,8号,48×38×43,ヘクサ 多面体プランター,31.5,,ファイバーセメント,灰,あり,22000,,,ファイバークレイ,ヘクサ 多面体プランター,48,38,43,31.5
ヤマテー,FM-028W51E,ファイバークレイデルタ 多面体プランター,10号,40×40×51,デルタ 多面体プランター,33.5,,ファイバーセメント,白,あり,18000,,,ファイバークレイ,デルタ 多面体プランター,40,40,51,33.5
ヤマテー,FM-028H51E,ファイバークレイデルタ 多面体プランター,10号,40×40×51,デルタ 多面体プランター,33.5,,ファイバーセメント,灰,あり,18000,,,ファイバークレイ,デルタ 多面体プランター,40,40,51,33.5
ヤマテー,FM-P02W38E,ファイバークレイオクト P テラゾ ミドル / トール,10号,38×38×38,オクト P テラゾ ミドル / トール,35,,ファイバーセメント,,あり,13000,,,ファイバークレイ,オクト P テラゾ ミドル / トール,38,38,38,35
ヤマテー,FM-P04W70E,ファイバークレイオクト P テラゾ ミドル / トール,8号,35×35×70,オクト P テラゾ ミドル / トール,32,,ファイバーセメント,,あり,23000,,,ファイバークレイ,オクト P テラゾ ミドル / トール,35,35,70,32
ヤマテー,FM-015S36E,ファイバークレイポディ レギッドプランター,8号,36×36×55,ポディ レギッドプランター,26,,ファイバーセメント,サンド,あり,13000,,,ファイバークレイ,ポディ レギッドプランター,36,36,55,26
ヤマテー,FM-015H36E,ファイバークレイポディ レギッドプランター,8号,36×36×55,ポディ レギッドプランター,26,,ファイバーセメント,グレー,あり,13000,,,ファイバークレイ,ポディ レギッドプランター,36,36,55,26
ヤマテー,FM-014S39E,ファイバークレイバーラ バルーンプランター,8号,39×39×35,バーラ バルーンプランター,32.5,,ファイバーセメント,サンド,あり,12000,,,ファイバークレイ,バーラ バルーンプランター,39,39,35,32.5
ヤマテー,FM-014H39E,ファイバークレイバーラ バルーンプランター,8号,39×39×35,バーラ バルーンプランター,32.5,,ファイバーセメント,グレー,あり,12000,,,ファイバークレイ,バーラ バルーンプランター,39,39,35,32.5
ヤマテー,FM-013S45E,ファイバークレイファイ マウントプランター,10号,45×45×38,ファイ マウントプランター,37,,ファイバーセメント,サンド,あり,18000,,,ファイバークレイ,ファイ マウントプランター,45,45,38,37
ヤマテー,FM-013H45E,ファイバークレイファイ マウントプランター,10号,45×45×38,ファイ マウントプランター,37,,ファイバーセメント,グレー,あり,18000,,,ファイバークレイ,ファイ マウントプランター,45,45,38,37
ヤマテー,FM-013S34E,ファイバークレイファイ マウントプランター,8号,34×34×29,ファイ マウントプランター,27.5,,ファイバーセメント,サンド,あり,8400,,,ファイバークレイ,ファイ マウントプランター,34,34,29,27.5
ヤマテー,FM-013H34E,ファイバークレイファイ マウントプランター,8号,34×34×29,ファイ マウントプランター,27.5,,ファイバーセメント,グレー,あり,8400,,,ファイバークレイ,ファイ マウントプランター,34,34,29,27.5
ヤマテー,FM-001D80E,ファイバークレイラムダ 長角プランター ウッド,10号,80×40×40,ラムダ 長角プランター ウッド,33.5,,ファイバーセメント,,あり,28000,,,ファイバークレイ,ラムダ 長角プランター ウッド,80,40,40,33.5
ヤマテー,FM-002D55E,ファイバークレイベータ キューブプランター ウッド,10号,55×55×55,ベータ キューブプランター ウッド,48,,ファイバーセメント,,あり,29000,,,ファイバークレイ,ベータ キューブプランター ウッド,55,55,55,48
ヤマテー,FM-002D45E,ファイバークレイベータ キューブプランター ウッド,8号,45×45×45,ベータ キューブプランター ウッド,39.5,,ファイバーセメント,,あり,18000,,,ファイバークレイ,ベータ キューブプランター ウッド,45,45,45,39.5
ヤマテー,FM-003D45E,ファイバークレイアルファ シリンダープランター ウッド,10号,45×45×44,アルファ シリンダープランター ウッド,39.5,,ファイバーセメント,,あり,15000,,,ファイバークレイ,アルファ シリンダープランター ウッド,45,45,44,39.5
ヤマテー,FM-003D36E,ファイバークレイアルファ シリンダープランター ウッド,10号,36×36×34.5,アルファ シリンダープランター ウッド,31.5,,ファイバーセメント,,あり,9500,,,ファイバークレイ,アルファ シリンダープランター ウッド,36,36,34.5,31.5
ヤマテー,FM-001A10G,ファイバークレイラムダ 長角プランター アンスラサイト,10号,98×47×76,ラムダ 長角プランター アンスラサイト,40.5,,ファイバーセメント,,あり,42000,,,ファイバークレイ,ラムダ 長角プランター アンスラサイト,98,47,76,40.5
ヤマテー,FM-001A80G,ファイバークレイラムダ 長角プランター アンスラサイト,10号,80×38×41,ラムダ 長角プランター アンスラサイト,33,,ファイバーセメント,,あり,26000,,,ファイバークレイ,ラムダ 長角プランター アンスラサイト,80,38,41,33
ヤマテー,FM-002A55G,ファイバークレイベータ キューブプランター アンスラサイト,11号以上,55×55×55,ベータ キューブプランター アンスラサイト,47.5,,ファイバーセメント,,あり,29000,,,ファイバークレイ,ベータ キューブプランター アンスラサイト,55,55,55,47.5
ヤマテー,FM-002A45G,ファイバークレイベータ キューブプランター アンスラサイト,10号,45×45×45,ベータ キューブプランター アンスラサイト,38.5,,ファイバーセメント,,あり,18000,,,ファイバークレイ,ベータ キューブプランター アンスラサイト,45,45,45,38.5
ヤマテー,FM-001S10E,ファイバークレイラムダ 長方形プランター サンドストーン,10号,98×47×76,ラムダ 長方形プランター サンドストーン,42.5,,ファイバーセメント,,あり,42000,,,ファイバークレイ,ラムダ 長方形プランター サンドストーン,98,47,76,42.5
ヤマテー,FM-001S80E,ファイバークレイラムダ 長方形プランター サンドストーン,10号,80×38×41,ラムダ 長方形プランター サンドストーン,34,,ファイバーセメント,,あり,26000,,,ファイバークレイ,ラムダ 長方形プランター サンドストーン,80,38,41,34
ヤマテー,LA-002K19E,ラヴァボウル,10号,57×57×42,ボウル,46.5,,ファイバーセメント,,あり,29000,,,ラヴァ,ボウル,57,57,42,46.5
ヤマテー,LA-002K14E,ラヴァボウル,8号,42×42×32,ボウル,34,,ファイバーセメント,,あり,15000,,,ラヴァ,ボウル,42,42,32,34
ヤマテー,KOL-CT2X6E,コルテナキューブ,11号以上,60×60×60,キューブ,51,,コールテン鋼,,あり,52000,,,コルテナ,キューブ,60,60,60,51
ヤマテー,KOL-CT2X5E,コルテナキューブ,11号以上,50×50×50,キューブ,42,,コールテン鋼,,あり,35000,,,コルテナ,キューブ,50,50,50,42
ヤマテー,KOL-CT2X4E,コルテナキューブ,10号,40×40×40,キューブ,34,,コールテン鋼,,あり,23000,,,コルテナ,キューブ,40,40,40,34
ヤマテー,KOL-CT3X8E,コルテナミドルキューブ ,11号以上,80×80×60,ミドルキューブ ,68,,コールテン鋼,,あり,89000,,,コルテナ,ミドルキューブ ,80,80,60,68
ヤマテー,KOL-CT3X6E,コルテナミドルキューブ ,11号以上,65×65×48,ミドルキューブ ,55,,コールテン鋼,,あり,56000,,,コルテナ,ミドルキューブ ,65,65,48,55
ヤマテー,KOL-CT1X1E,コルテナレクト,11号以上,100×40×45,レクト,33,,コールテン鋼,,あり,46000,,,コルテナ,レクト,100,40,45,33
ヤマテー,KOL-CT1X8E,コルテナレクト,11号以上,80×32×37,レクト,26,,コールテン鋼,,あり,30000,,,コルテナ,レクト,80,32,37,26
ヤマテー,KOL-CT4X5E,コルテナシリンダー,11号以上,53×53×50,シリンダー,42.5,,コールテン鋼,,あり,36000,,,コルテナ,シリンダー,53,53,50,42.5
ヤマテー,KOL-CT4X4E,コルテナシリンダー,11号以上,41×41×39,シリンダー,32.5,,亜鉛メッキスチール鋼板,,あり,23000,,,コルテナ,シリンダー,41,41,39,32.5
ヤマテー,KOL-G02W55,グリーンモジュールキューブ,11号以上,55×55×55,キューブ,49,,亜鉛メッキスチール鋼板,アイボリー,あり,21000,,,グリーンモジュール,キューブ,55,55,55,49
ヤマテー,KOL-G02K55,グリーンモジュールキューブ,11号以上,55×55×55,キューブ,49,,亜鉛メッキスチール鋼板,ダークグレー,あり,21000,,,グリーンモジュール,キューブ,55,55,55,49
ヤマテー,KOL-G02W45,グリーンモジュールキューブ,10号,45×45×45,キューブ,39,,亜鉛メッキスチール鋼板,アイボリー,あり,17000,,,グリーンモジュール,キューブ,45,45,45,39
ヤマテー,KOL-G02K45,グリーンモジュールキューブ,10号,45×45×45,キューブ,39,,亜鉛メッキスチール鋼板,ダークグレー,あり,17000,,,グリーンモジュール,キューブ,45,45,45,39
ヤマテー,KOL-G02W35,グリーンモジュールキューブ,8号,35×35×35,キューブ,29,,亜鉛メッキスチール鋼板,アイボリー,あり,12000,,,グリーンモジュール,キューブ,35,35,35,29
ヤマテー,KOL-G02K35,グリーンモジュールキューブ,8号,35×35×35,キューブ,29,,亜鉛メッキスチール鋼板,ダークグレー,あり,12000,,,グリーンモジュール,キューブ,35,35,35,29
ヤマテー,KOL-G03W80,グリーンモジュールパーティション,8号,80×35×80,パーティション,25.5,,亜鉛メッキスチール鋼板,アイボリー,あり,32000,,,グリーンモジュール,パーティション,80,35,80,25.5
ヤマテー,KOL-G03K80,グリーンモジュールパーティション,8号,80×35×80,パーティション,25.5,,亜鉛メッキスチール鋼板,ダークグレー,あり,32000,,,グリーンモジュール,パーティション,80,35,80,25.5
ヤマテー,KOL-G03W60,グリーンモジュールパーティション,8号,60×35×80,パーティション,21,,亜鉛メッキスチール鋼板,アイボリー,あり,29000,,,グリーンモジュール,パーティション,60,35,80,21
ヤマテー,KOL-G03K60,グリーンモジュールパーティション,8号,60×35×80,パーティション,21,,亜鉛メッキスチール鋼板,ダークグレー,あり,29000,,,グリーンモジュール,パーティション,60,35,80,21
ヤマテー,KOL-G04W80,グリーンモジュールピラー,8号,35×35×80,ピラー,29,,亜鉛メッキスチール鋼板,アイボリー,あり,18000,,,グリーンモジュール,ピラー,35,35,80,29
ヤマテー,KOL-G04K80,グリーンモジュールピラー,8号,35×35×80,ピラー,29,,亜鉛メッキスチール鋼板,ダークグレー,あり,18000,,,グリーンモジュール,ピラー,35,35,80,29
ヤマテー,FE-701W13C,フェルムシリンダー キャスター付,10号,40×40×42,シリンダー キャスター付,40,,スチール,アイボリー,なし,28000,,,フェルム,シリンダー キャスター付,40,40,42,40
ヤマテー,FE-701K13C,フェルムシリンダー キャスター付,10号,40×40×42,シリンダー キャスター付,40,,スチール,ブラック,なし,28000,,,フェルム,シリンダー キャスター付,40,40,42,40
ヤマテー,FE-701G13C,フェルムシリンダー キャスター付,10号,40×40×42,シリンダー キャスター付,40,,スチール,オリーブグリーン,なし,28000,,,フェルム,シリンダー キャスター付,40,40,42,40
ヤマテー,FE-701A13C,フェルムシリンダー キャスター付,10号,40×40×42,シリンダー キャスター付,40,,スチール,アルミニウム,なし,35000,,,フェルム,シリンダー キャスター付,40,40,42,40
ヤマテー,FE-701W10C,フェルムシリンダー キャスター付,8号,33×33×35,シリンダー キャスター付,33,,スチール,アイボリー,なし,21000,,,フェルム,シリンダー キャスター付,33,33,35,33
ヤマテー,FE-701K10C,フェルムシリンダー キャスター付,8号,33×33×35,シリンダー キャスター付,33,,スチール,ブラック,なし,21000,,,フェルム,シリンダー キャスター付,33,33,35,33
ヤマテー,FE-701G10C,フェルムシリンダー キャスター付,8号,33×33×35,シリンダー キャスター付,33,,スチール,オリーブグリーン,なし,21000,,,フェルム,シリンダー キャスター付,33,33,35,33
ヤマテー,FE-701A10C,フェルムシリンダー キャスター付,8号,33×33×35,シリンダー キャスター付,33,,スチール,アルミニウム,なし,24000,,,フェルム,シリンダー キャスター付,33,33,35,33
ヤマテー,FE-701W13E,フェルムシリンダー,10号,38×38×38,シリンダー,38,,スチール,アイボリー,なし,22000,,,フェルム,シリンダー,38,38,38,38
ヤマテー,FE-701K13E,フェルムシリンダー,10号,38×38×38,シリンダー,38,,スチール,ブラック,なし,22000,,,フェルム,シリンダー,38,38,38,38
ヤマテー,FE-701G13E,フェルムシリンダー,10号,38×38×38,シリンダー,38,,スチール,オリーブグリーン,なし,22000,,,フェルム,シリンダー,38,38,38,38
ヤマテー,FE-701A13E,フェルムシリンダー,10号,38×38×38,シリンダー,38,,スチール,アルミニウム,なし,25000,,,フェルム,シリンダー,38,38,38,38
ヤマテー,FE-701W10E,フェルムシリンダー,8号,31×31×31,シリンダー,31,,スチール,アイボリー,なし,14000,,,フェルム,シリンダー,31,31,31,31
ヤマテー,FE-701K10E,フェルムシリンダー,8号,31×31×31,シリンダー,31,,スチール,ブラック,なし,14000,,,フェルム,シリンダー,31,31,31,31
ヤマテー,FE-701G10E,フェルムシリンダー,8号,31×31×31,シリンダー,31,,スチール,オリーブグリーン,なし,14000,,,フェルム,シリンダー,31,31,31,31
ヤマテー,FE-701A10E,フェルムシリンダー,8号,31×31×31,シリンダー,31,,スチール,アルミニウム,なし,16000,,,フェルム,シリンダー,31,31,31,31
ヤマテー,FE-702W80C,フェルムオーバル キャスター付,10号,80×38×42,オーバル キャスター付,37.5,,スチール,アイボリー,なし,46000,,,フェルム,オーバル キャスター付,80,38,42,37.5
ヤマテー,FE-702G80C,フェルムオーバル キャスター付,10号,80×38×42,オーバル キャスター付,37.5,,スチール,オリーブグリーン,なし,46000,,,フェルム,オーバル キャスター付,80,38,42,37.5
ヤマテー,FE-702W60C,フェルムオーバル キャスター付,8号,60×30×34,オーバル キャスター付,29.5,,スチール,アイボリー,なし,29000,,,フェルム,オーバル キャスター付,60,30,34,29.5
ヤマテー,FE-702G60C,フェルムオーバル キャスター付,8号,60×30×34,オーバル キャスター付,29.5,,スチール,オリーブグリーン,なし,29000,,,フェルム,オーバル キャスター付,60,30,34,29.5
ヤマテー,FE-703W10E,フェルムレギッド,8号,29×29×33,レギッド,28.5,,スチール,アイボリー,なし,12000,,,フェルム,レギッド,29,29,33,28.5
ヤマテー,FE-703K10E,フェルムレギッド,8号,29×29×33,レギッド,28.5,,スチール,ブラック,なし,12000,,,フェルム,レギッド,29,29,33,28.5
ヤマテー,FE-703G10E,フェルムレギッド,8号,29×29×33,レギッド,28.5,,スチール,オリーブグリーン,なし,12000,,,フェルム,レギッド,29,29,33,28.5
ヤマテー,FE-711W48E,フェルムウルナ,10号,48×48×40,ウルナ,35,,スチール,アイボリー,なし,24000,,,フェルム,ウルナ,48,48,40,35
ヤマテー,FE-711K48E,フェルムウルナ,10号,48×48×40,ウルナ,35,,スチール,ブラック,なし,24000,,,フェルム,ウルナ,48,48,40,35
ヤマテー,FE-711W40E,フェルムウルナ,8号,40×40×33,ウルナ,28,,スチール,アイボリー,なし,16000,,,フェルム,ウルナ,40,40,33,28
ヤマテー,FE-711K40E,フェルムウルナ,8号,40×40×33,ウルナ,28,,スチール,ブラック,なし,16000,,,フェルム,ウルナ,40,40,33,28
ヤマテー,FE-713W45E,フェルムアヌリ,10号,45×45×48,アヌリ,36,,スチール,アイボリー,なし,33000,,,フェルム,アヌリ,45,45,48,36
ヤマテー,FE-713K45E,フェルムアヌリ,10号,45×45×48,アヌリ,36,,スチール,ブラック,なし,33000,,,フェルム,アヌリ,45,45,48,36
ヤマテー,FE-713W36E,フェルムアヌリ,8号,36×36×39,アヌリ,29,,スチール,アイボリー,なし,21000,,,フェルム,アヌリ,36,36,39,29
ヤマテー,FE-713K36E,フェルムアヌリ,8号,36×36×39,アヌリ,29,,スチール,ブラック,なし,21000,,,フェルム,アヌリ,36,36,39,29
ヤマテー,FE-715W40E,フェルムユーポット,10号,40×40×44,ユーポット,35,,スチール,アイボリー,なし,24000,,,フェルム,ユーポット,40,40,44,35
ヤマテー,FE-715K40E,フェルムユーポット,10号,40×40×44,ユーポット,35,,スチール,ブラック,なし,24000,,,フェルム,ユーポット,40,40,44,35
ヤマテー,FE-715W33E,フェルムユーポット,8号,33×33×31,ユーポット,30,,スチール,アイボリー,なし,15000,,,フェルム,ユーポット,33,33,31,30
ヤマテー,FE-715K33E,フェルムユーポット,8号,33×33×31,ユーポット,30,,スチール,ブラック,なし,15000,,,フェルム,ユーポット,33,33,31,30
ヤマテー,FE-712W45E,フェルムインワード,10号,45×45×40,インワード,36,,スチール,アイボリー,なし,22000,,,フェルム,インワード,45,45,40,36
ヤマテー,FE-712K45E,フェルムインワード,10号,45×45×40,インワード,36,,スチール,ブラック,なし,22000,,,フェルム,インワード,45,45,40,36
ヤマテー,FE-712W37E,フェルムインワード,8号,37×37×33,インワード,30,,スチール,アイボリー,なし,14000,,,フェルム,インワード,37,37,33,30
ヤマテー,FE-712K37E,フェルムインワード,8号,37×37×33,インワード,30,,スチール,ブラック,なし,14000,,,フェルム,インワード,37,37,33,30
ヤマテー,FE-714W65E,フェルムロング,8号,32×32×65,ロング,27.5,,スチール,アイボリー,なし,23000,,,フェルム,ロング,32,32,65,27.5
ヤマテー,FE-714K65E,フェルムロング,8号,32×32×65,ロング,27.5,,スチール,ブラック,なし,23000,,,フェルム,ロング,32,32,65,27.5
ヤマテー,AW-001G54E,アンワールアリフ,10号,66×66×54,アリフ,41,,アルミ,アンティークゴールド,なし,62000,,,アンワール,アリフ,66,66,54,41
ヤマテー,AW-001K54E,アンワールアリフ,10号,66×66×54,アリフ,41,,アルミ,ミンクブラック,なし,62000,,,アンワール,アリフ,66,66,54,41
ヤマテー,AW-001G41E,アンワールアリフ,8号,53×53×41,アリフ,30,,アルミ,アンティークゴールド,なし,38000,,,アンワール,アリフ,53,53,41,30
ヤマテー,AW-001K41E,アンワールアリフ,8号,53×53×41,アリフ,30,,アルミ,ミンクブラック,なし,38000,,,アンワール,アリフ,53,53,41,30
ヤマテー,AW-002G68E,アンワールハムザ,8号,51×51×68,ハムザ,30,,アルミ,アンティークゴールド,なし,48000,,,アンワール,ハムザ,51,51,68,30
ヤマテー,AW-002K68E,アンワールハムザ,8号,51×51×68,ハムザ,30,,アルミ,ミンクブラック,なし,48000,,,アンワール,ハムザ,51,51,68,30
ヤマテー,AW-002G50E,アンワールハムザ,8号,51×51×50,ハムザ,30,,アルミ,アンティークゴールド,なし,38000,,,アンワール,ハムザ,51,51,50,30
ヤマテー,AW-002K50E,アンワールハムザ,8号,51×51×50,ハムザ,30,,アルミ,ミンクブラック,なし,38000,,,アンワール,ハムザ,51,51,50,30
ヤマテー,AW-003G43E,アンワールガイン,10号,51×51×43.5,ガイン,40.5,,アルミ,アンティークゴールド,なし,38000,,,アンワール,ガイン,51,51,43.5,40.5
ヤマテー,AW-003K43E,アンワールガイン,10号,51×51×43.5,ガイン,40.5,,アルミ,ミンクブラック,なし,38000,,,アンワール,ガイン,51,51,43.5,40.5
ヤマテー,AW-003G30E,アンワールガイン,8号,36×36×30.5,ガイン,25.5,,アルミ,アンティークゴールド,なし,19000,,,アンワール,ガイン,36,36,30.5,25.5
ヤマテー,AW-003K30E,アンワールガイン,8号,36×36×30.5,ガイン,25.5,,アルミ,ミンクブラック,なし,19000,,,アンワール,ガイン,36,36,30.5,25.5
ヤマテー,AW-004G57E,アンワールカーフ,10号,55×55×57,カーフ,49,,アルミ,アンティークゴールド,なし,58000,,,アンワール,カーフ,55,55,57,49
ヤマテー,AW-004K57E,アンワールカーフ,10号,55×55×57,カーフ,49,,アルミ,ミンクブラック,なし,58000,,,アンワール,カーフ,55,55,57,49
ヤマテー,AW-004G44E,アンワールカーフ,8号,40×40×44,カーフ,36,,アルミ,アンティークゴールド,なし,32000,,,アンワール,カーフ,40,40,44,36
ヤマテー,AW-004K44E,アンワールカーフ,8号,40×40×44,カーフ,36,,アルミ,ミンクブラック,なし,32000,,,アンワール,カーフ,40,40,44,36
ヤマテー,PP-TU1K40E,プロスパートゥーボ,10号,39×39×37.5,トゥーボ,38,,ポリプロピレン樹脂,アンスラサイト,あり,7400,,,プロスパー,トゥーボ,39,39,37.5,38
ヤマテー,PP-TU1Y40E,プロスパートゥーボ,10号,39×39×37.5,トゥーボ,38,,ポリプロピレン樹脂,マスタード,あり,7400,,,プロスパー,トゥーボ,39,39,37.5,38
ヤマテー,PP-TU1K35E,プロスパートゥーボ,8号,34×34×32.5,トゥーボ,33,,ポリプロピレン樹脂,アンスラサイト,あり,4800,,,プロスパー,トゥーボ,34,34,32.5,33
ヤマテー,PP-TU1Y35E,プロスパートゥーボ,8号,34×34×32.5,トゥーボ,33,,ポリプロピレン樹脂,マスタード,あり,4800,,,プロスパー,トゥーボ,34,34,32.5,33
ヤマテー,PP-TU1C40E,プロスパートゥーボ B,10号,39×39×37.5,トゥーボ B,38,,ポリプロピレン樹脂,クリーム,あり,8400,,,プロスパー,トゥーボ B,39,39,37.5,38
ヤマテー,PP-TU1H40E,プロスパートゥーボ B,10号,39×39×37.5,トゥーボ B,38,,ポリプロピレン樹脂,マレンゴ,あり,8400,,,プロスパー,トゥーボ B,39,39,37.5,38
ヤマテー,PP-TU1C35E,プロスパートゥーボ B,8号,34×34×32.5,トゥーボ B,33,,ポリプロピレン樹脂,クリーム,あり,5400,,,プロスパー,トゥーボ B,34,34,32.5,33
ヤマテー,PP-TU1H35E,プロスパートゥーボ B,8号,34×34×32.5,トゥーボ B,33,,ポリプロピレン樹脂,マレンゴ,あり,5400,,,プロスパー,トゥーボ B,34,34,32.5,33
ヤマテー,AR-001H43E,アートストーンコニック,8号,43×43×39,コニック,40.5,,ポリプロピレン樹脂,グレー,あり,8600,,,アートストーン,コニック,43,43,39,40.5
ヤマテー,AR-001K43E,アートストーンコニック,8号,43×43×39,コニック,40.5,,ポリプロピレン樹脂,ブラック,あり,8600,,,アートストーン,コニック,43,43,39,40.5
ヤマテー,AR-001C43E,アートストーンコニック,8号,43×43×39,コニック,40.5,,ポリプロピレン樹脂,ブラウン,あり,8600,,,アートストーン,コニック,43,43,39,40.5
ヤマテー,AR-002H38E,アートストーンラウンド,8号,38×38×33,ラウンド,37,,ポリプロピレン樹脂,グレー,あり,6900,,,アートストーン,ラウンド,38,38,33,37
ヤマテー,AR-002K38E,アートストーンラウンド,8号,38×38×33,ラウンド,37,,ポリプロピレン樹脂,ブラック,あり,6900,,,アートストーン,ラウンド,38,38,33,37
ヤマテー,AR-002C38E,アートストーンラウンド,8号,38×38×33,ラウンド,37,,ポリプロピレン樹脂,ブラウン,あり,6900,,,アートストーン,ラウンド,38,38,33,37
ヤマテー,KT-902H15E,コントンポットシン,10号,45×45×37,シン,41,,陶器,ブラウンクレイ,あり,33000,,,コントンポット,シン,45,45,37,41
ヤマテー,KT-902W15E,コントンポットシン,10号,45×45×37,シン,41,,陶器,ベージュクレイ,あり,33000,,,コントンポット,シン,45,45,37,41
ヤマテー,KT-902H12E,コントンポットシン,8号,35×35×30,シン,31,,陶器,ブラウンクレイ,あり,18000,,,コントンポット,シン,35,35,30,31
ヤマテー,KT-902W12E,コントンポットシン,8号,35×35×30,シン,31,,陶器,ベージュクレイ,あり,18000,,,コントンポット,シン,35,35,30,31
ヤマテー,KT-905H11E,コントンポットキシャル,8号,33×33×36.5,キシャル,29,,陶器,ブラウンクレイ,あり,16000,,,コントンポット,キシャル,33,33,36.5,29
ヤマテー,KT-905W11E,コントンポットキシャル,8号,33×33×36.5,キシャル,29,,陶器,ベージュクレイ,あり,16000,,,コントンポット,キシャル,33,33,36.5,29
ヤマテー,KT-903H15E,コントンポットベス,10号,45×45×38,ベス,35,,陶器,ブラウンクレイ,あり,29000,,,コントンポット,ベス,45,45,38,35
ヤマテー,KT-903W15E,コントンポットベス,10号,45×45×38,ベス,35,,陶器,ベージュクレイ,あり,29000,,,コントンポット,ベス,45,45,38,35
ヤマテー,KT-903H12E,コントンポットベス,8号,36×36×30,ベス,27,,陶器,ブラウンクレイ,あり,16000,,,コントンポット,ベス,36,36,30,27
ヤマテー,KT-903W12E,コントンポットベス,8号,36×36×30,ベス,27,,陶器,ベージュクレイ,あり,16000,,,コントンポット,ベス,36,36,30,27
ヤマテー,KT-901H21E,コントンポットアンシャル,11号以上,65×65×55,アンシャル,60.5,,陶器,ブラウンクレイ,あり,48000,,,コントンポット,アンシャル,65,65,55,60.5
ヤマテー,KT-901W21E,コントンポットアンシャル,11号以上,65×65×55,アンシャル,60.5,,陶器,ベージュクレイ,あり,48000,,,コントンポット,アンシャル,65,65,55,60.5
ヤマテー,KT-901H19E,コントンポットアンシャル,11号以上,55×55×47,アンシャル,49.5,,陶器,ブラウンクレイ,あり,38000,,,コントンポット,アンシャル,55,55,47,49.5
ヤマテー,KT-901W19E,コントンポットアンシャル,11号以上,55×55×47,アンシャル,49.5,,陶器,ベージュクレイ,あり,38000,,,コントンポット,アンシャル,55,55,47,49.5
ヤマテー,KT-901H15E,コントンポットアンシャル,10号,45×45×38,アンシャル,40,,陶器,ブラウンクレイ,あり,28000,,,コントンポット,アンシャル,45,45,38,40
ヤマテー,KT-901W15E,コントンポットアンシャル,10号,45×45×38,アンシャル,40,,陶器,ベージュクレイ,あり,28000,,,コントンポット,アンシャル,45,45,38,40
ヤマテー,KT-901H12E,コントンポットアンシャル,8号,37×37×32,アンシャル,33,,陶器,ブラウンクレイ,あり,16000,,,コントンポット,アンシャル,37,37,32,33
ヤマテー,KT-901W12E,コントンポットアンシャル,8号,37×37×32,アンシャル,33,,陶器,ベージュクレイ,あり,16000,,,コントンポット,アンシャル,37,37,32,33
ヤマテー,KT-904H15E,コントンポットエンリル,10号,45×45×45,エンリル,41,,陶器,ブラウンクレイ,あり,32000,,,コントンポット,エンリル,45,45,45,41
ヤマテー,KT-904W15E,コントンポットエンリル,10号,45×45×45,エンリル,41,,陶器,ベージュクレイ,あり,32000,,,コントンポット,エンリル,45,45,45,41
ヤマテー,KT-904H12E,コントンポットエンリル,8号,36×36×36,エンリル,32.5,,陶器,ブラウンクレイ,あり,18000,,,コントンポット,エンリル,36,36,36,32.5
ヤマテー,KT-904W12E,コントンポットエンリル,8号,36×36×36,エンリル,32.5,,陶器,ベージュクレイ,あり,18000,,,コントンポット,エンリル,36,36,36,32.5
ヤマテー,AS-FQ6X17E,テラアストラカペラキュビ,10号,50×50×48,カペラキュビ,42,,テラコッタ,,あり,26000,,,テラアストラ,カペラキュビ,50,50,48,42
ヤマテー,AS-FQ6X13E,テラアストラカペラキュビ,8号,38×38×38,カペラキュビ,30.5,,テラコッタ,,あり,14000,,,テラアストラ,カペラキュビ,38,38,38,30.5
ヤマテー,AS-R25X19E,テラアストラカペラ,11号以上,56×56×65,カペラ,49.5,,テラコッタ,,あり,28000,,,テラアストラ,カペラ,56,56,65,49.5
ヤマテー,AS-R25X15E,テラアストラカペラ,10号,45×45×53,カペラ,38.5,,テラコッタ,,あり,18000,,,テラアストラ,カペラ,45,45,53,38.5
ヤマテー,AS-R25X12E,テラアストラカペラ,8号,35×35×41,カペラ,29.5,,テラコッタ,,あり,7000,,,テラアストラ,カペラ,35,35,41,29.5
ヤマテー,AS-R32X19E,テラアストラシリウス,11号以上,56×56×47,シリウス,48,,テラコッタ,,あり,22000,,,テラアストラ,シリウス,56,56,47,48
ヤマテー,AS-R32X15E,テラアストラシリウス,10号,46×46×39,シリウス,39,,テラコッタ,,あり,12000,,,テラアストラ,シリウス,46,46,39,39
ヤマテー,AS-R32X12E,テラアストラシリウス,8号,35×35×29,シリウス,29,,テラコッタ,,あり,6500,,,テラアストラ,シリウス,35,35,29,29
ヤマテー,AS-R29X21E,テラアストラアダーラ,11号以上,62×62×48,アダーラ,52.5,,テラコッタ,,あり,22000,,,テラアストラ,アダーラ,62,62,48,52.5
ヤマテー,AS-R29X17E,テラアストラアダーラ,10号,52×52×40,アダーラ,45,,テラコッタ,,あり,19000,,,テラアストラ,アダーラ,52,52,40,45
ヤマテー,AS-R29X14E,テラアストラアダーラ,8号,41×41×32,アダーラ,34.5,,テラコッタ,,あり,9000,,,テラアストラ,アダーラ,41,41,32,34.5
ヤマテー,AS-R33X16E,テラアストラミモザ,11号以上,48×48×58,ミモザ,43,,テラコッタ,,あり,23000,,,テラアストラ,ミモザ,48,48,58,43
ヤマテー,AS-R33X13E,テラアストラミモザ,10号,39×39×47,ミモザ,33.5,,テラコッタ,,あり,12000,,,テラアストラ,ミモザ,39,39,47,33.5
ヤマテー,AS-R33X10E,テラアストラミモザ,8号,31×31×39,ミモザ,27.5,,テラコッタ,,あり,6600,,,テラアストラ,ミモザ,31,31,39,27.5
ヤマテー,AS-R26X17E,テラアストラベガ,10号,52×52×46,ベガ,45,,テラコッタ,,あり,23000,,,テラアストラ,ベガ,52,52,46,45
ヤマテー,AS-R26X13E,テラアストラベガ,8号,39×39×35,ベガ,33,,テラコッタ,,あり,8800,,,テラアストラ,ベガ,39,39,35,33
ヤマテー,AS-R28X19E,テラアストラリゲル,10号,57×57×48,リゲル,51,,テラコッタ,,あり,24000,,,テラアストラ,リゲル,57,57,48,51
ヤマテー,AS-R28X14E,テラアストラリゲル,8号,42×42×37,リゲル,35,,テラコッタ,,あり,12000,,,テラアストラ,リゲル,42,42,37,35
ヤマテー,AS-R30X17E,テラアストラポルックス,10号,52×52×70,ポルックス,34.5,,テラコッタ,,あり,36000,,,テラアストラ,ポルックス,52,52,70,34.5
ヤマテー,TS-R37X12E,テラトゥープラウンド ホリゾン,8号,37×37×32,ラウンド ホリゾン,31.5,,テラコッタ,,あり,7800,,,テラトゥープ,ラウンド ホリゾン,37,37,32,31.5
ヤマテー,TS-R34X17E,テラトゥープユーポット,11号以上,51×51×59,ユーポット,44.5,,テラコッタ,,あり,29000,,,テラトゥープ,ユーポット,51,51,59,44.5
ヤマテー,TS-R34X14E,テラトゥープユーポット,10号,41×41×46,ユーポット,35,,テラコッタ,,あり,16000,,,テラトゥープ,ユーポット,41,41,46,35
ヤマテー,TS-R34X10E,テラトゥープユーポット,8号,30×30×33,ユーポット,25,,テラコッタ,,あり,5800,,,テラトゥープ,ユーポット,30,30,33,25
ヤマテー,TS-R38X18E,テラトゥープベリード,10号,54.5×54.5×44,ベリード,42,,テラコッタ,,あり,24000,,,テラトゥープ,ベリード,54.5,54.5,44,42
ヤマテー,TS-R38X14E,テラトゥープベリード,8号,41×41×32,ベリード,31.5,,テラコッタ,,あり,12000,,,テラトゥープ,ベリード,41,41,32,31.5
ヤマテー,TS-R39X15E,テラトゥープトールベリード,10号,45×45×53,トールベリード,33.5,,テラコッタ,,あり,22000,,,テラトゥープ,トールベリード,45,45,53,33.5
ヤマテー,TS-R39X12E,テラトゥープトールベリード,8号,37×37×43.5,トールベリード,27,,テラコッタ,,あり,12000,,,テラトゥープ,トールベリード,37,37,43.5,27
ヤマテー,T2-205H11E,シンタンビ205 ユーポット,8号,33×33×31,205 ユーポット,28,,テラコッタ,,あり,6800,,,シンタンビ,205 ユーポット,33,33,31,28
ヤマテー,T2-203H13E,シンタンビ203 シリンダー,10号,37×37×37,203 シリンダー,33,,テラコッタ,,あり,13000,,,シンタンビ,203 シリンダー,37,37,37,33
ヤマテー,T2-203H10E,シンタンビ203 シリンダー,8号,29×29×29,203 シリンダー,26.5,,テラコッタ,,あり,7500,,,シンタンビ,203 シリンダー,29,29,29,26.5
ヤマテー,AB-LL3B17E,アビスラブカ ボウル,10号,50×50×40,ラブカ ボウル,39,,テラコッタ,ブルー,あり,26000,,,アビス,ラブカ ボウル,50,50,40,39
ヤマテー,AB-LL3G17E,アビスラブカ ボウル,10号,50×50×40,ラブカ ボウル,39,,テラコッタ,グリーン,あり,26000,,,アビス,ラブカ ボウル,50,50,40,39
ヤマテー,AB-LL3K17E,アビスラブカ ボウル,10号,50×50×40,ラブカ ボウル,39,,テラコッタ,ラスティブラック,あり,26000,,,アビス,ラブカ ボウル,50,50,40,39
ヤマテー,AB-LL3B13E,アビスラブカ ボウル,8号,40×40×30,ラブカ ボウル,31.5,,テラコッタ,ブルー,あり,15000,,,アビス,ラブカ ボウル,40,40,30,31.5
ヤマテー,AB-LL3G13E,アビスラブカ ボウル,8号,40×40×30,ラブカ ボウル,31.5,,テラコッタ,グリーン,あり,15000,,,アビス,ラブカ ボウル,40,40,30,31.5
ヤマテー,AB-LL3K13E,アビスラブカ ボウル,8号,40×40×30,ラブカ ボウル,31.5,,テラコッタ,ラスティブラック,あり,15000,,,アビス,ラブカ ボウル,40,40,30,31.5
ヤマテー,AB-SS1W16E,アビスソニア ミドル,10号,49×49×39,ソニア ミドル,41.5,,テラコッタ,クリーム,あり,24000,,,アビス,ソニア ミドル,49,49,39,41.5
ヤマテー,AB-SS1H16E,アビスソニア ミドル,10号,49×49×39,ソニア ミドル,41.5,,テラコッタ,灰,あり,24000,,,アビス,ソニア ミドル,49,49,39,41.5
ヤマテー,AB-SS1W12E,アビスソニア ミドル,8号,37×37×32,ソニア ミドル,31,,テラコッタ,クリーム,あり,12000,,,アビス,ソニア ミドル,37,37,32,31
ヤマテー,AB-SS1H12E,アビスソニア ミドル,8号,37×37×32,ソニア ミドル,31,,テラコッタ,灰,あり,12000,,,アビス,ソニア ミドル,37,37,32,31
ヤマテー,AB-SS2W15E,アビスソニア トール,10号,44×44×59,ソニア トール,36,,テラコッタ,クリーム,あり,32000,,,アビス,ソニア トール,44,44,59,36
ヤマテー,AB-SS2H15E,アビスソニア トール,10号,44×44×59,ソニア トール,36,,テラコッタ,灰,あり,32000,,,アビス,ソニア トール,44,44,59,36
ヤマテー,AB-SS2W12E,アビスソニア トール,8号,35×35×45,ソニア トール,29,,テラコッタ,クリーム,あり,19000,,,アビス,ソニア トール,35,35,45,29
ヤマテー,AB-SS2H12E,アビスソニア トール,8号,35×35×45,ソニア トール,29,,テラコッタ,灰,あり,19000,,,アビス,ソニア トール,35,35,45,29
ヤマテー,AB-R47W30E,アビスネブラ ラウンド,11号以上,82×82×60,ネブラ ラウンド,76,,テラコッタ,,あり,130000,,,アビス,ネブラ ラウンド,82,82,60,76
ヤマテー,AB-R47W23E,アビスネブラ ラウンド,11号以上,69×69×53,ネブラ ラウンド,60.5,,テラコッタ,,あり,68000,,,アビス,ネブラ ラウンド,69,69,53,60.5
ヤマテー,AB-R47W18E,アビスネブラ ラウンド,11号以上,55×55×42,ネブラ ラウンド,46.5,,テラコッタ,,あり,46000,,,アビス,ネブラ ラウンド,55,55,42,46.5
ヤマテー,AB-R47W16E,アビスネブラ ラウンド,10号,47×47×39,ネブラ ラウンド,41,,テラコッタ,,あり,28000,,,アビス,ネブラ ラウンド,47,47,39,41
ヤマテー,AB-R47W12E,アビスネブラ ラウンド,8号,37×37×33,ネブラ ラウンド,32,,テラコッタ,,あり,13000,,,アビス,ネブラ ラウンド,37,37,33,32
ヤマテー,AB-R44W25E,アビスネブラ トール,11号以上,75×75×92,ネブラ トール,61,,テラコッタ,,あり,120000,,,アビス,ネブラ トール,75,75,92,61
ヤマテー,AB-R44W20E,アビスネブラ トール,11号以上,60×60×77,ネブラ トール,53,,テラコッタ,,あり,74000,,,アビス,ネブラ トール,60,60,77,53
ヤマテー,AB-R44W15E,アビスネブラ トール,10号,45×45×54,ネブラ トール,38,,テラコッタ,,あり,38000,,,アビス,ネブラ トール,45,45,54,38
ヤマテー,AB-R44W12E,アビスネブラ トール,8号,35×35×44,ネブラ トール,29,,テラコッタ,,あり,22000,,,アビス,ネブラ トール,35,35,44,29
ヤマテー,VR-004C17E,ウーヌムジャー,10号,50×50×50,ジャー,40,,釉薬陶器,,あり,42000,,,ウーヌム,ジャー,50,50,50,40
ヤマテー,VR-004C13E,ウーヌムジャー,8号,40×40×40,ジャー,32,,釉薬陶器,,あり,25000,,,ウーヌム,ジャー,40,40,40,32
ヤマテー,VR-005C17E,ウーヌムジャー トール,10号,50×50×70,ジャー トール,40,,釉薬陶器,,あり,58000,,,ウーヌム,ジャー トール,50,50,70,40
ヤマテー,VR-001C14E,ウーヌムユーポット,10号,40×40×45,ユーポット,33,,釉薬陶器,,あり,36000,,,ウーヌム,ユーポット,40,40,45,33
ヤマテー,VR-001C10E,ウーヌムユーポット,8号,29.5×29.5×31,ユーポット,24.5,,釉薬陶器,,あり,14000,,,ウーヌム,ユーポット,29.5,29.5,31,24.5
ヤマテー,VR-M01B55E,ウーヌムケロネ MD,10号,55×55×45,ケロネ MD,46,,釉薬陶器,,あり,45000,,,ウーヌム,ケロネ MD,55,55,45,46
ヤマテー,VR-M01B43E,ウーヌムケロネ MD,8号,43×43×35,ケロネ MD,36,,釉薬陶器,,あり,28000,,,ウーヌム,ケロネ MD,43,43,35,36
ヤマテー,VR-M02B60E,ウーヌムケロネ TL,10号,55×55×60,ケロネ TL,47,,釉薬陶器,,あり,58000,,,ウーヌム,ケロネ TL,55,55,60,47
ヤマテー,VR-M02B46E,ウーヌムケロネ TL,8号,42×42×46,ケロネ TL,35.5,,釉薬陶器,,あり,34000,,,ウーヌム,ケロネ TL,42,42,46,35.5
ヤマテー,VT-011W13P,ビトロビトロ エンデカ 受け皿付き 旧型,10号,38×38×36.5,ビトロ エンデカ 受け皿付き 旧型,33.5,,釉薬陶器,クリーム釉,あり,18000,,,ビトロ,ビトロ エンデカ 受け皿付き 旧型,38,38,36.5,33.5
ヤマテー,VT-011B13P,ビトロビトロ エンデカ 受け皿付き 旧型,10号,38×38×36.5,ビトロ エンデカ 受け皿付き 旧型,33.5,,釉薬陶器,ブルー釉,あり,18000,,,ビトロ,ビトロ エンデカ 受け皿付き 旧型,38,38,36.5,33.5
ヤマテー,VT-011T13P,ビトロビトロ エンデカ 受け皿付き 旧型,10号,38×38×36.5,ビトロ エンデカ 受け皿付き 旧型,33.5,,釉薬陶器,ターコイズ釉,あり,18000,,,ビトロ,ビトロ エンデカ 受け皿付き 旧型,38,38,36.5,33.5
ヤマテー,VT-011D13P,ビトロビトロ エンデカ 受け皿付き 旧型,10号,38×38×36.5,ビトロ エンデカ 受け皿付き 旧型,33.5,,釉薬陶器,ゴールド釉,あり,22000,,,ビトロ,ビトロ エンデカ 受け皿付き 旧型,38,38,36.5,33.5
ヤマテー,VT-011W13V,ビトロビトロ エンデカ インナーポット付き 旧型,10号,38×38×35.5,ビトロ エンデカ インナーポット付き 旧型,33.5,,釉薬陶器,クリーム釉,あり,13500,,,ビトロ,ビトロ エンデカ インナーポット付き 旧型,38,38,35.5,33.5
ヤマテー,VT-011B13V,ビトロビトロ エンデカ インナーポット付き 旧型,10号,38×38×35.5,ビトロ エンデカ インナーポット付き 旧型,33.5,,釉薬陶器,ブルー釉,あり,13500,,,ビトロ,ビトロ エンデカ インナーポット付き 旧型,38,38,35.5,33.5
ヤマテー,VT-011T13V,ビトロビトロ エンデカ インナーポット付き 旧型,10号,38×38×35.5,ビトロ エンデカ インナーポット付き 旧型,33.5,,釉薬陶器,ターコイズ釉,あり,13500,,,ビトロ,ビトロ エンデカ インナーポット付き 旧型,38,38,35.5,33.5
ヤマテー,VT-011D13V,ビトロビトロ エンデカ インナーポット付き 旧型,10号,38×38×35.5,ビトロ エンデカ インナーポット付き 旧型,33.5,,釉薬陶器,ゴールド釉,あり,16000,,,ビトロ,ビトロ エンデカ インナーポット付き 旧型,38,38,35.5,33.5
ヤマテー,LC-001W33V,ルーケトユーポット,8号,33×33×31,ユーポット,,,陶器,オフホワイト,なし,11000,,,ルーケト,ユーポット,33,33,31,
ヤマテー,LC-001K33V,ルーケトユーポット,8号,33×33×31,ユーポット,,,陶器,ダークグレー,なし,11000,,,ルーケト,ユーポット,33,33,31,
ヤマテー,LC-003W35E,ルーケトウベ,8号,35×35×35,ウベ,31,,陶器,オフホワイト,なし,13000,,,ルーケト,ウベ,35,35,35,31
ヤマテー,LC-003K35E,ルーケトウベ,8号,35×35×35,ウベ,31,,陶器,ダークグレー,なし,13000,,,ルーケト,ウベ,35,35,35,31
ヤマテー,LC-003R35E,ルーケトウベ,8号,35×35×35,ウベ,31,,陶器,レッドクレイ,なし,13000,,,ルーケト,ウベ,35,35,35,31
ヤマテー,LC-003B35E,ルーケトウベ,8号,35×35×35,ウベ,31,,陶器,ベージュ,なし,13000,,,ルーケト,ウベ,35,35,35,31
ヤマテー,LC-004W36E,ルーケトエメ,8号,35×35×31,エメ,26.5,,陶器,オフホワイト,なし,14000,,,ルーケト,エメ,35,35,31,26.5
ヤマテー,LC-004K36E,ルーケトエメ,8号,35×35×31,エメ,26.5,,陶器,ダークグレー,なし,14000,,,ルーケト,エメ,35,35,31,26.5
ヤマテー,LC-004R36E,ルーケトエメ,8号,35×35×31,エメ,26.5,,陶器,レッドクレイ,なし,14000,,,ルーケト,エメ,35,35,31,26.5
ヤマテー,LC-004B36E,ルーケトエメ,8号,35×35×31,エメ,26.5,,陶器,ベージュ,なし,14000,,,ルーケト,エメ,35,35,31,26.5
ヤマテー,LO-M01B40E,ロマリサイクルレザー鉢カバー リジュ,10号,40×40×40,リサイクルレザー鉢カバー リジュ,38,,リサイクルレザー,ベージュ,なし,35000,,,ロマ,リサイクルレザー鉢カバー リジュ,40,40,40,38
ヤマテー,LO-M01C40E,ロマリサイクルレザー鉢カバー リジュ,10号,40×40×40,リサイクルレザー鉢カバー リジュ,38,,リサイクルレザー,ブラウン,なし,35000,,,ロマ,リサイクルレザー鉢カバー リジュ,40,40,40,38
ヤマテー,LO-M01B30E,ロマリサイクルレザー鉢カバー リジュ,8号,30×30×30,リサイクルレザー鉢カバー リジュ,28,,リサイクルレザー,ベージュ,なし,22000,,,ロマ,リサイクルレザー鉢カバー リジュ,30,30,30,28
ヤマテー,LO-M01C30E,ロマリサイクルレザー鉢カバー リジュ,8号,30×30×30,リサイクルレザー鉢カバー リジュ,28,,リサイクルレザー,ブラウン,なし,22000,,,ロマ,リサイクルレザー鉢カバー リジュ,30,30,30,28
ヤマテー,LO-M02B40E,ロマリサイクルレザー鉢カバー ジャラ,10号,40×40×40,リサイクルレザー鉢カバー ジャラ,38.5,,リサイクルレザー,ベージュ,なし,35000,,,ロマ,リサイクルレザー鉢カバー ジャラ,40,40,40,38.5
ヤマテー,LO-M02K40E,ロマリサイクルレザー鉢カバー ジャラ,10号,40×40×40,リサイクルレザー鉢カバー ジャラ,38.5,,リサイクルレザー,ブラック,なし,35000,,,ロマ,リサイクルレザー鉢カバー ジャラ,40,40,40,38.5
ヤマテー,LO-M02B30E,ロマリサイクルレザー鉢カバー ジャラ,8号,30×30×30,リサイクルレザー鉢カバー ジャラ,29,,リサイクルレザー,ベージュ,なし,22000,,,ロマ,リサイクルレザー鉢カバー ジャラ,30,30,30,29
ヤマテー,LO-M02K30E,ロマリサイクルレザー鉢カバー ジャラ,8号,30×30×30,リサイクルレザー鉢カバー ジャラ,29,,リサイクルレザー,ブラック,なし,22000,,,ロマ,リサイクルレザー鉢カバー ジャラ,30,30,30,29
ヤマテー,LO-M03G40E,ロマリサイクルレザー鉢カバー ラチタ,10号,40×40×40,リサイクルレザー鉢カバー ラチタ,38.5,,リサイクルレザー,グリーン,なし,42000,,,ロマ,リサイクルレザー鉢カバー ラチタ,40,40,40,38.5
ヤマテー,LO-M03K40E,ロマリサイクルレザー鉢カバー ラチタ,10号,40×40×40,リサイクルレザー鉢カバー ラチタ,38.5,,リサイクルレザー,ブラック,なし,42000,,,ロマ,リサイクルレザー鉢カバー ラチタ,40,40,40,38.5
ヤマテー,LO-M03G30E,ロマリサイクルレザー鉢カバー ラチタ,8号,30×30×30,リサイクルレザー鉢カバー ラチタ,28,,リサイクルレザー,グリーン,なし,26000,,,ロマ,リサイクルレザー鉢カバー ラチタ,30,30,30,28
ヤマテー,LO-M03K30E,ロマリサイクルレザー鉢カバー ラチタ,8号,30×30×30,リサイクルレザー鉢カバー ラチタ,28,,リサイクルレザー,ブラック,なし,26000,,,ロマ,リサイクルレザー鉢カバー ラチタ,30,30,30,28
ヤマテー,LO-M04C40E,ロマリサイクルレザー鉢カバー タントラ,10号,40×40×40,リサイクルレザー鉢カバー タントラ,38.5,,リサイクルレザー,キャメル,なし,45000,,,ロマ,リサイクルレザー鉢カバー タントラ,40,40,40,38.5
ヤマテー,LO-M04C30E,ロマリサイクルレザー鉢カバー タントラ,8号,30×30×30,リサイクルレザー鉢カバー タントラ,29,,リサイクルレザー,キャメル,なし,30000,,,ロマ,リサイクルレザー鉢カバー タントラ,30,30,30,29
ヤマテー,RS-001B40E,トレッサシリンド,10号,40×40×38,シリンド,36,,パラコード編み,ベージュ,なし,22000,,,トレッサ,シリンド,40,40,38,36
ヤマテー,RS-001H40E,トレッサシリンド,10号,40×40×38,シリンド,36,,パラコード編み,グレー,なし,22000,,,トレッサ,シリンド,40,40,38,36
ヤマテー,RS-001G40E,トレッサシリンド,10号,40×40×38,シリンド,36,,パラコード編み,オリーブ,なし,22000,,,トレッサ,シリンド,40,40,38,36
ヤマテー,KOL-NC2C5E,ネイチャーズキャストユーポット,11号以上,50×50×47,ユーポット,44,,naturescast,ブラウン,なし,42000,,,ネイチャーズキャスト,ユーポット,50,50,47,44
ヤマテー,KOL-NC2W5E,ネイチャーズキャストユーポット,11号以上,50×50×47,ユーポット,44,,naturescast,ベージュ,なし,42000,,,ネイチャーズキャスト,ユーポット,50,50,47,44
ヤマテー,KOL-NC2C4E,ネイチャーズキャストユーポット,10号,40×40×38.5,ユーポット,34,,naturescast,ブラウン,なし,29000,,,ネイチャーズキャスト,ユーポット,40,40,38.5,34
ヤマテー,KOL-NC2W4E,ネイチャーズキャストユーポット,10号,40×40×38.5,ユーポット,34,,naturescast,ベージュ,なし,29000,,,ネイチャーズキャスト,ユーポット,40,40,38.5,34
ヤマテー,KOL-NC2C3E,ネイチャーズキャストユーポット,8号,33×33×31,ユーポット,29,,naturescast,ブラウン,なし,20000,,,ネイチャーズキャスト,ユーポット,33,33,31,29
ヤマテー,KOL-NC2W3E,ネイチャーズキャストユーポット,8号,33×33×31,ユーポット,29,,naturescast,ベージュ,なし,20000,,,ネイチャーズキャスト,ユーポット,33,33,31,29
ヤマテー,KOL-NC1C5E,ネイチャーズキャストラウンド,11号以上,50×50×50,ラウンド,44,,naturescast,ブラウン,なし,39000,,,ネイチャーズキャスト,ラウンド,50,50,50,44
ヤマテー,KOL-NC1W5E,ネイチャーズキャストラウンド,11号以上,50×50×50,ラウンド,44,,naturescast,ベージュ,なし,39000,,,ネイチャーズキャスト,ラウンド,50,50,50,44
ヤマテー,KOL-NC1C4E,ネイチャーズキャストラウンド,10号,40×40×40,ラウンド,34,,naturescast,ブラウン,なし,29000,,,ネイチャーズキャスト,ラウンド,40,40,40,34
ヤマテー,KOL-NC1W4E,ネイチャーズキャストラウンド,10号,40×40×40,ラウンド,34,,naturescast,ベージュ,なし,29000,,,ネイチャーズキャスト,ラウンド,40,40,40,34
ヤマテー,KOL-NC1C3E,ネイチャーズキャストラウンド,8号,33×33×30,ラウンド,30.5,,naturescast,ブラウン,なし,18000,,,ネイチャーズキャスト,ラウンド,33,33,30,30.5
ヤマテー,KOL-NC1W3E,ネイチャーズキャストラウンド,8号,33×33×30,ラウンド,30.5,,naturescast,ベージュ,なし,18000,,,ネイチャーズキャスト,ラウンド,33,33,30,30.5
ヤマテー,KOL-NC4C5E,ネイチャーズキャストRシリンダー,11号以上,53×53×50,Rシリンダー,43,,naturescast,ブラウン,なし,48000,,,ネイチャーズキャスト,Rシリンダー,53,53,50,43
ヤマテー,KOL-NC4W5E,ネイチャーズキャストRシリンダー,11号以上,53×53×50,Rシリンダー,43,,naturescast,ベージュ,なし,48000,,,ネイチャーズキャスト,Rシリンダー,53,53,50,43
ヤマテー,KOL-NC4C4E,ネイチャーズキャストRシリンダー,10号,42.5×42.5×40,Rシリンダー,34,,naturescast,ブラウン,なし,34000,,,ネイチャーズキャスト,Rシリンダー,42.5,42.5,40,34
ヤマテー,KOL-NC4W4E,ネイチャーズキャストRシリンダー,10号,42.5×42.5×40,Rシリンダー,34,,naturescast,ベージュ,なし,34000,,,ネイチャーズキャスト,Rシリンダー,42.5,42.5,40,34
ヤマテー,KOL-NC4C3E,ネイチャーズキャストRシリンダー,8号,35×35×33,Rシリンダー,27,,naturescast,ブラウン,なし,22000,,,ネイチャーズキャスト,Rシリンダー,35,35,33,27
ヤマテー,KOL-NC4W3E,ネイチャーズキャストRシリンダー,8号,35×35×33,Rシリンダー,27,,naturescast,ベージュ,なし,22000,,,ネイチャーズキャスト,Rシリンダー,35,35,33,27
ヤマテー,KOL-NC5C4E,ネイチャーズキャストトールジャー,8号,45×45×70,トールジャー,30,,naturescast,ブラウン,なし,58000,,,ネイチャーズキャスト,トールジャー,45,45,70,30
ヤマテー,KOL-NC5W4E,ネイチャーズキャストトールジャー,8号,45×45×70,トールジャー,30,,naturescast,ベージュ,なし,58000,,,ネイチャーズキャスト,トールジャー,45,45,70,30
ヤマテー,KOL-NC3C5E,ネイチャーズキャストバレル,11号以上,57.5×57.5×50,バレル,41,,naturescast,ブラウン,なし,46000,,,ネイチャーズキャスト,バレル,57.5,57.5,50,41
ヤマテー,KOL-NC3W5E,ネイチャーズキャストバレル,11号以上,57.5×57.5×50,バレル,41,,naturescast,ベージュ,なし,46000,,,ネイチャーズキャスト,バレル,57.5,57.5,50,41
ヤマテー,KOL-NC3C4E,ネイチャーズキャストバレル,10号,46×46×40,バレル,34,,naturescast,ブラウン,なし,33000,,,ネイチャーズキャスト,バレル,46,46,40,34
ヤマテー,KOL-NC3W4E,ネイチャーズキャストバレル,10号,46×46×40,バレル,34,,naturescast,ベージュ,なし,33000,,,ネイチャーズキャスト,バレル,46,46,40,34
ヤマテー,KOL-NC3C3E,ネイチャーズキャストバレル,8号,38×38×36,バレル,27,,naturescast,ブラウン,なし,20000,,,ネイチャーズキャスト,バレル,38,38,36,27
ヤマテー,KOL-NC3W3E,ネイチャーズキャストバレル,8号,38×38×36,バレル,27,,naturescast,ベージュ,なし,20000,,,ネイチャーズキャスト,バレル,38,38,36,27
ヤマテー,KOL-L1A40E,ラミーオーバル,10号,49×42×40,オーバル,36,,突板＋FRP,オーク,掛け率、送料条件が異なります,48000,,,ラミー,オーバル,49,42,40,36
ヤマテー,KOL-L1K40E,ラミーオーバル,10号,49×42×40,オーバル,36,,突板＋FRP,ブラック,掛け率、送料条件が異なります,48000,,,ラミー,オーバル,49,42,40,36
ヤマテー,KOL-L2A40E,ラミースクエア,10号,42×40×40,スクエア,36,,突板＋FRP,オーク,掛け率、送料条件が異なります,48000,,,ラミー,スクエア,42,40,40,36
ヤマテー,KOL-L2K40E,ラミースクエア,10号,42×40×40,スクエア,36,,突板＋FRP,ブラック,掛け率、送料条件が異なります,48000,,,ラミー,スクエア,42,40,40,36
ヤマテー,AL-J09X43E,アルマユー,10号,43×43×41,ユー,42,,竹、水草、PP,,,19000,,,アルマ,ユー,43,43,41,42
ヤマテー,AL-J09X35E,アルマユー,8号,35.5×35.5×33,ユー,35,,竹、水草、PP,,,14000,,,アルマ,ユー,35.5,35.5,33,35
ヤマテー,AL-J04X43V,アルマミドル,10号,43×43×41.5,ミドル,34,,竹、水草、PP,,,18000,,,アルマ,ミドル,43,43,41.5,34
ヤマテー,AL-J11N40E,アルマウーブン,10号,40×40×40,ウーブン,33,,竹、水草、PP,ナチュラル,,22000,,,アルマ,ウーブン,40,40,40,33
ヤマテー,AL-J11K40E,アルマウーブン,10号,40×40×40,ウーブン,33,,竹、水草、PP,ブラック,,22000,,,アルマ,ウーブン,40,40,40,33
ヤマテー,AL-J11N30E,アルマウーブン,8号,30×30×30,ウーブン,26,,竹、水草、PP,ナチュラル,,14000,,,アルマ,ウーブン,30,30,30,26
ヤマテー,AL-J11K30E,アルマウーブン,8号,30×30×30,ウーブン,26,,竹、水草、PP,ブラック,,14000,,,アルマ,ウーブン,30,30,30,26
ヤマテー,AL-J05W45V,アルマジャー,8号,45×45×29,ジャー,27,,竹、水草、PP,白,,18000,,,アルマ,ジャー,45,45,29,27
ヤマテー,AL-J05K45V,アルマジャー,8号,45×45×29,ジャー,27,,竹、水草、PP,黒,,18000,,,アルマ,ジャー,45,45,29,27
ヤマテー,AL-P15W42V,アルマコニック,10号,42×42×37,コニック,40,,竹、水草、PP,白,,18000,,,アルマ,コニック,42,42,37,40
ヤマテー,AL-P15Y42V,アルマコニック,10号,42×42×37,コニック,40,,竹、水草、PP,黄,,18000,,,アルマ,コニック,42,42,37,40
ヤマテー,AL-P15K42V,アルマコニック,10号,42×42×37,コニック,40,,竹、水草、PP,黒,,18000,,,アルマ,コニック,42,42,37,40
ヤマテー,RC-RD1C53V,マラッカクリームウォッシュ RD,11号以上,61×61×53,クリームウォッシュ RD,51.5,,ラタン等天然素材＋FRP,,,46000,,,マラッカ,クリームウォッシュ RD,61,61,53,51.5
ヤマテー,RC-RD1C44V,マラッカクリームウォッシュ RD,11号以上,51×51×44,クリームウォッシュ RD,44.5,,ラタン等天然素材＋FRP,,,32000,,,マラッカ,クリームウォッシュ RD,51,51,44,44.5
ヤマテー,RC-RD1C37V,マラッカクリームウォッシュ RD,10号,43×43×37,クリームウォッシュ RD,36.5,,ラタン等天然素材＋FRP,,,22000,,,マラッカ,クリームウォッシュ RD,43,43,37,36.5
ヤマテー,RC-TL1C10V,マラッカクリームウォッシュ TL,10号,48×48×100,クリームウォッシュ TL,40.5,,ラタン等天然素材＋FRP,,,56000,,,マラッカ,クリームウォッシュ TL,48,48,100,40.5
ヤマテー,RC-TL1C81V,マラッカクリームウォッシュ TL,8号,38×38×81,クリームウォッシュ TL,31,,ラタン等天然素材＋FRP,,,34000,,,マラッカ,クリームウォッシュ TL,38,38,81,31
ヤマテー,SG-BB1X47E,カムランバンブー MD,11号以上,47×47×41,バンブー MD,37,,天然シーグラス又は竹＋セメント,,,29000,,,カムラン,バンブー MD,47,47,41,37
ヤマテー,SG-BB1X35E,カムランバンブー MD,8号,35×35×30,バンブー MD,28.5,,天然シーグラス又は竹＋セメント,,,15000,,,カムラン,バンブー MD,35,35,30,28.5
ヤマテー,SG-SG1X41E,カムランスパングラス RD,10号,41×41×36,スパングラス RD,34,,天然シーグラス又は竹＋セメント,,,16000,,,カムラン,スパングラス RD,41,41,36,34
ヤマテー,SG-SG1X33E,カムランスパングラス RD,8号,33×33×28,スパングラス RD,27.5,,天然シーグラス又は竹＋セメント,,,9500,,,カムラン,スパングラス RD,33,33,28,27.5
ヤマテー,RE-302X43E,リサイクルウッドキューブ (樹脂インナー付),8号,43.5×43.5×45,キューブ (樹脂インナー付),36.5,,ウッド＋PE樹脂インナー,,,22000,,,リサイクルウッド,キューブ (樹脂インナー付),43.5,43.5,45,36.5
ヤマテー,AK-002N60E,ナチュラルウッドシリンダー,11号以上,60×60×60,シリンダー,55.5,,天然木材・ラタン,,,46000,,,ナチュラルウッド,シリンダー,60,60,60,55.5
ヤマテー,AK-002N50E,ナチュラルウッドシリンダー,11号以上,50×50×50,シリンダー,46,,天然木材・ラタン,,,29000,,,ナチュラルウッド,シリンダー,50,50,50,46
ヤマテー,AK-002N40E,ナチュラルウッドシリンダー,10号,40×40×40,シリンダー,36.5,,天然木材・ラタン,,,19000,,,ナチュラルウッド,シリンダー,40,40,40,36.5
ヤマテー,TK-003X60E,ナチュラルウッドチークボード ボックス,11号以上,60×60×60,チークボード ボックス,56,,天然木材・ラタン,,,86000,,,ナチュラルウッド,チークボード ボックス,60,60,60,56
ヤマテー,TK-003X50E,ナチュラルウッドチークボード ボックス,11号以上,50×50×50,チークボード ボックス,46,,天然木材・ラタン,,,62000,,,ナチュラルウッド,チークボード ボックス,50,50,50,46
ヤマテー,TK-003X40E,ナチュラルウッドチークボード ボックス,10号,40×40×40,チークボード ボックス,36,,天然木材・ラタン,,,46000,,,ナチュラルウッド,チークボード ボックス,40,40,40,36
ヤマテー,TK-001X55E,ナチュラルウッドチークウッド コニック,11号以上,55×55×55,チークウッド コニック,46.5,,天然木材・ラタン,,,48000,,,ナチュラルウッド,チークウッド コニック,55,55,55,46.5
ヤマテー,TK-001X45E,ナチュラルウッドチークウッド コニック,10号,45×45×45,チークウッド コニック,35.5,,天然木材・ラタン,,,28000,,,ナチュラルウッド,チークウッド コニック,45,45,45,35.5
ヤマテー,TK-002X45E,ナチュラルウッドチークウッド キューブ,10号,45×45×45,チークウッド キューブ,36.5,,天然木材・ラタン,,,32000,,,ナチュラルウッド,チークウッド キューブ,45,45,45,36.5
ヤマテー,TK-002X35E,ナチュラルウッドチークウッド キューブ,8号,35×35×35,チークウッド キューブ,25,,天然木材・ラタン,,,22000,,,ナチュラルウッド,チークウッド キューブ,35,35,35,25
ヤマテー,FP-001V40E,ナチュラルウッドポウロニア ユーポット,9号,40×40×40,ポウロニア ユーポット,32,,天然木材・ラタン,バーニッシュ,,26000,,,ナチュラルウッド,ポウロニア ユーポット,40,40,40,32
ヤマテー,FP-001N40E,ナチュラルウッドポウロニア ユーポット,9号,40×40×40,ポウロニア ユーポット,32,,天然木材・ラタン,ナチュラル,,24000,,,ナチュラルウッド,ポウロニア ユーポット,40,40,40,32
ヤマテー,FP-001V30E,ナチュラルウッドポウロニア ユーポット,8号,30×30×30,ポウロニア ユーポット,24,,天然木材・ラタン,バーニッシュ,,13000,,,ナチュラルウッド,ポウロニア ユーポット,30,30,30,24
ヤマテー,FP-001N30E,ナチュラルウッドポウロニア ユーポット,8号,30×30×30,ポウロニア ユーポット,24,,天然木材・ラタン,ナチュラル,,12000,,,ナチュラルウッド,ポウロニア ユーポット,30,30,30,24
